date,Z26,H27,M27,U27,Z27,H28,M28,U28,Z28,peak_U,peak_M,y1y1_incl,y1y1_post,y1y1_reds,z28,spread_A_payU27_recv_1y1y_incl,spread_B_payU27_recv_post1y,spread_C_payU27_recv_Z28,spread_D_payM27_recv_post1y,spread_z7z8,spread_u27z26
2022-12-28,2.989999999999995,3.010000000000005,3.0349999999999966,3.055000000000007,3.069999999999993,3.0799999999999983,3.0900000000000034,3.094999999999999,3.0999999999999943,3.055000000000007,3.0349999999999966,3.0780000000000003,3.0837499999999984,3.0837499999999984,3.0999999999999943,2.299999999999347,2.8749999999991616,4.4999999999987494,4.875000000000185,3.0000000000001137,6.500000000001194
2022-12-29,2.9599999999999937,2.980000000000004,3.0049999999999955,3.0250000000000057,3.0400000000000063,3.055000000000007,3.0600000000000023,3.069999999999993,3.0849999999999937,3.0250000000000057,3.0049999999999955,3.050000000000003,3.056250000000002,3.056250000000002,3.0849999999999937,2.4999999999997247,3.1249999999996447,5.999999999998806,5.125000000000668,4.4999999999987494,6.500000000001194
2022-12-30,3.019999999999996,3.0450000000000017,3.0649999999999977,3.0900000000000034,3.105000000000004,3.1200000000000045,3.125,3.1299999999999955,3.135000000000005,3.0900000000000034,3.0649999999999977,3.1140000000000017,3.120000000000001,3.120000000000001,3.135000000000005,2.3999999999998245,2.9999999999997584,4.5000000000001705,5.500000000000327,3.0000000000001137,7.000000000000739
2023-01-02,2.9099999999999966,2.930000000000007,2.950000000000003,2.969999999999999,2.9849999999999994,3.0,3.0049999999999955,3.010000000000005,3.015000000000001,2.969999999999999,2.950000000000003,2.9939999999999998,3.0,3.0,3.015000000000001,2.400000000000091,3.0000000000001137,4.500000000000215,4.999999999999716,3.000000000000158,6.000000000000227
2023-01-03,2.7900000000000063,2.805000000000007,2.819999999999993,2.8400000000000034,2.855000000000004,2.8700000000000045,2.875,2.885000000000005,2.894999999999996,2.8400000000000034,2.819999999999993,2.8650000000000033,2.8712500000000034,2.8712500000000034,2.894999999999996,2.499999999999991,3.125,5.499999999999261,5.125000000001023,3.999999999999204,4.999999999999716
2023-01-04,2.635000000000005,2.6500000000000057,2.6700000000000017,2.6850000000000023,2.7049999999999983,2.7150000000000034,2.7249999999999943,2.730000000000004,2.7450000000000045,2.6850000000000023,2.6700000000000017,2.7120000000000006,2.71875,2.71875,2.7450000000000045,2.699999999999836,3.3749999999997726,6.000000000000227,4.8749999999998295,4.000000000000625,4.999999999999716
2023-01-05,2.7249999999999943,2.739999999999995,2.7549999999999955,2.7750000000000057,2.7849999999999966,2.7950000000000017,2.799999999999997,2.8100000000000023,2.819999999999993,2.7750000000000057,2.7549999999999955,2.7930000000000006,2.7974999999999994,2.7974999999999994,2.819999999999993,1.799999999999491,2.2499999999993747,4.4999999999987494,4.250000000000398,3.499999999999659,5.000000000001137
2023-01-06,2.5999999999999943,2.6099999999999994,2.625,2.640000000000001,2.655000000000001,2.6599999999999966,2.6700000000000017,2.674999999999997,2.6850000000000023,2.640000000000001,2.625,2.6599999999999993,2.664999999999999,2.664999999999999,2.6850000000000023,1.9999999999998241,2.4999999999998135,4.500000000000126,3.9999999999999147,3.0000000000001137,4.00000000000067
2023-01-09,2.5999999999999943,2.6099999999999994,2.625,2.644999999999996,2.655000000000001,2.6650000000000063,2.674999999999997,2.680000000000007,2.6899999999999977,2.644999999999996,2.625,2.6640000000000015,2.668750000000003,2.668750000000003,2.6899999999999977,1.9000000000005457,2.375000000000682,4.5000000000001705,4.375000000000284,3.499999999999659,4.5000000000001705
2023-01-10,2.674999999999997,2.6899999999999977,2.7099999999999937,2.7249999999999943,2.739999999999995,2.75,2.760000000000005,2.765000000000001,2.765000000000001,2.7249999999999943,2.7099999999999937,2.747999999999999,2.75375,2.75375,2.765000000000001,2.3000000000004572,2.8750000000005826,4.00000000000067,4.3750000000006395,2.500000000000613,4.999999999999716
2023-01-11,2.549999999999997,2.5649999999999977,2.5799999999999983,2.5999999999999943,2.614999999999995,2.625,2.635000000000005,2.640000000000001,2.6500000000000057,2.5999999999999943,2.5799999999999983,2.622999999999999,2.62875,2.62875,2.6500000000000057,2.3000000000004572,2.8750000000005826,5.000000000001137,4.875000000000185,3.50000000000108,4.999999999999716
2023-01-12,2.4849999999999994,2.5049999999999955,2.5250000000000057,2.5450000000000017,2.5649999999999977,2.575000000000003,2.5849999999999937,2.5900000000000034,2.594999999999999,2.5450000000000017,2.5250000000000057,2.572,2.5787499999999994,2.5787499999999994,2.594999999999999,2.699999999999836,3.3749999999997726,4.999999999999716,5.374999999999375,3.0000000000001137,6.000000000000227
2023-01-13,2.4399999999999977,2.4599999999999937,2.480000000000004,2.5,2.519999999999996,2.530000000000001,2.5400000000000063,2.549999999999997,2.555000000000007,2.5,2.480000000000004,2.528,2.535,2.535,2.555000000000007,2.8000000000000025,3.500000000000014,5.500000000000682,5.499999999999616,3.50000000000108,6.000000000000227
2023-01-16,2.4350000000000023,2.4549999999999983,2.480000000000004,2.5049999999999955,2.519999999999996,2.5349999999999966,2.5450000000000017,2.555000000000007,2.569999999999993,2.5049999999999955,2.480000000000004,2.531999999999999,2.5387500000000003,2.5387500000000003,2.569999999999993,2.7000000000003688,3.375000000000483,6.499999999999773,5.8749999999996305,4.999999999999716,6.999999999999318
2023-01-17,2.3349999999999937,2.3599999999999994,2.385000000000005,2.4099999999999966,2.430000000000007,2.450000000000003,2.4599999999999937,2.469999999999999,2.4849999999999994,2.4099999999999966,2.385000000000005,2.444,2.4525000000000006,2.4525000000000006,2.4849999999999994,3.400000000000336,4.250000000000398,7.500000000000284,6.749999999999545,5.499999999999261,7.500000000000284
2023-01-18,2.2950000000000017,2.3100000000000023,2.325000000000003,2.3400000000000034,2.355000000000004,2.3700000000000045,2.375,2.385000000000005,2.390000000000001,2.3400000000000034,2.325000000000003,2.3650000000000033,2.3712500000000034,2.3712500000000034,2.390000000000001,2.499999999999991,3.125,4.99999999999976,4.625000000000057,3.4999999999997033,4.5000000000001705
2023-01-19,2.3599999999999994,2.3799999999999955,2.394999999999996,2.4099999999999966,2.424999999999997,2.4350000000000023,2.444999999999993,2.450000000000003,2.4599999999999937,2.4099999999999966,2.394999999999996,2.4329999999999985,2.438749999999999,2.438749999999999,2.4599999999999937,2.300000000000191,2.8750000000002274,4.999999999999716,4.375000000000284,3.499999999999659,4.999999999999716
2023-01-20,2.4650000000000034,2.4849999999999994,2.5049999999999955,2.519999999999996,2.5349999999999966,2.5450000000000017,2.549999999999997,2.555000000000007,2.555000000000007,2.519999999999996,2.5049999999999955,2.5409999999999995,2.5462500000000006,2.5462500000000006,2.555000000000007,2.100000000000346,2.6250000000004547,3.50000000000108,4.125000000000512,2.000000000001023,5.499999999999261
2023-01-23,2.519999999999996,2.5400000000000063,2.5600000000000023,2.5799999999999983,2.594999999999999,2.6099999999999994,2.614999999999995,2.625,2.6299999999999955,2.5799999999999983,2.5600000000000023,2.604999999999998,2.6112499999999983,2.6112499999999983,2.6299999999999955,2.499999999999991,3.125,4.999999999999716,5.124999999999602,3.499999999999659,6.000000000000227
2023-01-24,2.5049999999999955,2.5250000000000057,2.5450000000000017,2.5649999999999977,2.5799999999999983,2.5900000000000034,2.5999999999999943,2.605000000000004,2.6099999999999994,2.5649999999999977,2.5450000000000017,2.5879999999999996,2.59375,2.59375,2.6099999999999994,2.300000000000191,2.8750000000002274,4.5000000000001705,4.8749999999998295,3.0000000000001137,6.000000000000227
2023-01-25,2.510000000000005,2.5349999999999966,2.555000000000007,2.575000000000003,2.5900000000000034,2.5999999999999943,2.605000000000004,2.614999999999995,2.6200000000000045,2.575000000000003,2.555000000000007,2.597,2.602499999999999,2.602499999999999,2.6200000000000045,2.1999999999997133,2.7499999999996305,4.5000000000001705,4.749999999999233,3.0000000000001137,6.499999999999773
2023-01-26,2.549999999999997,2.569999999999993,2.5900000000000034,2.6099999999999994,2.625,2.635000000000005,2.640000000000001,2.644999999999996,2.6500000000000057,2.6099999999999994,2.5900000000000034,2.6310000000000002,2.6362500000000004,2.6362500000000004,2.6500000000000057,2.1000000000000796,2.6250000000000995,4.000000000000625,4.624999999999702,2.5000000000005684,6.000000000000227
2023-01-27,2.575000000000003,2.594999999999999,2.614999999999995,2.6299999999999955,2.644999999999996,2.655000000000001,2.6599999999999966,2.6650000000000063,2.6700000000000017,2.6299999999999955,2.614999999999995,2.650999999999999,2.65625,2.65625,2.6700000000000017,2.100000000000346,2.6250000000004547,4.000000000000625,4.125000000000512,2.5000000000005684,5.499999999999261
2023-01-30,2.625,2.644999999999996,2.6599999999999966,2.674999999999997,2.6850000000000023,2.6899999999999977,2.700000000000003,2.7049999999999983,2.7099999999999937,2.674999999999997,2.6599999999999966,2.691,2.6950000000000003,2.6950000000000003,2.7099999999999937,1.6000000000002679,2.0000000000003126,3.499999999999659,3.5000000000003695,2.4999999999991473,4.999999999999716
2023-01-31,2.614999999999995,2.640000000000001,2.655000000000001,2.674999999999997,2.6850000000000023,2.694999999999993,2.7049999999999983,2.7099999999999937,2.7150000000000034,2.674999999999997,2.655000000000001,2.693999999999997,2.698749999999997,2.698749999999997,2.7150000000000034,1.8999999999999684,2.3749999999999716,4.000000000000625,4.374999999999574,3.0000000000001137,6.000000000000227
2023-02-01,2.5999999999999943,2.6200000000000045,2.640000000000001,2.6500000000000057,2.6650000000000063,2.674999999999997,2.680000000000007,2.6850000000000023,2.6899999999999977,2.6500000000000057,2.640000000000001,2.671000000000004,2.676250000000003,2.676250000000003,2.6899999999999977,2.099999999999813,2.624999999999744,3.999999999999204,3.6250000000002114,2.4999999999991473,5.000000000001137
2023-02-02,2.3499999999999943,2.3700000000000045,2.390000000000001,2.405000000000001,2.4200000000000017,2.430000000000007,2.4350000000000023,2.444999999999993,2.450000000000003,2.405000000000001,2.390000000000001,2.427000000000001,2.432500000000001,2.432500000000001,2.450000000000003,2.1999999999999797,2.749999999999986,4.5000000000001705,4.249999999999998,3.0000000000001137,5.500000000000682
2023-02-03,2.480000000000004,2.5049999999999955,2.5250000000000057,2.5400000000000063,2.555000000000007,2.5649999999999977,2.569999999999993,2.575000000000003,2.5799999999999983,2.5400000000000063,2.5250000000000057,2.5610000000000013,2.56625,2.56625,2.5799999999999983,2.0999999999995023,2.624999999999389,3.999999999999204,4.124999999999446,2.4999999999991473,6.000000000000227
2023-02-06,2.614999999999995,2.6299999999999955,2.644999999999996,2.6599999999999966,2.674999999999997,2.6850000000000023,2.6899999999999977,2.694999999999993,2.700000000000003,2.6599999999999966,2.644999999999996,2.6809999999999974,2.6862499999999976,2.6862499999999976,2.700000000000003,2.1000000000000796,2.6250000000000995,4.000000000000625,4.125000000000156,2.5000000000005684,4.5000000000001705
2023-02-07,2.635000000000005,2.655000000000001,2.6700000000000017,2.6850000000000023,2.700000000000003,2.7049999999999983,2.7150000000000034,2.719999999999999,2.730000000000004,2.6850000000000023,2.6700000000000017,2.705000000000001,2.710000000000001,2.710000000000001,2.730000000000004,1.9999999999998685,2.499999999999858,4.5000000000001705,3.9999999999999147,3.0000000000001137,4.999999999999716
2023-02-08,2.625,2.644999999999996,2.6599999999999966,2.674999999999997,2.6850000000000023,2.694999999999993,2.700000000000003,2.7099999999999937,2.7150000000000034,2.674999999999997,2.6599999999999966,2.692999999999998,2.697499999999998,2.697499999999998,2.7150000000000034,1.8000000000000682,2.2500000000000853,4.000000000000625,3.750000000000142,3.0000000000001137,4.999999999999716
2023-02-09,2.575000000000003,2.594999999999999,2.6099999999999994,2.6200000000000045,2.635000000000005,2.640000000000001,2.6500000000000057,2.655000000000001,2.6599999999999966,2.6200000000000045,2.6099999999999994,2.6400000000000032,2.645000000000003,2.645000000000003,2.6599999999999966,1.9999999999998685,2.499999999999858,3.999999999999204,3.5000000000003695,2.4999999999991473,4.5000000000001705
2023-02-10,2.6299999999999955,2.640000000000001,2.655000000000001,2.6599999999999966,2.6700000000000017,2.674999999999997,2.680000000000007,2.680000000000007,2.680000000000007,2.6599999999999966,2.655000000000001,2.673000000000002,2.676250000000003,2.676250000000003,2.680000000000007,1.300000000000523,1.6250000000006537,2.000000000001023,2.125000000000199,1.0000000000005116,3.0000000000001137
2023-02-13,2.635000000000005,2.644999999999996,2.6500000000000057,2.655000000000001,2.6650000000000063,2.6700000000000017,2.6700000000000017,2.6700000000000017,2.6700000000000017,2.655000000000001,2.6500000000000057,2.6660000000000026,2.668750000000003,2.668750000000003,2.6700000000000017,1.1000000000001453,1.3750000000001705,1.5000000000000568,1.8749999999997158,0.49999999999954525,1.999999999999602
2023-02-14,2.7049999999999983,2.7150000000000034,2.7249999999999943,2.730000000000004,2.739999999999995,2.739999999999995,2.7450000000000045,2.7450000000000045,2.7450000000000045,2.730000000000004,2.7249999999999943,2.7400000000000007,2.7424999999999997,2.7424999999999997,2.7450000000000045,0.9999999999996678,1.2499999999995737,1.5000000000000568,1.75000000000054,0.5000000000009663,2.5000000000005684
2023-02-15,2.730000000000004,2.739999999999995,2.75,2.760000000000005,2.7750000000000057,2.780000000000001,2.7849999999999966,2.7900000000000063,2.7900000000000063,2.760000000000005,2.75,2.778000000000003,2.7825000000000024,2.7825000000000024,2.7900000000000063,1.7999999999998018,2.24999999999973,3.0000000000001137,3.2500000000002416,1.5000000000000568,3.0000000000001137
2023-02-16,2.739999999999995,2.75,2.760000000000005,2.7750000000000057,2.7900000000000063,2.799999999999997,2.805000000000007,2.8100000000000023,2.8149999999999977,2.7750000000000057,2.760000000000005,2.796000000000004,2.801250000000003,2.801250000000003,2.8149999999999977,2.099999999999813,2.624999999999744,3.999999999999204,4.124999999999801,2.4999999999991473,3.50000000000108
2023-02-17,2.719999999999999,2.7249999999999943,2.7349999999999994,2.7450000000000045,2.760000000000005,2.769999999999996,2.7750000000000057,2.780000000000001,2.7849999999999966,2.7450000000000045,2.7349999999999994,2.7660000000000027,2.771250000000002,2.771250000000002,2.7849999999999966,2.099999999999813,2.624999999999744,3.999999999999204,3.625000000000256,2.4999999999991473,2.5000000000005684
2023-02-20,2.739999999999995,2.739999999999995,2.7450000000000045,2.7549999999999955,2.760000000000005,2.769999999999996,2.769999999999996,2.7750000000000057,2.7750000000000057,2.7549999999999955,2.7450000000000045,2.7659999999999996,2.7687500000000007,2.7687500000000007,2.7750000000000057,1.1000000000004118,1.3750000000005258,2.000000000001023,2.3749999999996163,1.5000000000000568,1.5000000000000568
2023-02-21,2.8349999999999937,2.8400000000000034,2.844999999999999,2.8499999999999943,2.8599999999999994,2.864999999999995,2.8700000000000045,2.8700000000000045,2.8700000000000045,2.8499999999999943,2.844999999999999,2.8629999999999995,2.866250000000001,2.866250000000001,2.8700000000000045,1.300000000000523,1.6250000000006537,2.000000000001023,2.125000000000199,1.0000000000005116,1.5000000000000568
2023-02-22,2.819999999999993,2.8299999999999983,2.8400000000000034,2.8499999999999943,2.8599999999999994,2.864999999999995,2.8700000000000045,2.8700000000000045,2.875,2.8499999999999943,2.8400000000000034,2.8629999999999995,2.866250000000001,2.866250000000001,2.875,1.300000000000523,1.6250000000006537,2.5000000000005684,2.624999999999744,1.5000000000000568,3.0000000000001137
2023-02-23,2.7900000000000063,2.7950000000000017,2.805000000000007,2.8100000000000023,2.819999999999993,2.825000000000003,2.8299999999999983,2.8299999999999983,2.8349999999999937,2.8100000000000023,2.805000000000007,2.822999999999999,2.826249999999998,2.826249999999998,2.8349999999999937,1.2999999999996792,1.6249999999995879,2.4999999999991473,2.124999999999133,1.5000000000000568,1.999999999999602
2023-02-24,2.819999999999993,2.825000000000003,2.8299999999999983,2.8400000000000034,2.844999999999999,2.8499999999999943,2.855000000000004,2.855000000000004,2.855000000000004,2.8400000000000034,2.8299999999999983,2.849000000000001,2.8512500000000003,2.8512500000000003,2.855000000000004,0.8999999999997677,1.1249999999996874,1.5000000000000568,2.125000000000199,1.0000000000005116,2.000000000001023
2023-02-27,2.8349999999999937,2.8400000000000034,2.855000000000004,2.8700000000000045,2.885000000000005,2.894999999999996,2.9000000000000057,2.905000000000001,2.9099999999999966,2.8700000000000045,2.855000000000004,2.8910000000000027,2.896250000000002,2.896250000000002,2.9099999999999966,2.099999999999813,2.624999999999744,3.999999999999204,4.124999999999801,2.4999999999991473,3.50000000000108
2023-02-28,2.894999999999996,2.9000000000000057,2.9099999999999966,2.924999999999997,2.944999999999993,2.9549999999999983,2.9650000000000034,2.9749999999999943,2.9849999999999994,2.924999999999997,2.9099999999999966,2.952999999999997,2.9599999999999973,2.9599999999999973,2.9849999999999994,2.8000000000000025,3.500000000000014,6.000000000000227,5.000000000000071,4.000000000000625,3.0000000000001137
2023-03-01,2.9749999999999943,2.980000000000004,2.989999999999995,3.010000000000005,3.030000000000001,3.0400000000000063,3.049999999999997,3.0600000000000023,3.0649999999999977,3.010000000000005,2.989999999999995,3.0380000000000025,3.0450000000000017,3.0450000000000017,3.0649999999999977,2.799999999999736,3.499999999999659,5.499999999999261,5.500000000000682,3.499999999999659,3.50000000000108
2023-03-02,2.989999999999995,2.9950000000000045,3.010000000000005,3.0250000000000057,3.0450000000000017,3.055000000000007,3.0649999999999977,3.075000000000003,3.0799999999999983,3.0250000000000057,3.010000000000005,3.053000000000003,3.0600000000000023,3.0600000000000023,3.0799999999999983,2.799999999999736,3.499999999999659,5.499999999999261,4.999999999999716,3.499999999999659,3.50000000000108
2023-03-03,3.0,3.0,3.0049999999999955,3.019999999999996,3.0349999999999966,3.049999999999997,3.055000000000007,3.0649999999999977,3.069999999999993,3.019999999999996,3.0049999999999955,3.044999999999999,3.0512499999999996,3.0512499999999996,3.069999999999993,2.500000000000302,3.1250000000003553,4.999999999999716,4.625000000000412,3.499999999999659,1.999999999999602
2023-03-06,2.950000000000003,2.944999999999993,2.9549999999999983,2.969999999999999,2.9849999999999994,2.9950000000000045,3.0,3.0049999999999955,3.010000000000005,2.969999999999999,2.9549999999999983,2.9909999999999997,2.99625,2.99625,3.010000000000005,2.1000000000000796,2.6250000000000995,4.000000000000625,4.125000000000156,2.5000000000005684,1.999999999999602
2023-03-07,2.9350000000000023,2.9350000000000023,2.9399999999999977,2.950000000000003,2.9599999999999937,2.9650000000000034,2.9749999999999943,2.9749999999999943,2.980000000000004,2.950000000000003,2.9399999999999977,2.9649999999999976,2.9687499999999964,2.9687499999999964,2.980000000000004,1.4999999999994795,1.8749999999993605,3.0000000000001137,2.874999999999872,2.000000000001023,1.5000000000000568
2023-03-08,2.855000000000004,2.855000000000004,2.8599999999999994,2.864999999999995,2.875,2.8799999999999955,2.885000000000005,2.890000000000001,2.894999999999996,2.864999999999995,2.8599999999999994,2.878999999999999,2.8825000000000003,2.8825000000000003,2.894999999999996,1.4000000000004231,1.75000000000054,3.0000000000001137,2.2500000000000853,1.999999999999602,0.9999999999990905
2023-03-09,2.864999999999995,2.864999999999995,2.8700000000000045,2.8799999999999955,2.890000000000001,2.894999999999996,2.9000000000000057,2.905000000000001,2.9099999999999966,2.8799999999999955,2.8700000000000045,2.8939999999999997,2.897500000000001,2.897500000000001,2.9099999999999966,1.4000000000004231,1.75000000000054,3.0000000000001137,2.7499999999996305,1.9999999999995577,1.5000000000000568
2023-03-10,2.7450000000000045,2.75,2.760000000000005,2.769999999999996,2.780000000000001,2.7900000000000063,2.7950000000000017,2.799999999999997,2.799999999999997,2.769999999999996,2.760000000000005,2.7870000000000004,2.7912500000000016,2.7912500000000016,2.799999999999997,1.7000000000004345,2.1250000000005542,3.0000000000001137,3.1249999999996447,1.999999999999602,2.4999999999991473
2023-03-13,2.700000000000003,2.7150000000000034,2.730000000000004,2.7450000000000045,2.760000000000005,2.769999999999996,2.780000000000001,2.7900000000000063,2.7950000000000017,2.7450000000000045,2.730000000000004,2.769000000000003,2.775000000000002,2.775000000000002,2.7950000000000017,2.3999999999998245,2.9999999999997584,4.999999999999716,4.499999999999815,3.499999999999659,4.5000000000001705
2023-03-14,2.8349999999999937,2.8400000000000034,2.8499999999999943,2.8599999999999994,2.864999999999995,2.855000000000004,2.8299999999999983,2.799999999999997,2.765000000000001,2.8599999999999994,2.8499999999999943,2.8419999999999987,2.8374999999999986,2.8374999999999986,2.765000000000001,-1.8000000000000682,-2.2500000000000853,-9.499999999999842,-1.2499999999995737,-9.999999999999387,2.5000000000005684
2023-03-15,2.730000000000004,2.7349999999999994,2.760000000000005,2.7950000000000017,2.8100000000000023,2.7900000000000063,2.7549999999999955,2.719999999999999,2.674999999999997,2.7950000000000017,2.760000000000005,2.774000000000001,2.7687500000000007,2.7687500000000007,2.674999999999997,-2.1000000000000796,-2.6250000000000995,-12.000000000000455,0.8749999999995595,-13.500000000000512,6.499999999999773
2023-03-16,2.7249999999999943,2.7249999999999943,2.730000000000004,2.7549999999999955,2.769999999999996,2.765000000000001,2.75,2.719999999999999,2.694999999999993,2.7549999999999955,2.730000000000004,2.751999999999998,2.751249999999999,2.751249999999999,2.694999999999993,-0.2999999999997449,-0.37499999999965894,-6.000000000000227,2.1249999999994884,-7.500000000000284,3.0000000000001137
2023-03-17,2.6299999999999955,2.635000000000005,2.6500000000000057,2.674999999999997,2.700000000000003,2.7150000000000034,2.7150000000000034,2.700000000000003,2.674999999999997,2.674999999999997,2.6500000000000057,2.701000000000002,2.707500000000003,2.707500000000003,2.674999999999997,2.6000000000004686,3.250000000000597,0.0,5.749999999999744,-2.5000000000005684,4.5000000000001705
2023-03-20,2.6700000000000017,2.680000000000007,2.6899999999999977,2.7099999999999937,2.7249999999999943,2.730000000000004,2.7249999999999943,2.7150000000000034,2.700000000000003,2.7099999999999937,2.6899999999999977,2.720999999999998,2.723749999999999,2.723749999999999,2.700000000000003,1.1000000000004118,1.3750000000005258,-0.9999999999990905,3.375000000000128,-2.4999999999991473,3.999999999999204
2023-03-21,2.739999999999995,2.75,2.760000000000005,2.769999999999996,2.780000000000001,2.780000000000001,2.7750000000000057,2.765000000000001,2.75,2.769999999999996,2.760000000000005,2.774000000000001,2.775000000000002,2.775000000000002,2.75,0.40000000000048885,0.5000000000006111,-1.999999999999602,1.4999999999997016,-3.0000000000001137,3.0000000000001137
2023-03-22,2.799999999999997,2.8100000000000023,2.8149999999999977,2.8299999999999983,2.8400000000000034,2.8400000000000034,2.8349999999999937,2.825000000000003,2.8100000000000023,2.8299999999999983,2.8149999999999977,2.8340000000000005,2.835000000000001,2.835000000000001,2.8100000000000023,0.4000000000002224,0.5000000000002558,-1.999999999999602,2.0000000000003126,-3.0000000000001137,3.0000000000001137
2023-03-23,2.6850000000000023,2.7099999999999937,2.7249999999999943,2.7450000000000045,2.760000000000005,2.769999999999996,2.769999999999996,2.765000000000001,2.7549999999999955,2.7450000000000045,2.7249999999999943,2.7620000000000005,2.7662499999999994,2.7662499999999994,2.7549999999999955,1.6999999999995907,2.1249999999994884,0.9999999999990905,4.125000000000512,-0.5000000000009663,6.000000000000227
2023-03-24,2.644999999999996,2.674999999999997,2.694999999999993,2.7099999999999937,2.7249999999999943,2.7349999999999994,2.739999999999995,2.7349999999999994,2.7249999999999943,2.7099999999999937,2.694999999999993,2.7289999999999965,2.733749999999997,2.733749999999997,2.7249999999999943,1.9000000000002792,2.375000000000327,1.5000000000000568,3.8750000000003837,0.0,6.499999999999773
2023-03-27,2.674999999999997,2.700000000000003,2.719999999999999,2.739999999999995,2.760000000000005,2.7750000000000057,2.780000000000001,2.7750000000000057,2.765000000000001,2.739999999999995,2.719999999999999,2.7660000000000027,2.7725000000000044,2.7725000000000044,2.765000000000001,2.6000000000007795,3.250000000000952,2.500000000000613,5.250000000000554,0.49999999999958966,6.499999999999773
2023-03-28,2.719999999999999,2.739999999999995,2.760000000000005,2.780000000000001,2.799999999999997,2.8100000000000023,2.8149999999999977,2.8100000000000023,2.799999999999997,2.780000000000001,2.760000000000005,2.803,2.80875,2.80875,2.799999999999997,2.29999999999988,2.874999999999872,1.999999999999602,4.874999999999474,0.0,6.000000000000227
2023-03-29,2.7099999999999937,2.7249999999999943,2.7450000000000045,2.765000000000001,2.780000000000001,2.7950000000000017,2.799999999999997,2.805000000000007,2.799999999999997,2.765000000000001,2.7450000000000045,2.7890000000000015,2.7950000000000017,2.7950000000000017,2.799999999999997,2.4000000000000465,3.0000000000000693,3.4999999999996145,4.999999999999716,1.999999999999602,5.5000000000007265
2023-03-30,2.769999999999996,2.7849999999999966,2.799999999999997,2.8149999999999977,2.8299999999999983,2.8400000000000034,2.844999999999999,2.8400000000000034,2.8349999999999937,2.8149999999999977,2.799999999999997,2.8340000000000005,2.838750000000001,2.838750000000001,2.8349999999999937,1.9000000000002792,2.375000000000327,1.999999999999602,3.8750000000003837,0.49999999999954525,4.5000000000001705
2023-03-31,2.7150000000000034,2.7249999999999943,2.739999999999995,2.760000000000005,2.7750000000000057,2.7849999999999966,2.7900000000000063,2.7849999999999966,2.780000000000001,2.760000000000005,2.739999999999995,2.779000000000002,2.7837500000000013,2.7837500000000013,2.780000000000001,1.899999999999702,2.3749999999996163,1.999999999999602,4.3750000000006395,0.49999999999954525,4.5000000000001705
2023-04-03,2.635000000000005,2.6500000000000057,2.6650000000000063,2.6850000000000023,2.700000000000003,2.7099999999999937,2.719999999999999,2.719999999999999,2.719999999999999,2.6850000000000023,2.6650000000000063,2.7069999999999994,2.7124999999999986,2.7124999999999986,2.719999999999999,2.1999999999997133,2.7499999999996305,3.499999999999659,4.749999999999233,1.999999999999602,4.999999999999716
2023-04-04,2.640000000000001,2.655000000000001,2.6700000000000017,2.6899999999999977,2.7099999999999937,2.7249999999999943,2.730000000000004,2.7349999999999994,2.730000000000004,2.6899999999999977,2.6700000000000017,2.7179999999999978,2.724999999999998,2.724999999999998,2.730000000000004,2.8000000000000025,3.500000000000014,4.000000000000625,5.499999999999616,2.000000000001023,4.999999999999671
2023-04-05,2.5900000000000034,2.6099999999999994,2.6299999999999955,2.655000000000001,2.6700000000000017,2.6899999999999977,2.694999999999993,2.700000000000003,2.694999999999993,2.655000000000001,2.6299999999999955,2.6819999999999995,2.688749999999999,2.688749999999999,2.694999999999993,2.699999999999836,3.3749999999997726,3.999999999999204,5.875000000000341,2.4999999999991473,6.499999999999773
2023-04-06,2.5999999999999943,2.625,2.644999999999996,2.6650000000000063,2.6850000000000023,2.694999999999993,2.7049999999999983,2.7049999999999983,2.7049999999999983,2.6650000000000063,2.644999999999996,2.691,2.697499999999998,2.697499999999998,2.7049999999999983,2.5999999999993584,3.2499999999991758,3.999999999999204,5.250000000000199,1.999999999999602,6.500000000001194
2023-04-10,2.5999999999999943,2.625,2.644999999999996,2.6650000000000063,2.6850000000000023,2.694999999999993,2.7049999999999983,2.7049999999999983,2.7049999999999983,2.6650000000000063,2.644999999999996,2.691,2.697499999999998,2.697499999999998,2.7049999999999983,2.5999999999993584,3.2499999999991758,3.999999999999204,5.250000000000199,1.999999999999602,6.500000000001194
2023-04-11,2.680000000000007,2.700000000000003,2.7150000000000034,2.7349999999999994,2.7549999999999955,2.769999999999996,2.7750000000000057,2.780000000000001,2.7750000000000057,2.7349999999999994,2.7150000000000034,2.7629999999999995,2.7699999999999996,2.7699999999999996,2.7750000000000057,2.8000000000000025,3.500000000000014,4.000000000000625,5.499999999999616,2.000000000001023,5.499999999999261
2023-04-12,2.730000000000004,2.75,2.765000000000001,2.7849999999999966,2.805000000000007,2.819999999999993,2.8299999999999983,2.8349999999999937,2.8349999999999937,2.7849999999999966,2.765000000000001,2.8149999999999977,2.822499999999998,2.822499999999998,2.8349999999999937,3.0000000000001137,3.750000000000142,4.999999999999716,5.7499999999997,2.9999999999986926,5.499999999999261
2023-04-13,2.7150000000000034,2.730000000000004,2.7450000000000045,2.769999999999996,2.7900000000000063,2.805000000000007,2.819999999999993,2.8299999999999983,2.8349999999999937,2.769999999999996,2.7450000000000045,2.803,2.811250000000001,2.811250000000001,2.8349999999999937,3.3000000000003915,4.125000000000512,6.499999999999773,6.624999999999659,4.4999999999987494,5.499999999999261
2023-04-14,2.75,2.760000000000005,2.7750000000000057,2.799999999999997,2.8149999999999977,2.8349999999999937,2.844999999999999,2.855000000000004,2.8599999999999994,2.799999999999997,2.7750000000000057,2.8299999999999983,2.8374999999999986,2.8374999999999986,2.8599999999999994,3.0000000000001137,3.750000000000142,6.000000000000227,6.2499999999992895,4.5000000000001705,4.999999999999716
2023-04-17,2.799999999999997,2.8100000000000023,2.825000000000003,2.844999999999999,2.864999999999995,2.885000000000005,2.894999999999996,2.905000000000001,2.9150000000000063,2.844999999999999,2.825000000000003,2.878999999999999,2.8874999999999993,2.8874999999999993,2.9150000000000063,3.4000000000000252,4.250000000000043,7.000000000000739,6.249999999999645,5.000000000001137,4.5000000000001705
2023-04-18,2.799999999999997,2.8100000000000023,2.825000000000003,2.8400000000000034,2.8599999999999994,2.875,2.885000000000005,2.894999999999996,2.905000000000001,2.8400000000000034,2.825000000000003,2.871000000000001,2.87875,2.87875,2.905000000000001,3.0999999999997474,3.874999999999673,6.499999999999773,5.37499999999973,4.5000000000001705,4.000000000000625
2023-04-19,2.844999999999999,2.855000000000004,2.8700000000000045,2.885000000000005,2.905000000000001,2.9150000000000063,2.924999999999997,2.9350000000000023,2.9399999999999977,2.885000000000005,2.8700000000000045,2.9130000000000025,2.9200000000000017,2.9200000000000017,2.9399999999999977,2.799999999999736,3.499999999999659,5.499999999999261,4.999999999999716,3.499999999999659,4.000000000000625
2023-04-20,2.825000000000003,2.8349999999999937,2.8499999999999943,2.8700000000000045,2.885000000000005,2.9000000000000057,2.9150000000000063,2.924999999999997,2.930000000000007,2.8700000000000045,2.8499999999999943,2.8990000000000036,2.9062500000000036,2.9062500000000036,2.930000000000007,2.8999999999999027,3.6249999999999005,6.000000000000227,5.625000000000924,4.5000000000001705,4.5000000000001705
2023-04-21,2.855000000000004,2.8700000000000045,2.8799999999999955,2.9000000000000057,2.9150000000000063,2.930000000000007,2.9399999999999977,2.950000000000003,2.9599999999999937,2.9000000000000057,2.8799999999999955,2.927000000000004,2.9337500000000034,2.9337500000000034,2.9599999999999937,2.699999999999836,3.3749999999997726,5.999999999998806,5.375000000000796,4.4999999999987494,4.5000000000001705
2023-04-24,2.844999999999999,2.855000000000004,2.8700000000000045,2.885000000000005,2.905000000000001,2.9200000000000017,2.930000000000007,2.9399999999999977,2.944999999999993,2.885000000000005,2.8700000000000045,2.9160000000000026,2.923750000000002,2.923750000000002,2.944999999999993,3.0999999999997474,3.874999999999673,5.999999999998806,5.37499999999973,3.999999999999204,4.000000000000625
2023-04-25,2.760000000000005,2.780000000000001,2.7950000000000017,2.8149999999999977,2.8299999999999983,2.8499999999999943,2.8599999999999994,2.8700000000000045,2.8799999999999955,2.8149999999999977,2.7950000000000017,2.844999999999999,2.852499999999999,2.852499999999999,2.8799999999999955,3.0000000000001137,3.750000000000142,6.499999999999773,5.749999999999744,4.999999999999716,5.499999999999261
2023-04-26,2.7349999999999994,2.7549999999999955,2.7750000000000057,2.7950000000000017,2.8149999999999977,2.8349999999999937,2.8499999999999943,2.8599999999999994,2.8700000000000045,2.7950000000000017,2.7750000000000057,2.8309999999999973,2.8399999999999963,2.8399999999999963,2.8700000000000045,3.599999999999559,4.49999999999946,7.500000000000284,6.499999999999062,5.500000000000682,6.000000000000227
2023-04-27,2.7849999999999966,2.8100000000000023,2.8299999999999983,2.8499999999999943,2.8700000000000045,2.890000000000001,2.905000000000001,2.9200000000000017,2.924999999999997,2.8499999999999943,2.8299999999999983,2.8870000000000005,2.896250000000002,2.896250000000002,2.924999999999997,3.700000000000614,4.625000000000767,7.500000000000284,6.6250000000003695,5.499999999999261,6.499999999999773
2023-04-28,2.6700000000000017,2.694999999999993,2.7150000000000034,2.7349999999999994,2.7549999999999955,2.769999999999996,2.7849999999999966,2.799999999999997,2.805000000000007,2.7349999999999994,2.7150000000000034,2.768999999999997,2.7774999999999963,2.7774999999999963,2.805000000000007,3.3999999999997588,4.249999999999687,7.000000000000739,6.2499999999992895,5.000000000001137,6.499999999999773
2023-05-01,2.6700000000000017,2.694999999999993,2.7150000000000034,2.7349999999999994,2.7549999999999955,2.769999999999996,2.7849999999999966,2.799999999999997,2.805000000000007,2.7349999999999994,2.7150000000000034,2.768999999999997,2.7774999999999963,2.7774999999999963,2.805000000000007,3.3999999999997588,4.249999999999687,7.000000000000739,6.2499999999992895,5.000000000001137,6.499999999999773
2023-05-02,2.6200000000000045,2.644999999999996,2.6650000000000063,2.6850000000000023,2.7099999999999937,2.7249999999999943,2.739999999999995,2.75,2.7549999999999955,2.6850000000000023,2.6650000000000063,2.721999999999997,2.7312499999999957,2.7312499999999957,2.7549999999999955,3.6999999999994593,4.624999999999346,6.999999999999318,6.624999999998948,4.5000000000001705,6.499999999999773
2023-05-03,2.614999999999995,2.640000000000001,2.6599999999999966,2.680000000000007,2.700000000000003,2.719999999999999,2.7349999999999994,2.7450000000000045,2.7549999999999955,2.680000000000007,2.6599999999999966,2.7160000000000024,2.7250000000000014,2.7250000000000014,2.7549999999999955,3.599999999999559,4.49999999999946,7.499999999998863,6.500000000000483,5.499999999999261,6.500000000001194
2023-05-04,2.549999999999997,2.5799999999999983,2.614999999999995,2.6500000000000057,2.680000000000007,2.7099999999999937,2.730000000000004,2.7450000000000045,2.760000000000005,2.6500000000000057,2.614999999999995,2.703000000000003,2.7162500000000023,2.7162500000000023,2.760000000000005,5.299999999999727,6.624999999999659,10.999999999999943,10.125000000000739,7.9999999999998295,10.000000000000853
2023-05-05,2.625,2.655000000000001,2.6850000000000023,2.7150000000000034,2.75,2.7750000000000057,2.799999999999997,2.8149999999999977,2.8299999999999983,2.7150000000000034,2.6850000000000023,2.771000000000001,2.785,2.785,2.8299999999999983,5.5999999999997385,6.999999999999673,11.499999999999488,9.999999999999787,7.9999999999998295,9.000000000000341
2023-05-08,2.644999999999996,2.6700000000000017,2.700000000000003,2.730000000000004,2.760000000000005,2.7849999999999966,2.8100000000000023,2.8299999999999983,2.844999999999999,2.730000000000004,2.700000000000003,2.7830000000000013,2.7962500000000006,2.7962500000000006,2.844999999999999,5.299999999999727,6.624999999999659,11.499999999999488,9.624999999999773,8.499999999999375,8.500000000000796
2023-05-09,2.644999999999996,2.6700000000000017,2.700000000000003,2.730000000000004,2.760000000000005,2.7849999999999966,2.8100000000000023,2.8299999999999983,2.844999999999999,2.730000000000004,2.700000000000003,2.7830000000000013,2.7962500000000006,2.7962500000000006,2.844999999999999,5.299999999999727,6.624999999999659,11.499999999999488,9.624999999999773,8.499999999999375,8.500000000000796
2023-05-10,2.605000000000004,2.6299999999999955,2.6599999999999966,2.694999999999993,2.719999999999999,2.75,2.769999999999996,2.7900000000000063,2.8100000000000023,2.694999999999993,2.6599999999999966,2.7449999999999988,2.7575000000000003,2.7575000000000003,2.8100000000000023,5.0000000000005596,6.2500000000007105,11.50000000000091,9.75000000000037,9.000000000000341,8.99999999999892
2023-05-11,2.5349999999999966,2.5649999999999977,2.594999999999999,2.625,2.655000000000001,2.680000000000007,2.700000000000003,2.719999999999999,2.739999999999995,2.625,2.594999999999999,2.676000000000002,2.6887500000000024,2.6887500000000024,2.739999999999995,5.100000000000193,6.375000000000242,11.499999999999488,9.375000000000355,8.499999999999375,9.000000000000341
2023-05-12,2.5799999999999983,2.6099999999999994,2.640000000000001,2.6700000000000017,2.694999999999993,2.719999999999999,2.739999999999995,2.760000000000005,2.780000000000001,2.6700000000000017,2.640000000000001,2.7169999999999987,2.728749999999998,2.728749999999998,2.780000000000001,4.699999999999704,5.8749999999996305,10.999999999999943,8.8749999999997,8.500000000000796,9.000000000000341
2023-05-15,2.605000000000004,2.640000000000001,2.6650000000000063,2.694999999999993,2.7249999999999943,2.75,2.769999999999996,2.7900000000000063,2.8100000000000023,2.694999999999993,2.6650000000000063,2.7459999999999978,2.758749999999999,2.758749999999999,2.8100000000000023,5.10000000000046,6.375000000000597,11.50000000000091,9.37499999999929,8.500000000000796,8.99999999999892
2023-05-16,2.635000000000005,2.6700000000000017,2.700000000000003,2.7349999999999994,2.765000000000001,2.7900000000000063,2.8149999999999977,2.8349999999999937,2.855000000000004,2.7349999999999994,2.700000000000003,2.7879999999999994,2.8012499999999996,2.8012499999999996,2.855000000000004,5.299999999999994,6.625000000000014,12.000000000000455,10.124999999999673,9.000000000000297,9.999999999999432
2023-05-17,2.655000000000001,2.680000000000007,2.700000000000003,2.7249999999999943,2.7549999999999955,2.780000000000001,2.799999999999997,2.819999999999993,2.8400000000000034,2.7249999999999943,2.700000000000003,2.7759999999999962,2.7887499999999967,2.7887499999999967,2.8400000000000034,5.100000000000193,6.375000000000242,11.50000000000091,8.874999999999389,8.500000000000796,6.999999999999318
2023-05-18,2.769999999999996,2.7900000000000063,2.8100000000000023,2.8299999999999983,2.855000000000004,2.875,2.894999999999996,2.9150000000000063,2.930000000000007,2.8299999999999983,2.8100000000000023,2.874000000000001,2.8850000000000016,2.8850000000000016,2.930000000000007,4.40000000000027,5.500000000000327,10.000000000000853,7.499999999999929,7.500000000000284,6.000000000000227
2023-05-19,2.765000000000001,2.780000000000001,2.799999999999997,2.819999999999993,2.844999999999999,2.864999999999995,2.8799999999999955,2.9000000000000057,2.9099999999999966,2.819999999999993,2.799999999999997,2.8619999999999974,2.8724999999999987,2.8724999999999987,2.9099999999999966,4.200000000000426,5.250000000000554,9.000000000000341,7.250000000000156,6.499999999999773,5.499999999999217
2023-05-22,2.7549999999999955,2.769999999999996,2.7900000000000063,2.8100000000000023,2.8299999999999983,2.8499999999999943,2.8700000000000045,2.885000000000005,2.9000000000000057,2.8100000000000023,2.7900000000000063,2.849000000000001,2.8587500000000006,2.8587500000000006,2.9000000000000057,3.8999999999998813,4.8749999999998295,9.000000000000341,6.874999999999432,7.000000000000739,5.500000000000682
2023-05-23,2.780000000000001,2.7950000000000017,2.8149999999999977,2.8299999999999983,2.8499999999999943,2.8700000000000045,2.890000000000001,2.905000000000001,2.9150000000000063,2.8299999999999983,2.8149999999999977,2.8689999999999998,2.87875,2.87875,2.9150000000000063,3.900000000000148,4.875000000000185,8.500000000000796,6.375000000000242,6.500000000001194,4.999999999999716
2023-05-24,2.7750000000000057,2.7900000000000063,2.8100000000000023,2.825000000000003,2.844999999999999,2.864999999999995,2.885000000000005,2.9000000000000057,2.9099999999999966,2.825000000000003,2.8100000000000023,2.8640000000000017,2.873750000000001,2.873750000000001,2.9099999999999966,3.8999999999998813,4.8749999999998295,8.499999999999375,6.374999999999886,6.499999999999773,4.999999999999716
2023-05-25,2.8100000000000023,2.819999999999993,2.8299999999999983,2.844999999999999,2.864999999999995,2.8799999999999955,2.894999999999996,2.9099999999999966,2.9200000000000017,2.844999999999999,2.8299999999999983,2.8789999999999965,2.8874999999999957,2.8874999999999957,2.9200000000000017,3.3999999999997588,4.249999999999687,7.500000000000284,5.749999999999744,5.500000000000682,3.499999999999659
2023-05-26,2.8400000000000034,2.8499999999999943,2.8599999999999994,2.875,2.890000000000001,2.9099999999999966,2.9200000000000017,2.9350000000000023,2.944999999999993,2.875,2.8599999999999994,2.906,2.9137500000000003,2.9137500000000003,2.944999999999993,3.100000000000014,3.8750000000000284,6.999999999999318,5.375000000000085,5.499999999999217,3.499999999999659
2023-05-29,2.7349999999999994,2.7450000000000045,2.760000000000005,2.780000000000001,2.7950000000000017,2.8100000000000023,2.825000000000003,2.8349999999999937,2.844999999999999,2.780000000000001,2.760000000000005,2.809,2.81625,2.81625,2.844999999999999,2.8999999999999027,3.6249999999999005,6.499999999999773,5.624999999999503,4.999999999999716,4.5000000000001705
2023-05-30,2.655000000000001,2.6700000000000017,2.6850000000000023,2.7049999999999983,2.7249999999999943,2.739999999999995,2.7549999999999955,2.769999999999996,2.780000000000001,2.7049999999999983,2.6850000000000023,2.738999999999996,2.747499999999995,2.747499999999995,2.780000000000001,3.3999999999997588,4.249999999999687,7.500000000000284,6.2499999999992895,5.500000000000682,4.999999999999716
2023-05-31,2.594999999999999,2.6099999999999994,2.6299999999999955,2.644999999999996,2.6650000000000063,2.680000000000007,2.700000000000003,2.7150000000000034,2.7249999999999943,2.644999999999996,2.6299999999999955,2.681000000000003,2.690000000000005,2.690000000000005,2.7249999999999943,3.6000000000007137,4.500000000000881,7.9999999999998295,6.000000000000938,5.999999999998806,4.999999999999716
2023-06-01,2.5450000000000017,2.5600000000000023,2.5799999999999983,2.5999999999999943,2.6200000000000045,2.640000000000001,2.6599999999999966,2.674999999999997,2.6850000000000023,2.5999999999999943,2.5799999999999983,2.6389999999999985,2.6487499999999997,2.6487499999999997,2.6850000000000023,3.9000000000004142,4.87500000000054,8.500000000000796,6.875000000000142,6.499999999999773,5.499999999999261
2023-06-02,2.5849999999999937,2.594999999999999,2.614999999999995,2.6299999999999955,2.6500000000000057,2.6650000000000063,2.6850000000000023,2.694999999999993,2.7049999999999983,2.6299999999999955,2.614999999999995,2.6650000000000005,2.673750000000002,2.673750000000002,2.7049999999999983,3.5000000000005027,4.3750000000006395,7.500000000000284,5.875000000000696,5.499999999999261,4.5000000000001705
2023-06-05,2.6299999999999955,2.635000000000005,2.6500000000000057,2.6700000000000017,2.6850000000000023,2.700000000000003,2.719999999999999,2.730000000000004,2.739999999999995,2.6700000000000017,2.6500000000000057,2.701000000000002,2.708750000000002,2.708750000000002,2.739999999999995,3.100000000000014,3.8750000000000284,6.999999999999318,5.8749999999996305,5.499999999999261,4.000000000000625
2023-06-06,2.605000000000004,2.614999999999995,2.635000000000005,2.655000000000001,2.674999999999997,2.694999999999993,2.7150000000000034,2.730000000000004,2.739999999999995,2.655000000000001,2.635000000000005,2.694,2.7037499999999994,2.7037499999999994,2.739999999999995,3.8999999999998813,4.8749999999998295,8.499999999999375,6.874999999999432,6.499999999999773,4.999999999999716
2023-06-07,2.6700000000000017,2.674999999999997,2.6899999999999977,2.7099999999999937,2.730000000000004,2.75,2.765000000000001,2.780000000000001,2.7900000000000063,2.7099999999999937,2.6899999999999977,2.747,2.7562500000000014,2.7562500000000014,2.7900000000000063,3.700000000000614,4.625000000000767,8.00000000000125,6.6250000000003695,6.000000000000227,3.999999999999204
2023-06-08,2.635000000000005,2.644999999999996,2.6599999999999966,2.6850000000000023,2.700000000000003,2.7249999999999943,2.75,2.7750000000000057,2.799999999999997,2.6850000000000023,2.6599999999999966,2.727000000000001,2.7375000000000007,2.7375000000000007,2.799999999999997,4.199999999999893,5.249999999999844,11.499999999999488,7.750000000000412,9.999999999999432,4.999999999999716
2023-06-09,2.614999999999995,2.6200000000000045,2.635000000000005,2.655000000000001,2.6700000000000017,2.6899999999999977,2.7150000000000034,2.7349999999999994,2.7549999999999955,2.655000000000001,2.635000000000005,2.6930000000000005,2.7025000000000006,2.7025000000000006,2.7549999999999955,3.7999999999999368,4.749999999999943,9.999999999999432,6.749999999999545,8.499999999999375,4.000000000000625
2023-06-12,2.605000000000004,2.614999999999995,2.625,2.644999999999996,2.6650000000000063,2.6850000000000023,2.7049999999999983,2.7249999999999943,2.7450000000000045,2.644999999999996,2.625,2.6849999999999996,2.6950000000000003,2.6950000000000003,2.7450000000000045,4.000000000000359,5.000000000000426,10.000000000000853,7.000000000000028,7.9999999999998295,3.999999999999204
2023-06-13,2.655000000000001,2.6599999999999966,2.6700000000000017,2.6850000000000023,2.7049999999999983,2.719999999999999,2.739999999999995,2.760000000000005,2.7750000000000057,2.6850000000000023,2.6700000000000017,2.722,2.7312499999999993,2.7312499999999993,2.7750000000000057,3.69999999999977,4.624999999999702,9.000000000000341,6.124999999999758,7.000000000000739,3.0000000000001137
2023-06-14,2.6850000000000023,2.6899999999999977,2.694999999999993,2.7099999999999937,2.7249999999999943,2.739999999999995,2.760000000000005,2.7750000000000057,2.7950000000000017,2.7099999999999937,2.694999999999993,2.7419999999999987,2.75,2.75,2.7950000000000017,3.2000000000004913,4.000000000000625,8.500000000000796,5.500000000000682,7.000000000000739,2.4999999999991473
2023-06-15,2.7549999999999955,2.75,2.75,2.760000000000005,2.765000000000001,2.7750000000000057,2.7900000000000063,2.799999999999997,2.8100000000000023,2.760000000000005,2.75,2.778000000000003,2.7825000000000024,2.7825000000000024,2.8100000000000023,1.7999999999998018,2.24999999999973,4.999999999999716,3.2500000000002416,4.500000000000126,0.5000000000009663
2023-06-16,2.7249999999999943,2.7150000000000034,2.7150000000000034,2.7150000000000034,2.719999999999999,2.730000000000004,2.739999999999995,2.75,2.760000000000005,2.7150000000000034,2.7150000000000034,2.7310000000000003,2.7349999999999994,2.7349999999999994,2.760000000000005,1.5999999999996906,1.999999999999602,4.5000000000001705,1.999999999999602,4.000000000000625,-0.9999999999990905
2023-06-19,2.7750000000000057,2.765000000000001,2.765000000000001,2.769999999999996,2.780000000000001,2.7900000000000063,2.805000000000007,2.8149999999999977,2.825000000000003,2.769999999999996,2.765000000000001,2.7920000000000016,2.797500000000003,2.797500000000003,2.825000000000003,2.200000000000557,2.7500000000006963,5.500000000000682,3.250000000000197,4.5000000000001705,-0.5000000000009663
2023-06-20,2.6599999999999966,2.6500000000000057,2.640000000000001,2.644999999999996,2.644999999999996,2.655000000000001,2.6700000000000017,2.6850000000000023,2.694999999999993,2.644999999999996,2.640000000000001,2.6599999999999993,2.6637500000000003,2.6637500000000003,2.694999999999993,1.5000000000003233,1.8750000000004263,4.999999999999716,2.374999999999927,4.999999999999716,-1.5000000000000568
2023-06-21,2.700000000000003,2.6850000000000023,2.680000000000007,2.680000000000007,2.6850000000000023,2.694999999999993,2.7099999999999937,2.719999999999999,2.730000000000004,2.680000000000007,2.680000000000007,2.697999999999999,2.702499999999997,2.702499999999997,2.730000000000004,1.7999999999992244,2.2499999999990195,4.999999999999716,2.2499999999990195,4.5000000000001705,-1.999999999999602
2023-06-22,2.769999999999996,2.7549999999999955,2.75,2.75,2.75,2.7549999999999955,2.765000000000001,2.7750000000000057,2.7849999999999966,2.75,2.75,2.7590000000000003,2.7612500000000004,2.7612500000000004,2.7849999999999966,0.9000000000000341,1.1250000000000426,3.499999999999659,1.1250000000000426,3.499999999999659,-1.999999999999602
2023-06-23,2.625,2.614999999999995,2.6099999999999994,2.6099999999999994,2.614999999999995,2.6200000000000045,2.6299999999999955,2.640000000000001,2.6500000000000057,2.6099999999999994,2.6099999999999994,2.622999999999999,2.626249999999999,2.626249999999999,2.6500000000000057,1.2999999999999456,1.6249999999999432,4.000000000000625,1.6249999999999432,3.50000000000108,-1.5000000000000568
2023-06-26,2.5849999999999937,2.575000000000003,2.575000000000003,2.5799999999999983,2.5900000000000034,2.594999999999999,2.5999999999999943,2.5999999999999943,2.5999999999999943,2.5799999999999983,2.575000000000003,2.5929999999999978,2.5962499999999977,2.5962499999999977,2.5999999999999943,1.2999999999999456,1.6249999999999432,1.999999999999602,2.1249999999994884,0.9999999999990905,-0.49999999999954525
2023-06-27,2.644999999999996,2.625,2.625,2.6299999999999955,2.635000000000005,2.635000000000005,2.635000000000005,2.6299999999999955,2.6299999999999955,2.6299999999999955,2.625,2.6330000000000013,2.6337500000000027,2.6337500000000027,2.6299999999999955,0.3000000000005887,0.37500000000072475,0.0,0.87500000000027,-0.5000000000009663,-1.5000000000000568
2023-06-28,2.5999999999999943,2.5799999999999983,2.575000000000003,2.5849999999999937,2.5900000000000034,2.5999999999999943,2.5999999999999943,2.5999999999999943,2.5999999999999943,2.5849999999999937,2.575000000000003,2.594999999999996,2.5974999999999966,2.5974999999999966,2.5999999999999943,1.0000000000002451,1.2500000000002842,1.5000000000000568,2.2499999999993747,0.9999999999990905,-1.5000000000000568
2023-06-29,2.6899999999999977,2.6700000000000017,2.6599999999999966,2.6700000000000017,2.674999999999997,2.680000000000007,2.6850000000000023,2.6850000000000023,2.6850000000000023,2.6700000000000017,2.6599999999999966,2.679000000000002,2.681250000000002,2.681250000000002,2.6850000000000023,0.9000000000000341,1.1250000000000426,1.5000000000000568,2.1250000000005542,1.0000000000005116,-1.999999999999602
2023-06-30,2.680000000000007,2.655000000000001,2.644999999999996,2.6500000000000057,2.655000000000001,2.655000000000001,2.6599999999999966,2.6599999999999966,2.655000000000001,2.6500000000000057,2.644999999999996,2.656,2.657499999999999,2.657499999999999,2.655000000000001,0.5999999999994454,0.7499999999993179,0.49999999999954525,1.2500000000002842,0.0,-3.0000000000001137
2023-07-03,2.739999999999995,2.7099999999999937,2.694999999999993,2.694999999999993,2.700000000000003,2.700000000000003,2.694999999999993,2.694999999999993,2.6899999999999977,2.694999999999993,2.694999999999993,2.696999999999997,2.697499999999998,2.697499999999998,2.6899999999999977,0.20000000000037765,0.25000000000048317,-0.49999999999954525,0.25000000000048317,-1.0000000000005116,-4.5000000000001705
2023-07-04,2.7549999999999955,2.730000000000004,2.719999999999999,2.7249999999999943,2.7249999999999943,2.730000000000004,2.730000000000004,2.7249999999999943,2.719999999999999,2.7249999999999943,2.719999999999999,2.726999999999998,2.727499999999999,2.727499999999999,2.719999999999999,0.20000000000037765,0.25000000000048317,-0.49999999999954525,0.7500000000000284,-0.49999999999954525,-3.0000000000001137
2023-07-05,2.765000000000001,2.7450000000000045,2.739999999999995,2.7450000000000045,2.75,2.7549999999999955,2.7549999999999955,2.7549999999999955,2.7549999999999955,2.7450000000000045,2.739999999999995,2.751999999999998,2.7537499999999966,2.7537499999999966,2.7549999999999955,0.6999999999993456,0.8749999999992042,0.9999999999990905,1.3750000000001705,0.49999999999954525,-1.9999999999996465
2023-07-06,2.9599999999999937,2.9399999999999977,2.9350000000000023,2.9350000000000023,2.9399999999999977,2.9399999999999977,2.9399999999999977,2.9399999999999977,2.9350000000000023,2.9350000000000023,2.9350000000000023,2.9389999999999987,2.9399999999999977,2.9399999999999977,2.9350000000000023,0.3999999999996451,0.49999999999954525,0.0,0.49999999999954525,-0.49999999999954525,-2.4999999999991473
2023-07-07,2.944999999999993,2.9350000000000023,2.9399999999999977,2.950000000000003,2.9599999999999937,2.9650000000000034,2.969999999999999,2.969999999999999,2.969999999999999,2.950000000000003,2.9399999999999977,2.9629999999999996,2.9662499999999987,2.9662499999999987,2.969999999999999,1.2999999999996792,1.6249999999995879,1.999999999999602,2.6250000000000995,1.0000000000005116,0.5000000000009663
2023-07-10,2.9749999999999943,2.9599999999999937,2.9549999999999983,2.9650000000000034,2.9749999999999943,2.9849999999999994,2.989999999999995,2.989999999999995,2.989999999999995,2.9650000000000034,2.9549999999999983,2.980999999999997,2.984999999999996,2.984999999999996,2.989999999999995,1.5999999999993797,1.9999999999992468,2.4999999999991473,2.9999999999997584,1.5000000000000568,-0.9999999999990905
2023-07-11,2.969999999999999,2.9549999999999983,2.950000000000003,2.9599999999999937,2.9749999999999943,2.9849999999999994,2.989999999999995,2.9950000000000045,3.0,2.9599999999999937,2.950000000000003,2.980999999999997,2.9862499999999983,2.9862499999999983,3.0,2.100000000000346,2.6250000000004547,4.000000000000625,3.6249999999995453,2.5000000000005684,-1.0000000000005116
2023-07-12,2.855000000000004,2.8400000000000034,2.8400000000000034,2.855000000000004,2.8700000000000045,2.885000000000005,2.9000000000000057,2.9099999999999966,2.9150000000000063,2.855000000000004,2.8400000000000034,2.884000000000003,2.891250000000003,2.891250000000003,2.9150000000000063,2.8999999999999027,3.6249999999999005,6.000000000000227,5.124999999999957,4.5000000000001705,0.0
2023-07-13,2.780000000000001,2.769999999999996,2.769999999999996,2.7849999999999966,2.799999999999997,2.8149999999999977,2.8299999999999983,2.8400000000000034,2.844999999999999,2.7849999999999966,2.769999999999996,2.8139999999999987,2.821249999999999,2.821249999999999,2.844999999999999,2.9000000000002135,3.625000000000256,6.000000000000227,5.125000000000313,4.5000000000001705,0.49999999999954525
2023-07-14,2.7750000000000057,2.760000000000005,2.760000000000005,2.769999999999996,2.7849999999999966,2.799999999999997,2.8149999999999977,2.825000000000003,2.8299999999999983,2.769999999999996,2.760000000000005,2.798999999999998,2.8062499999999986,2.8062499999999986,2.8299999999999983,2.9000000000002135,3.625000000000256,6.000000000000227,4.624999999999346,4.5000000000001705,-0.5000000000009663
2023-07-17,2.730000000000004,2.7150000000000034,2.7150000000000034,2.7249999999999943,2.739999999999995,2.760000000000005,2.7750000000000057,2.7849999999999966,2.7950000000000017,2.7249999999999943,2.7150000000000034,2.7569999999999992,2.7650000000000006,2.7650000000000006,2.7950000000000017,3.2000000000004913,4.000000000000625,7.000000000000739,4.999999999999716,5.500000000000682,-0.5000000000009663
2023-07-18,2.605000000000004,2.594999999999999,2.594999999999999,2.6099999999999994,2.6299999999999955,2.6500000000000057,2.6650000000000063,2.680000000000007,2.6899999999999977,2.6099999999999994,2.594999999999999,2.647000000000003,2.6562500000000036,2.6562500000000036,2.6899999999999977,3.7000000000003475,4.625000000000412,7.9999999999998295,6.125000000000469,6.000000000000227,0.49999999999954525
2023-07-19,2.674999999999997,2.6650000000000063,2.6700000000000017,2.6850000000000023,2.7049999999999983,2.7249999999999943,2.739999999999995,2.7549999999999955,2.765000000000001,2.6850000000000023,2.6700000000000017,2.721999999999997,2.7312499999999957,2.7312499999999957,2.765000000000001,3.6999999999994593,4.624999999999346,7.999999999999874,6.124999999999403,6.000000000000272,1.0000000000005116
2023-07-20,2.7549999999999955,2.7450000000000045,2.7450000000000045,2.760000000000005,2.780000000000001,2.7950000000000017,2.8149999999999977,2.825000000000003,2.8349999999999937,2.760000000000005,2.7450000000000045,2.7950000000000017,2.803750000000001,2.803750000000001,2.8349999999999937,3.499999999999659,4.374999999999574,7.499999999998863,5.8749999999996305,5.499999999999261,0.5000000000009663
2023-07-21,2.7249999999999943,2.7150000000000034,2.719999999999999,2.7349999999999994,2.75,2.769999999999996,2.7900000000000063,2.805000000000007,2.819999999999993,2.7349999999999994,2.719999999999999,2.770000000000002,2.7787500000000023,2.7787500000000023,2.819999999999993,3.5000000000002363,4.375000000000284,8.499999999999375,5.875000000000341,6.999999999999318,1.0000000000005116
2023-07-24,2.680000000000007,2.674999999999997,2.674999999999997,2.6899999999999977,2.7099999999999937,2.730000000000004,2.75,2.765000000000001,2.780000000000001,2.6899999999999977,2.674999999999997,2.728999999999999,2.7387499999999996,2.7387499999999996,2.780000000000001,3.900000000000148,4.875000000000185,9.000000000000341,6.375000000000242,7.000000000000739,0.9999999999990905
2023-07-25,2.694999999999993,2.6899999999999977,2.6899999999999977,2.7099999999999937,2.7249999999999943,2.7450000000000045,2.765000000000001,2.780000000000001,2.7950000000000017,2.7099999999999937,2.6899999999999977,2.7449999999999988,2.75375,2.75375,2.7950000000000017,3.5000000000005027,4.3750000000006395,8.500000000000796,6.375000000000242,7.000000000000739,1.5000000000000568
2023-07-26,2.7349999999999994,2.7249999999999943,2.719999999999999,2.730000000000004,2.7450000000000045,2.765000000000001,2.780000000000001,2.7950000000000017,2.8100000000000023,2.730000000000004,2.719999999999999,2.7630000000000026,2.771250000000002,2.771250000000002,2.8100000000000023,3.2999999999998586,4.124999999999801,7.9999999999998295,5.125000000000313,6.499999999999773,-0.49999999999954525
2023-07-27,2.7349999999999994,2.730000000000004,2.730000000000004,2.7450000000000045,2.760000000000005,2.780000000000001,2.7950000000000017,2.8149999999999977,2.8299999999999983,2.7450000000000045,2.730000000000004,2.779000000000002,2.7875000000000014,2.7875000000000014,2.8299999999999983,3.3999999999997588,4.249999999999687,8.499999999999375,5.749999999999744,6.999999999999318,1.0000000000005116
2023-07-28,2.7249999999999943,2.719999999999999,2.7249999999999943,2.739999999999995,2.765000000000001,2.7849999999999966,2.805000000000007,2.819999999999993,2.8349999999999937,2.739999999999995,2.7249999999999943,2.7829999999999986,2.7937499999999993,2.7937499999999993,2.8349999999999937,4.30000000000037,5.3750000000004405,9.499999999999886,6.875000000000497,6.9999999999992735,1.5000000000000568
2023-07-31,2.7150000000000034,2.7150000000000034,2.7249999999999943,2.7450000000000045,2.765000000000001,2.7900000000000063,2.8100000000000023,2.8299999999999983,2.844999999999999,2.7450000000000045,2.7249999999999943,2.7880000000000025,2.798750000000002,2.798750000000002,2.844999999999999,4.299999999999793,5.37499999999973,9.999999999999432,7.375000000000753,7.999999999999785,3.0000000000001137
2023-08-01,2.780000000000001,2.7849999999999966,2.799999999999997,2.819999999999993,2.8400000000000034,2.864999999999995,2.890000000000001,2.9099999999999966,2.924999999999997,2.819999999999993,2.799999999999997,2.8649999999999975,2.876249999999999,2.876249999999999,2.924999999999997,4.500000000000437,5.625000000000568,10.500000000000398,7.6250000000001705,8.499999999999375,3.999999999999204
2023-08-02,2.765000000000001,2.765000000000001,2.7750000000000057,2.7950000000000017,2.8100000000000023,2.8400000000000034,2.864999999999995,2.890000000000001,2.9099999999999966,2.7950000000000017,2.7750000000000057,2.8400000000000007,2.8512500000000003,2.8512500000000003,2.9099999999999966,4.499999999999904,5.624999999999858,11.499999999999488,7.62499999999946,9.999999999999432,3.0000000000000693
2023-08-03,2.825000000000003,2.8299999999999983,2.844999999999999,2.864999999999995,2.890000000000001,2.9200000000000017,2.950000000000003,2.9749999999999943,2.9950000000000045,2.864999999999995,2.844999999999999,2.919999999999999,2.93375,2.93375,2.9950000000000045,5.500000000000416,6.875000000000497,13.000000000000966,8.8750000000001,10.500000000000353,3.999999999999204
2023-08-04,2.8149999999999977,2.819999999999993,2.825000000000003,2.844999999999999,2.864999999999995,2.890000000000001,2.9150000000000063,2.9399999999999977,2.9599999999999937,2.844999999999999,2.825000000000003,2.8909999999999996,2.9025,2.9025,2.9599999999999937,4.600000000000071,5.7500000000000995,11.499999999999488,7.749999999999702,9.499999999999886,3.0000000000001137
2023-08-07,2.8499999999999943,2.8599999999999994,2.875,2.894999999999996,2.9200000000000017,2.944999999999993,2.9749999999999943,3.0,3.019999999999996,2.894999999999996,2.875,2.946999999999997,2.9599999999999973,2.9599999999999973,3.019999999999996,5.200000000000093,6.500000000000128,12.5,8.49999999999973,9.999999999999432,4.5000000000001705
2023-08-08,2.739999999999995,2.7450000000000045,2.760000000000005,2.7750000000000057,2.799999999999997,2.825000000000003,2.855000000000004,2.875,2.894999999999996,2.7750000000000057,2.760000000000005,2.826000000000002,2.838750000000001,2.838750000000001,2.894999999999996,5.099999999999616,6.374999999999531,11.999999999999034,7.874999999999588,9.499999999999886,3.50000000000108
2023-08-09,2.760000000000005,2.765000000000001,2.7750000000000057,2.7950000000000017,2.819999999999993,2.844999999999999,2.8700000000000045,2.890000000000001,2.9099999999999966,2.7950000000000017,2.7750000000000057,2.844,2.8562499999999993,2.8562499999999993,2.9099999999999966,4.899999999999816,6.124999999999758,11.499999999999488,8.12499999999936,9.000000000000341,3.499999999999659
2023-08-10,2.7900000000000063,2.7950000000000017,2.805000000000007,2.8299999999999983,2.8499999999999943,2.875,2.9000000000000057,2.924999999999997,2.944999999999993,2.8299999999999983,2.805000000000007,2.875999999999999,2.8874999999999993,2.8874999999999993,2.944999999999993,4.600000000000071,5.7500000000000995,11.499999999999488,8.249999999999247,9.499999999999886,3.999999999999204
2023-08-11,2.8799999999999955,2.885000000000005,2.9000000000000057,2.9200000000000017,2.9399999999999977,2.9650000000000034,2.989999999999995,3.015000000000001,3.030000000000001,2.9200000000000017,2.9000000000000057,2.9659999999999997,2.977499999999999,2.977499999999999,3.030000000000001,4.599999999999804,5.749999999999744,10.999999999999943,7.749999999999346,9.000000000000341,4.000000000000625
2023-08-14,2.894999999999996,2.9000000000000057,2.9099999999999966,2.930000000000007,2.950000000000003,2.9749999999999943,3.0,3.015000000000001,3.030000000000001,2.930000000000007,2.9099999999999966,2.974000000000001,2.9849999999999994,2.9849999999999994,3.030000000000001,4.399999999999427,5.499999999999261,9.999999999999432,7.500000000000284,7.9999999999998295,3.50000000000108
2023-08-15,2.930000000000007,2.9350000000000023,2.944999999999993,2.9650000000000034,2.9849999999999994,3.010000000000005,3.030000000000001,3.049999999999997,3.0649999999999977,2.9650000000000034,2.944999999999993,3.0080000000000013,3.0187500000000007,3.0187500000000007,3.0649999999999977,4.299999999999793,5.37499999999973,9.999999999999432,7.375000000000753,7.9999999999998295,3.499999999999659
2023-08-16,2.9000000000000057,2.9099999999999966,2.9200000000000017,2.9399999999999977,2.9650000000000034,2.989999999999995,3.010000000000005,3.030000000000001,3.0450000000000017,2.9399999999999977,2.9200000000000017,2.9870000000000005,2.998750000000001,2.998750000000001,3.0450000000000017,4.700000000000282,5.875000000000341,10.500000000000398,7.874999999999943,7.9999999999998295,3.999999999999204
2023-08-17,2.9549999999999983,2.9650000000000034,2.9749999999999943,3.0,3.019999999999996,3.0450000000000017,3.0649999999999977,3.0849999999999937,3.0999999999999943,3.0,2.9749999999999943,3.042999999999998,3.0537499999999973,3.0537499999999973,3.0999999999999943,4.299999999999793,5.37499999999973,9.999999999999432,7.875000000000298,7.9999999999998295,4.5000000000001705
2023-08-18,2.890000000000001,2.894999999999996,2.9099999999999966,2.930000000000007,2.950000000000003,2.969999999999999,2.9950000000000045,3.010000000000005,3.0250000000000057,2.930000000000007,2.9099999999999966,2.9710000000000036,2.981250000000003,2.981250000000003,3.0250000000000057,4.099999999999682,5.124999999999602,9.499999999999886,7.125000000000625,7.500000000000284,4.000000000000581
2023-08-21,2.9599999999999937,2.9650000000000034,2.9749999999999943,2.9950000000000045,3.015000000000001,3.0400000000000063,3.0600000000000023,3.075000000000003,3.0900000000000034,2.9950000000000045,2.9749999999999943,3.0370000000000035,3.047500000000003,3.047500000000003,3.0900000000000034,4.199999999999893,5.249999999999844,9.499999999999886,7.250000000000867,7.50000000000024,3.50000000000108
2023-08-22,2.894999999999996,2.905000000000001,2.9150000000000063,2.9350000000000023,2.9549999999999983,2.9749999999999943,2.9950000000000045,3.015000000000001,3.030000000000001,2.9350000000000023,2.9150000000000063,2.975,2.9849999999999994,2.9849999999999994,3.030000000000001,3.9999999999997815,4.999999999999716,9.499999999999886,6.999999999999318,7.500000000000284,4.000000000000625
2023-08-23,2.7750000000000057,2.780000000000001,2.7900000000000063,2.805000000000007,2.825000000000003,2.844999999999999,2.8599999999999994,2.8799999999999955,2.894999999999996,2.805000000000007,2.7900000000000063,2.843000000000001,2.852499999999999,2.852499999999999,2.894999999999996,3.799999999999404,4.749999999999233,8.99999999999892,6.2499999999992895,6.999999999999318,3.0000000000001137
2023-08-24,2.7849999999999966,2.7950000000000017,2.799999999999997,2.8149999999999977,2.8299999999999983,2.8499999999999943,2.8700000000000045,2.885000000000005,2.9000000000000057,2.8149999999999977,2.799999999999997,2.85,2.8587500000000006,2.8587500000000006,2.9000000000000057,3.5000000000002363,4.375000000000284,8.500000000000796,5.875000000000341,7.000000000000739,3.0000000000001137
2023-08-25,2.8349999999999937,2.8349999999999937,2.844999999999999,2.855000000000004,2.8700000000000045,2.885000000000005,2.9000000000000057,2.9150000000000063,2.924999999999997,2.855000000000004,2.844999999999999,2.885000000000005,2.8925000000000054,2.8925000000000054,2.924999999999997,3.0000000000001137,3.750000000000142,6.999999999999318,4.750000000000654,5.499999999999261,2.000000000001023
2023-08-28,2.8299999999999983,2.8349999999999937,2.8400000000000034,2.8499999999999943,2.864999999999995,2.8799999999999955,2.894999999999996,2.905000000000001,2.9200000000000017,2.8499999999999943,2.8400000000000034,2.8789999999999965,2.886249999999997,2.886249999999997,2.9200000000000017,2.9000000000002135,3.625000000000256,7.000000000000739,4.624999999999346,5.500000000000682,1.999999999999602
2023-08-29,2.760000000000005,2.760000000000005,2.769999999999996,2.780000000000001,2.7950000000000017,2.8149999999999977,2.8299999999999983,2.844999999999999,2.8599999999999994,2.780000000000001,2.769999999999996,2.8129999999999997,2.821249999999999,2.821249999999999,2.8599999999999994,3.2999999999998586,4.124999999999801,7.9999999999998295,5.125000000000313,6.499999999999773,1.999999999999602
2023-08-30,2.7750000000000057,2.780000000000001,2.7849999999999966,2.799999999999997,2.8149999999999977,2.8299999999999983,2.8400000000000034,2.8499999999999943,2.8599999999999994,2.799999999999997,2.7849999999999966,2.826999999999998,2.8337499999999984,2.8337499999999984,2.8599999999999994,2.7000000000001023,3.375000000000128,6.000000000000227,4.875000000000185,4.5000000000001705,2.4999999999991473
2023-08-31,2.6899999999999977,2.694999999999993,2.700000000000003,2.7150000000000034,2.7249999999999943,2.7450000000000045,2.7549999999999955,2.769999999999996,2.7849999999999966,2.7150000000000034,2.700000000000003,2.7419999999999987,2.7487499999999976,2.7487499999999976,2.7849999999999966,2.699999999999525,3.3749999999994174,6.999999999999318,4.874999999999474,6.000000000000227,2.5000000000005684
2023-09-01,2.760000000000005,2.769999999999996,2.780000000000001,2.799999999999997,2.819999999999993,2.8349999999999937,2.855000000000004,2.8700000000000045,2.885000000000005,2.799999999999997,2.780000000000001,2.8359999999999985,2.844999999999999,2.844999999999999,2.885000000000005,3.6000000000001364,4.5000000000001705,8.500000000000796,6.499999999999773,6.500000000001194,3.999999999999204
2023-09-04,2.8149999999999977,2.825000000000003,2.844999999999999,2.8599999999999994,2.875,2.894999999999996,2.9099999999999966,2.924999999999997,2.9399999999999977,2.8599999999999994,2.844999999999999,2.892999999999998,2.9012499999999974,2.9012499999999974,2.9399999999999977,3.2999999999998586,4.124999999999801,7.9999999999998295,5.624999999999858,6.499999999999773,4.5000000000001705
2023-09-05,2.8299999999999983,2.844999999999999,2.864999999999995,2.885000000000005,2.905000000000001,2.9200000000000017,2.9399999999999977,2.9549999999999983,2.9650000000000034,2.885000000000005,2.864999999999995,2.9210000000000007,2.9299999999999997,2.9299999999999997,2.9650000000000034,3.599999999999559,4.49999999999946,7.9999999999998295,6.500000000000483,6.000000000000227,5.500000000000682
2023-09-06,2.875,2.890000000000001,2.905000000000001,2.9200000000000017,2.9350000000000023,2.9549999999999983,2.9650000000000034,2.980000000000004,2.989999999999995,2.9200000000000017,2.905000000000001,2.951000000000002,2.958750000000002,2.958750000000002,2.989999999999995,3.100000000000014,3.8750000000000284,6.999999999999318,5.375000000000085,5.499999999999261,4.5000000000001705
2023-09-07,2.855000000000004,2.864999999999995,2.8799999999999955,2.890000000000001,2.905000000000001,2.924999999999997,2.9399999999999977,2.9549999999999983,2.9650000000000034,2.890000000000001,2.8799999999999955,2.922999999999999,2.9312499999999986,2.9312499999999986,2.9650000000000034,3.299999999999814,4.124999999999757,7.50000000000024,5.125000000000313,6.000000000000227,3.4999999999997033
2023-09-08,2.844999999999999,2.855000000000004,2.8700000000000045,2.885000000000005,2.9000000000000057,2.9150000000000063,2.930000000000007,2.9399999999999977,2.950000000000003,2.885000000000005,2.8700000000000045,2.914000000000004,2.921250000000004,2.921250000000004,2.950000000000003,2.8999999999999027,3.6249999999999005,6.499999999999773,5.124999999999957,4.999999999999716,4.000000000000625
2023-09-11,2.875,2.885000000000005,2.9000000000000057,2.9200000000000017,2.9350000000000023,2.950000000000003,2.9650000000000034,2.9749999999999943,2.9849999999999994,2.9200000000000017,2.9000000000000057,2.9490000000000007,2.9562500000000007,2.9562500000000007,2.9849999999999994,2.8999999999999027,3.6249999999999005,6.499999999999773,5.624999999999503,4.999999999999716,4.5000000000001705
2023-09-12,2.8799999999999955,2.890000000000001,2.905000000000001,2.9200000000000017,2.9350000000000023,2.950000000000003,2.9599999999999937,2.969999999999999,2.980000000000004,2.9200000000000017,2.905000000000001,2.947,2.9537499999999994,2.9537499999999994,2.980000000000004,2.699999999999836,3.3749999999997726,6.000000000000227,4.8749999999998295,4.5000000000001705,4.000000000000625
2023-09-13,2.905000000000001,2.9099999999999966,2.924999999999997,2.9350000000000023,2.944999999999993,2.9549999999999983,2.9650000000000034,2.9749999999999943,2.980000000000004,2.9350000000000023,2.924999999999997,2.9549999999999983,2.9599999999999973,2.9599999999999973,2.980000000000004,1.999999999999602,2.4999999999995026,4.5000000000001705,3.500000000000014,3.50000000000108,3.0000000000001137
2023-09-14,2.7900000000000063,2.799999999999997,2.8100000000000023,2.819999999999993,2.8349999999999937,2.844999999999999,2.855000000000004,2.8700000000000045,2.885000000000005,2.819999999999993,2.8100000000000023,2.844999999999999,2.8512500000000003,2.8512500000000003,2.885000000000005,2.5000000000005684,3.1250000000007105,6.500000000001194,4.124999999999801,5.000000000001137,2.9999999999986926
2023-09-15,2.8499999999999943,2.8599999999999994,2.875,2.894999999999996,2.9099999999999966,2.930000000000007,2.944999999999993,2.9599999999999937,2.980000000000004,2.894999999999996,2.875,2.9279999999999973,2.9362499999999976,2.9362499999999976,2.980000000000004,3.300000000000125,4.125000000000156,8.500000000000796,6.124999999999758,7.000000000000739,4.5000000000001705
2023-09-18,2.905000000000001,2.9150000000000063,2.924999999999997,2.944999999999993,2.9599999999999937,2.980000000000004,2.9950000000000045,3.015000000000001,3.0400000000000063,2.944999999999993,2.924999999999997,2.978999999999999,2.9875000000000007,2.9875000000000007,3.0400000000000063,3.4000000000006025,4.250000000000753,9.500000000001307,6.250000000000355,8.00000000000125,3.999999999999204
2023-09-19,2.924999999999997,2.9350000000000023,2.944999999999993,2.9599999999999937,2.980000000000004,2.989999999999995,3.010000000000005,3.0250000000000057,3.0450000000000017,2.9599999999999937,2.944999999999993,2.9930000000000008,3.0012500000000024,3.0012500000000024,3.0450000000000017,3.3000000000007024,4.125000000000867,8.500000000000796,5.625000000000924,6.499999999999773,3.499999999999659
2023-09-20,2.894999999999996,2.905000000000001,2.9150000000000063,2.930000000000007,2.944999999999993,2.9599999999999937,2.980000000000004,3.0,3.0250000000000057,2.930000000000007,2.9150000000000063,2.9629999999999996,2.9712499999999977,2.9712499999999977,3.0250000000000057,3.2999999999992813,4.1249999999990905,9.499999999999886,5.624999999999147,8.00000000000125,3.50000000000108
2023-09-21,2.9399999999999977,2.944999999999993,2.9599999999999937,2.9749999999999943,2.989999999999995,3.0049999999999955,3.019999999999996,3.0450000000000017,3.0649999999999977,2.9749999999999943,2.9599999999999937,3.0069999999999966,3.014999999999997,3.014999999999997,3.0649999999999977,3.200000000000225,4.00000000000027,9.000000000000341,5.500000000000327,7.500000000000284,3.499999999999659
2023-09-22,2.9350000000000023,2.944999999999993,2.9549999999999983,2.9749999999999943,2.9950000000000045,3.010000000000005,3.030000000000001,3.055000000000007,3.075000000000003,2.9749999999999943,2.9549999999999983,3.0130000000000026,3.0225000000000044,3.0225000000000044,3.075000000000003,3.800000000000825,4.750000000001009,10.000000000000853,6.750000000000611,7.9999999999998295,3.999999999999204
2023-09-25,2.9599999999999937,2.9749999999999943,3.0,3.0250000000000057,3.055000000000007,3.0849999999999937,3.1099999999999994,3.140000000000001,3.174999999999997,3.0250000000000057,3.0,3.083000000000001,3.0975,3.0975,3.174999999999997,5.799999999999539,7.249999999999446,14.999999999999147,9.750000000000014,11.999999999999034,6.500000000001194
2023-09-26,2.9749999999999943,2.9950000000000045,3.015000000000001,3.0450000000000017,3.069999999999993,3.094999999999999,3.125,3.1500000000000057,3.180000000000007,3.0450000000000017,3.015000000000001,3.097,3.1099999999999994,3.1099999999999994,3.180000000000007,5.199999999999827,6.499999999999773,13.500000000000512,9.499999999999842,11.000000000001364,7.000000000000739
2023-09-27,3.0049999999999955,3.0250000000000057,3.0450000000000017,3.069999999999993,3.094999999999999,3.1200000000000045,3.1500000000000057,3.174999999999997,3.2049999999999983,3.069999999999993,3.0450000000000017,3.122,3.1350000000000016,3.1350000000000016,3.2049999999999983,5.200000000000671,6.500000000000838,13.500000000000512,8.999999999999986,10.999999999999943,6.499999999999773
2023-09-28,3.1650000000000063,3.1899999999999977,3.2150000000000034,3.239999999999995,3.269999999999996,3.2950000000000017,3.325000000000003,3.3599999999999994,3.385000000000005,3.239999999999995,3.2150000000000034,3.297999999999999,3.3125,3.3125,3.385000000000005,5.800000000000427,7.250000000000512,14.500000000001023,9.749999999999659,11.50000000000091,7.499999999998863
2023-09-29,3.0,3.015000000000001,3.0349999999999966,3.055000000000007,3.0849999999999937,3.114999999999995,3.144999999999996,3.174999999999997,3.2049999999999983,3.055000000000007,3.0349999999999966,3.1149999999999975,3.1299999999999955,3.1299999999999955,3.2049999999999983,5.999999999999073,7.499999999998863,14.999999999999147,9.499999999999886,12.000000000000455,5.500000000000682
2023-10-02,3.075000000000003,3.0999999999999943,3.125,3.155000000000001,3.1850000000000023,3.219999999999999,3.260000000000005,3.2950000000000017,3.3299999999999983,3.155000000000001,3.125,3.2230000000000016,3.240000000000002,3.240000000000002,3.3299999999999983,6.8000000000000504,8.500000000000085,17.499999999999716,11.500000000000199,14.499999999999602,7.9999999999998295
2023-10-03,3.114999999999995,3.135000000000005,3.1599999999999966,3.1899999999999977,3.2249999999999943,3.265000000000001,3.305000000000007,3.3499999999999943,3.390000000000001,3.1899999999999977,3.1599999999999966,3.2669999999999986,3.286249999999999,3.286249999999999,3.390000000000001,7.7000000000000846,9.625000000000128,20.000000000000327,12.625000000000242,16.500000000000668,7.500000000000284
2023-10-04,3.125,3.144999999999996,3.1700000000000017,3.200000000000003,3.2349999999999994,3.2750000000000057,3.3149999999999977,3.3599999999999994,3.4000000000000057,3.200000000000003,3.1700000000000017,3.277000000000001,3.2962500000000006,3.2962500000000006,3.4000000000000057,7.699999999999818,9.624999999999773,20.000000000000284,12.624999999999886,16.500000000000625,7.500000000000284
2023-10-05,3.049999999999997,3.075000000000003,3.0999999999999943,3.1299999999999955,3.1650000000000063,3.200000000000003,3.2450000000000045,3.2849999999999966,3.3299999999999983,3.1299999999999955,3.0999999999999943,3.205000000000001,3.2237500000000026,3.2237500000000026,3.3299999999999983,7.500000000000551,9.37500000000071,20.000000000000284,12.375000000000824,16.499999999999204,7.9999999999998295
2023-10-06,3.0600000000000023,3.0849999999999937,3.105000000000004,3.135000000000005,3.1700000000000017,3.2099999999999937,3.2549999999999955,3.299999999999997,3.344999999999999,3.135000000000005,3.105000000000004,3.2139999999999986,3.233749999999997,3.233749999999997,3.344999999999999,7.899999999999352,9.87499999999919,20.999999999999375,12.874999999999304,17.499999999999716,7.500000000000284
2023-10-09,2.9549999999999983,2.9749999999999943,3.0,3.0250000000000057,3.055000000000007,3.094999999999999,3.135000000000005,3.180000000000007,3.2249999999999943,3.0250000000000057,3.0,3.0980000000000047,3.1162500000000044,3.1162500000000044,3.2249999999999943,7.299999999999907,9.124999999999872,19.999999999998863,11.62500000000044,16.99999999999875,7.000000000000739
2023-10-10,2.9650000000000034,2.989999999999995,3.019999999999996,3.0450000000000017,3.0799999999999983,3.114999999999995,3.1599999999999966,3.200000000000003,3.2450000000000045,3.0450000000000017,3.019999999999996,3.1199999999999988,3.138749999999998,3.138749999999998,3.2450000000000045,7.499999999999707,9.374999999999645,20.000000000000284,11.875000000000213,16.500000000000625,7.9999999999998295
2023-10-11,2.930000000000007,2.950000000000003,2.969999999999999,2.9950000000000045,3.0250000000000057,3.049999999999997,3.0799999999999983,3.114999999999995,3.1500000000000057,2.9950000000000045,2.969999999999999,3.053,3.067499999999999,3.067499999999999,3.1500000000000057,5.799999999999539,7.249999999999446,15.500000000000114,9.750000000000014,12.5,6.499999999999773
2023-10-12,2.980000000000004,2.9950000000000045,3.015000000000001,3.0400000000000063,3.0600000000000023,3.0900000000000034,3.114999999999995,3.1500000000000057,3.1850000000000023,3.0400000000000063,3.015000000000001,3.0910000000000024,3.1037500000000016,3.1037500000000016,3.1850000000000023,5.099999999999616,6.374999999999531,14.499999999999602,8.875000000000055,12.5,6.000000000000227
2023-10-13,2.9399999999999977,2.9549999999999983,2.9749999999999943,3.0,3.0250000000000057,3.049999999999997,3.075000000000003,3.105000000000004,3.140000000000001,3.0,2.9749999999999943,3.051000000000002,3.0637500000000024,3.0637500000000024,3.140000000000001,5.100000000000193,6.375000000000242,14.000000000000101,8.87500000000081,11.499999999999533,6.000000000000227
2023-10-16,2.9650000000000034,2.9849999999999994,3.0049999999999955,3.0349999999999966,3.0600000000000023,3.0849999999999937,3.114999999999995,3.1500000000000057,3.1850000000000023,3.0349999999999966,3.0049999999999955,3.0889999999999986,3.102499999999999,3.102499999999999,3.1850000000000023,5.400000000000205,6.750000000000256,15.000000000000568,9.75000000000037,12.5,6.999999999999318
2023-10-17,3.0450000000000017,3.0649999999999977,3.0849999999999937,3.1099999999999994,3.140000000000001,3.1650000000000063,3.194999999999993,3.230000000000004,3.265000000000001,3.1099999999999994,3.0849999999999937,3.1680000000000006,3.182500000000001,3.182500000000001,3.265000000000001,5.800000000000116,7.250000000000156,15.500000000000158,9.750000000000725,12.5,6.499999999999773
2023-10-18,3.0999999999999943,3.114999999999995,3.140000000000001,3.1650000000000063,3.194999999999993,3.2249999999999943,3.2549999999999955,3.2900000000000063,3.325000000000003,3.1650000000000063,3.140000000000001,3.225999999999999,3.2412499999999973,3.2412499999999973,3.325000000000003,6.099999999999284,7.624999999999105,15.999999999999659,10.124999999999629,13.000000000000966,6.500000000001194
2023-10-19,3.1200000000000045,3.135000000000005,3.155000000000001,3.180000000000007,3.2049999999999983,3.2349999999999994,3.260000000000005,3.2950000000000017,3.3299999999999983,3.180000000000007,3.155000000000001,3.235000000000002,3.248750000000001,3.248750000000001,3.3299999999999983,5.4999999999995275,6.874999999999432,14.999999999999147,9.375,12.5,6.000000000000227
2023-10-20,3.0600000000000023,3.0849999999999937,3.1099999999999994,3.140000000000001,3.1700000000000017,3.2049999999999983,3.239999999999995,3.280000000000001,3.319999999999993,3.140000000000001,3.1099999999999994,3.2069999999999994,3.223749999999999,3.223749999999999,3.319999999999993,6.699999999999839,8.3749999999998,17.99999999999922,11.374999999999957,14.999999999999147,7.999999999999874
2023-10-23,3.049999999999997,3.075000000000003,3.1099999999999994,3.140000000000001,3.1700000000000017,3.2049999999999983,3.239999999999995,3.2750000000000057,3.319999999999993,3.140000000000001,3.1099999999999994,3.2060000000000004,3.2225,3.2225,3.319999999999993,6.599999999999939,8.249999999999913,17.99999999999922,11.250000000000071,14.999999999999147,9.000000000000385
2023-10-24,2.9849999999999994,3.015000000000001,3.0450000000000017,3.0799999999999983,3.114999999999995,3.144999999999996,3.174999999999997,3.2099999999999937,3.2450000000000045,3.0799999999999983,3.0450000000000017,3.144999999999996,3.1612499999999955,3.1612499999999955,3.2450000000000045,6.499999999999773,8.124999999999716,16.500000000000625,11.624999999999375,13.000000000000966,9.499999999999886
2023-10-25,3.015000000000001,3.049999999999997,3.0849999999999937,3.1200000000000045,3.155000000000001,3.1899999999999977,3.2249999999999943,3.260000000000005,3.299999999999997,3.1200000000000045,3.0849999999999937,3.1900000000000004,3.2074999999999996,3.2074999999999996,3.299999999999997,6.999999999999584,8.749999999999503,17.99999999999926,12.250000000000583,14.499999999999602,10.500000000000353
2023-10-26,2.9650000000000034,3.0,3.0400000000000063,3.0799999999999983,3.114999999999995,3.155000000000001,3.1899999999999977,3.2349999999999994,3.2750000000000057,3.0799999999999983,3.0400000000000063,3.1549999999999985,3.1737499999999983,3.1737499999999983,3.2750000000000057,7.500000000000018,9.375,19.50000000000074,13.374999999999204,16.00000000000108,11.499999999999488
2023-10-27,2.9350000000000023,2.9749999999999943,3.015000000000001,3.055000000000007,3.094999999999999,3.135000000000005,3.1700000000000017,3.2099999999999937,3.25,3.055000000000007,3.015000000000001,3.1330000000000013,3.1525,3.1525,3.25,7.799999999999452,9.749999999999304,19.499999999999318,13.749999999999885,15.500000000000114,12.000000000000455
2023-10-30,2.9099999999999966,2.950000000000003,2.989999999999995,3.0349999999999966,3.075000000000003,3.1099999999999994,3.1500000000000057,3.1899999999999977,3.230000000000004,3.0349999999999966,2.989999999999995,3.1120000000000005,3.1312500000000014,3.1312500000000014,3.230000000000004,7.700000000000395,9.625000000000483,19.50000000000074,14.125000000000654,15.500000000000114,12.5
2023-10-31,2.875,2.9150000000000063,2.9549999999999983,3.0,3.0450000000000017,3.0849999999999937,3.125,3.1700000000000017,3.2049999999999983,3.0,2.9549999999999983,3.0849999999999995,3.1062499999999993,3.1062499999999993,3.2049999999999983,8.499999999999952,10.624999999999929,20.49999999999983,15.1250000000001,15.999999999999659,12.5
2023-11-01,2.8100000000000023,2.855000000000004,2.9000000000000057,2.944999999999993,2.989999999999995,3.0349999999999966,3.075000000000003,3.1099999999999994,3.1500000000000057,2.944999999999993,2.9000000000000057,3.0309999999999975,3.0524999999999984,3.0524999999999984,3.1500000000000057,8.60000000000043,10.750000000000526,20.50000000000125,15.249999999999275,16.00000000000108,13.49999999999909
2023-11-02,2.769999999999996,2.8100000000000023,2.8499999999999943,2.890000000000001,2.930000000000007,2.969999999999999,3.010000000000005,3.0450000000000017,3.0799999999999983,2.890000000000001,2.8499999999999943,2.9690000000000025,2.988750000000003,2.988750000000003,3.0799999999999983,7.900000000000151,9.875000000000211,18.99999999999973,13.875000000000881,14.999999999999147,12.0000000000005
2023-11-03,2.7049999999999983,2.739999999999995,2.7750000000000057,2.819999999999993,2.855000000000004,2.894999999999996,2.930000000000007,2.969999999999999,3.0049999999999955,2.819999999999993,2.7750000000000057,2.8939999999999997,2.9125000000000014,2.9125000000000014,3.0049999999999955,7.4000000000006505,9.250000000000824,18.500000000000227,13.749999999999574,14.999999999999147,11.499999999999488
2023-11-06,2.7549999999999955,2.7849999999999966,2.8149999999999977,2.855000000000004,2.890000000000001,2.930000000000007,2.9650000000000034,3.0,3.0400000000000063,2.855000000000004,2.8149999999999977,2.928000000000003,2.9462500000000027,2.9462500000000027,3.0400000000000063,7.299999999999907,9.124999999999872,18.500000000000227,13.125000000000497,15.000000000000524,10.000000000000853
2023-11-07,2.719999999999999,2.7450000000000045,2.780000000000001,2.8149999999999977,2.8499999999999943,2.885000000000005,2.9150000000000063,2.950000000000003,2.9849999999999994,2.8149999999999977,2.780000000000001,2.8830000000000013,2.900000000000002,2.900000000000002,2.9849999999999994,6.800000000000361,8.50000000000044,17.00000000000017,12.0000000000001,13.500000000000512,9.499999999999886
2023-11-08,2.7099999999999937,2.7349999999999994,2.765000000000001,2.7950000000000017,2.825000000000003,2.855000000000004,2.8799999999999955,2.9099999999999966,2.944999999999993,2.7950000000000017,2.765000000000001,2.853,2.8674999999999997,2.8674999999999997,2.944999999999993,5.79999999999985,7.249999999999801,14.999999999999147,10.24999999999987,11.999999999999034,8.500000000000796
2023-11-09,2.719999999999999,2.75,2.780000000000001,2.8149999999999977,2.844999999999999,2.8799999999999955,2.9099999999999966,2.944999999999993,2.980000000000004,2.8149999999999977,2.780000000000001,2.8789999999999965,2.894999999999996,2.894999999999996,2.980000000000004,6.3999999999998725,7.9999999999998295,16.500000000000625,11.499999999999488,13.500000000000512,9.499999999999886
2023-11-10,2.769999999999996,2.7950000000000017,2.825000000000003,2.8599999999999994,2.890000000000001,2.9200000000000017,2.950000000000003,2.980000000000004,3.010000000000005,2.8599999999999994,2.825000000000003,2.9200000000000017,2.9350000000000023,2.9350000000000023,3.010000000000005,6.000000000000227,7.500000000000284,15.000000000000568,10.999999999999943,12.00000000000041,9.000000000000341
2023-11-13,2.7950000000000017,2.819999999999993,2.844999999999999,2.875,2.905000000000001,2.9350000000000023,2.9650000000000034,2.9950000000000045,3.030000000000001,2.875,2.844999999999999,2.9350000000000023,2.950000000000003,2.950000000000003,3.030000000000001,6.000000000000227,7.500000000000284,15.500000000000114,10.500000000000398,12.5,7.9999999999998295
2023-11-14,2.6650000000000063,2.6899999999999977,2.719999999999999,2.75,2.780000000000001,2.8100000000000023,2.8349999999999937,2.8700000000000045,2.9000000000000057,2.75,2.719999999999999,2.809,2.8237500000000004,2.8237500000000004,2.9000000000000057,5.900000000000016,7.375000000000043,15.000000000000568,10.375000000000156,12.000000000000455,8.499999999999375
2023-11-15,2.680000000000007,2.7049999999999983,2.7349999999999994,2.765000000000001,2.7950000000000017,2.8299999999999983,2.8599999999999994,2.890000000000001,2.924999999999997,2.765000000000001,2.7349999999999994,2.8280000000000003,2.84375,2.84375,2.924999999999997,6.299999999999928,7.874999999999899,15.999999999999615,10.875000000000057,12.999999999999545,8.49999999999942
2023-11-16,2.6200000000000045,2.6500000000000057,2.680000000000007,2.7150000000000034,2.7450000000000045,2.780000000000001,2.8100000000000023,2.844999999999999,2.875,2.7150000000000034,2.680000000000007,2.779000000000002,2.7950000000000017,2.7950000000000017,2.875,6.3999999999998725,7.9999999999998295,15.999999999999659,11.499999999999488,12.999999999999545,9.499999999999886
2023-11-17,2.6599999999999966,2.6850000000000023,2.7150000000000034,2.75,2.780000000000001,2.8100000000000023,2.8400000000000034,2.8700000000000045,2.9000000000000057,2.75,2.7150000000000034,2.8100000000000023,2.825000000000003,2.825000000000003,2.9000000000000057,6.000000000000227,7.500000000000284,15.000000000000568,10.999999999999943,12.000000000000455,9.000000000000341
2023-11-20,2.6700000000000017,2.694999999999993,2.719999999999999,2.75,2.7750000000000057,2.805000000000007,2.8299999999999983,2.8599999999999994,2.8799999999999955,2.75,2.719999999999999,2.804000000000002,2.8175000000000026,2.8175000000000026,2.8799999999999955,5.400000000000205,6.750000000000256,12.999999999999545,9.75000000000037,10.499999999998977,7.9999999999998295
2023-11-21,2.625,2.644999999999996,2.6700000000000017,2.694999999999993,2.719999999999999,2.75,2.7750000000000057,2.805000000000007,2.825000000000003,2.694999999999993,2.6700000000000017,2.749000000000001,2.762500000000003,2.762500000000003,2.825000000000003,5.400000000000782,6.750000000000966,13.000000000000966,9.250000000000114,10.500000000000398,6.999999999999318
2023-11-22,2.640000000000001,2.6650000000000063,2.6850000000000023,2.7099999999999937,2.7349999999999994,2.765000000000001,2.7950000000000017,2.819999999999993,2.8400000000000034,2.7099999999999937,2.6850000000000023,2.764999999999998,2.7787499999999987,2.7787499999999987,2.8400000000000034,5.500000000000416,6.875000000000497,13.000000000000966,9.374999999999645,10.500000000000398,6.9999999999992735
2023-11-23,2.7099999999999937,2.730000000000004,2.75,2.7750000000000057,2.805000000000007,2.8299999999999983,2.8599999999999994,2.8799999999999955,2.894999999999996,2.7750000000000057,2.75,2.830000000000001,2.84375,2.84375,2.894999999999996,5.4999999999995275,6.874999999999432,11.999999999999034,9.375,8.99999999999892,6.500000000001194
2023-11-24,2.730000000000004,2.75,2.769999999999996,2.7950000000000017,2.825000000000003,2.855000000000004,2.8799999999999955,2.905000000000001,2.9200000000000017,2.7950000000000017,2.769999999999996,2.852000000000001,2.866250000000001,2.866250000000001,2.9200000000000017,5.6999999999999496,7.124999999999915,12.5,9.625000000000483,9.499999999999886,6.499999999999773
2023-11-27,2.6200000000000045,2.640000000000001,2.6599999999999966,2.6850000000000023,2.7150000000000034,2.7450000000000045,2.7750000000000057,2.799999999999997,2.8149999999999977,2.6850000000000023,2.6599999999999966,2.7440000000000024,2.7587500000000027,2.7587500000000027,2.8149999999999977,5.900000000000016,7.375000000000043,12.999999999999545,9.875000000000611,9.999999999999432,6.499999999999773
2023-11-28,2.5600000000000023,2.5849999999999937,2.6099999999999994,2.635000000000005,2.6650000000000063,2.694999999999993,2.7249999999999943,2.75,2.769999999999996,2.635000000000005,2.6099999999999994,2.694,2.7087499999999984,2.7087499999999984,2.769999999999996,5.899999999999483,7.374999999999332,13.49999999999909,9.8749999999999,10.499999999998977,7.500000000000284
2023-11-29,2.489999999999995,2.519999999999996,2.5450000000000017,2.575000000000003,2.6099999999999994,2.644999999999996,2.674999999999997,2.7049999999999983,2.7249999999999943,2.575000000000003,2.5450000000000017,2.6419999999999986,2.6587499999999977,2.6587499999999977,2.7249999999999943,6.699999999999573,8.374999999999488,14.999999999999147,11.374999999999602,11.499999999999488,8.500000000000796
2023-11-30,2.5400000000000063,2.5649999999999977,2.5900000000000034,2.6200000000000045,2.655000000000001,2.6850000000000023,2.7150000000000034,2.739999999999995,2.760000000000005,2.6200000000000045,2.5900000000000034,2.683000000000001,2.6987500000000004,2.6987500000000004,2.760000000000005,6.299999999999661,7.874999999999588,14.000000000000057,10.874999999999702,10.500000000000398,7.9999999999998295
2023-12-01,2.450000000000003,2.4849999999999994,2.519999999999996,2.555000000000007,2.5900000000000034,2.625,2.6599999999999966,2.6899999999999977,2.7049999999999983,2.555000000000007,2.519999999999996,2.624000000000001,2.6412499999999994,2.6412499999999994,2.7049999999999983,6.899999999999418,8.624999999999261,14.999999999999147,12.125000000000341,11.499999999999488,10.500000000000398
2023-12-04,2.4200000000000017,2.450000000000003,2.480000000000004,2.510000000000005,2.5400000000000063,2.5799999999999983,2.6099999999999994,2.635000000000005,2.655000000000001,2.510000000000005,2.480000000000004,2.575000000000003,2.5912500000000023,2.5912500000000023,2.655000000000001,6.499999999999773,8.124999999999716,14.499999999999602,11.12499999999983,11.499999999999488,9.000000000000341
2023-12-05,2.319999999999993,2.3499999999999943,2.3799999999999955,2.4099999999999966,2.4399999999999977,2.4749999999999943,2.5,2.5250000000000057,2.5400000000000063,2.4099999999999966,2.3799999999999955,2.469999999999999,2.4849999999999994,2.4849999999999994,2.5400000000000063,6.000000000000227,7.500000000000284,13.000000000000966,10.500000000000398,10.000000000000853,9.000000000000341
2023-12-06,2.3100000000000023,2.3400000000000034,2.375,2.4000000000000057,2.430000000000007,2.4599999999999937,2.489999999999995,2.515000000000001,2.530000000000001,2.4000000000000057,2.375,2.4590000000000005,2.473749999999999,2.473749999999999,2.530000000000001,5.899999999999483,7.374999999999332,12.999999999999545,9.8749999999999,9.999999999999432,9.000000000000341
2023-12-07,2.265000000000001,2.2950000000000017,2.325000000000003,2.3499999999999943,2.385000000000005,2.4150000000000063,2.450000000000003,2.480000000000004,2.5,2.3499999999999943,2.325000000000003,2.4160000000000026,2.4325000000000045,2.4325000000000045,2.5,6.600000000000827,8.250000000001023,15.000000000000568,10.75000000000017,11.499999999999488,8.49999999999933
2023-12-08,2.3400000000000034,2.3599999999999994,2.385000000000005,2.4150000000000063,2.444999999999993,2.480000000000004,2.515000000000001,2.5400000000000063,2.5649999999999977,2.4150000000000063,2.385000000000005,2.479000000000002,2.495000000000001,2.495000000000001,2.5649999999999977,6.399999999999562,7.999999999999474,14.999999999999147,10.999999999999588,12.000000000000455,7.500000000000284
2023-12-11,2.3400000000000034,2.3700000000000045,2.4000000000000057,2.424999999999997,2.4549999999999983,2.489999999999995,2.519999999999996,2.549999999999997,2.575000000000003,2.424999999999997,2.4000000000000057,2.487999999999997,2.5037499999999966,2.5037499999999966,2.575000000000003,6.299999999999972,7.874999999999943,15.000000000000568,10.37499999999909,12.000000000000455,8.499999999999375
2023-12-12,2.299999999999997,2.319999999999993,2.3400000000000034,2.364999999999995,2.390000000000001,2.4200000000000017,2.450000000000003,2.4749999999999943,2.5,2.364999999999995,2.3400000000000034,2.419999999999999,2.43375,2.43375,2.5,5.500000000000416,6.875000000000497,13.500000000000512,9.374999999999645,10.999999999999899,6.499999999999773
2023-12-13,2.269999999999996,2.2900000000000063,2.3149999999999977,2.3400000000000034,2.364999999999995,2.394999999999996,2.4200000000000017,2.444999999999993,2.4650000000000034,2.3400000000000034,2.3149999999999977,2.392999999999998,2.4062499999999964,2.4062499999999964,2.4650000000000034,5.299999999999461,6.624999999999304,12.5,9.124999999999872,10.000000000000853,7.000000000000739
2023-12-14,2.180000000000007,2.2099999999999937,2.239999999999995,2.265000000000001,2.299999999999997,2.3299999999999983,2.364999999999995,2.390000000000001,2.4150000000000063,2.265000000000001,2.239999999999995,2.3299999999999983,2.3462499999999977,2.3462499999999977,2.4150000000000063,6.499999999999728,8.124999999999671,15.000000000000524,10.625000000000284,11.50000000000091,8.49999999999942
2023-12-15,2.0900000000000034,2.1200000000000045,2.1500000000000057,2.174999999999997,2.2049999999999983,2.2349999999999994,2.265000000000001,2.2950000000000017,2.3149999999999977,2.174999999999997,2.1500000000000057,2.2349999999999994,2.25,2.25,2.3149999999999977,6.000000000000227,7.500000000000284,14.000000000000057,9.999999999999432,10.999999999999943,8.499999999999375
2023-12-18,2.135000000000005,2.1599999999999966,2.194999999999993,2.2249999999999943,2.260000000000005,2.299999999999997,2.3299999999999983,2.3599999999999994,2.385000000000005,2.2249999999999943,2.194999999999993,2.294999999999999,2.3125,2.3125,2.385000000000005,7.0000000000004725,8.750000000000568,16.00000000000108,11.750000000000682,12.5,8.99999999999892
2023-12-19,2.0849999999999937,2.1099999999999994,2.140000000000001,2.174999999999997,2.2099999999999937,2.25,2.2849999999999966,2.3149999999999977,2.3349999999999937,2.174999999999997,2.140000000000001,2.246999999999997,2.264999999999997,2.264999999999997,2.3349999999999937,7.200000000000006,8.999999999999986,15.999999999999659,12.4999999999996,12.5,9.000000000000341
2023-12-20,2.049999999999997,2.0799999999999983,2.1099999999999994,2.144999999999996,2.1850000000000023,2.230000000000004,2.260000000000005,2.2950000000000017,2.3149999999999977,2.144999999999996,2.1099999999999994,2.2230000000000016,2.2425000000000033,2.2425000000000033,2.3149999999999977,7.800000000000562,9.750000000000725,17.00000000000017,13.250000000000384,12.999999999999545,9.499999999999886
2023-12-21,2.030000000000001,2.055000000000007,2.0849999999999937,2.1200000000000045,2.1599999999999966,2.2049999999999983,2.239999999999995,2.2750000000000057,2.305000000000007,2.1200000000000045,2.0849999999999937,2.2,2.219999999999999,2.219999999999999,2.305000000000007,7.999999999999563,9.999999999999432,18.500000000000227,13.500000000000512,14.500000000001023,9.000000000000341
2023-12-22,2.019999999999996,2.049999999999997,2.0849999999999937,2.125,2.1650000000000063,2.2150000000000034,2.2549999999999955,2.2950000000000017,2.3299999999999983,2.125,2.0849999999999937,2.211000000000001,2.2325000000000017,2.2325000000000017,2.3299999999999983,8.600000000000119,10.75000000000017,20.49999999999983,14.750000000000796,16.499999999999204,10.500000000000398
2023-12-27,1.9749999999999943,2.0049999999999955,2.0400000000000063,2.069999999999993,2.1099999999999994,2.1500000000000057,2.1850000000000023,2.219999999999999,2.25,2.069999999999993,2.0400000000000063,2.147,2.1662500000000016,2.1662500000000016,2.25,7.700000000000662,9.625000000000838,18.000000000000682,12.624999999999531,14.000000000000057,9.499999999999886
2023-12-28,1.9699999999999989,2.0049999999999955,2.0450000000000017,2.0849999999999937,2.125,2.1700000000000017,2.2099999999999937,2.2450000000000045,2.2750000000000057,2.0849999999999937,2.0450000000000017,2.166999999999999,2.1875,2.1875,2.2750000000000057,8.200000000000518,10.250000000000625,19.000000000001194,14.24999999999983,15.000000000000568,11.499999999999488
2023-12-29,2.049999999999997,2.0900000000000034,2.1299999999999955,2.1650000000000063,2.2049999999999983,2.2450000000000045,2.2849999999999966,2.3299999999999983,2.3599999999999994,2.1650000000000063,2.1299999999999955,2.246000000000001,2.2662499999999994,2.2662499999999994,2.3599999999999994,8.099999999999463,10.124999999999318,19.499999999999318,13.625000000000398,15.500000000000114,11.50000000000091
2024-01-02,2.0600000000000023,2.094999999999999,2.135000000000005,2.1700000000000017,2.2049999999999983,2.25,2.2849999999999966,2.3299999999999983,2.364999999999995,2.1700000000000017,2.135000000000005,2.247999999999999,2.2674999999999983,2.2674999999999983,2.364999999999995,7.799999999999718,9.749999999999659,19.499999999999318,13.249999999999318,15.999999999999659,10.999999999999943
2024-01-03,2.010000000000005,2.049999999999997,2.0849999999999937,2.1200000000000045,2.155000000000001,2.200000000000003,2.239999999999995,2.2849999999999966,2.325000000000003,2.1200000000000045,2.0849999999999937,2.2,2.219999999999999,2.219999999999999,2.325000000000003,7.999999999999563,9.999999999999432,20.49999999999983,13.500000000000512,17.00000000000017,10.999999999999943
2024-01-04,2.125,2.1599999999999966,2.194999999999993,2.2249999999999943,2.260000000000005,2.299999999999997,2.3400000000000034,2.3799999999999955,2.4150000000000063,2.2249999999999943,2.194999999999993,2.3009999999999993,2.3200000000000003,2.3200000000000003,2.4150000000000063,7.600000000000495,9.500000000000597,19.000000000001194,12.50000000000071,15.500000000000114,9.999999999999432
2024-01-05,2.1700000000000017,2.2049999999999983,2.2349999999999994,2.265000000000001,2.2950000000000017,2.3299999999999983,2.364999999999995,2.405000000000001,2.4399999999999977,2.265000000000001,2.2349999999999994,2.3319999999999994,2.348749999999999,2.348749999999999,2.4399999999999977,6.699999999999839,8.3749999999998,17.499999999999673,11.374999999999957,14.499999999999602,9.49999999999993
2024-01-08,2.1599999999999966,2.1899999999999977,2.219999999999999,2.2450000000000045,2.2750000000000057,2.3100000000000023,2.3499999999999943,2.390000000000001,2.424999999999997,2.2450000000000045,2.219999999999999,2.3140000000000014,2.3312500000000007,2.3312500000000007,2.424999999999997,6.899999999999684,8.624999999999616,17.99999999999926,11.125000000000185,14.999999999999147,8.500000000000796
2024-01-09,2.2249999999999943,2.260000000000005,2.2900000000000063,2.3149999999999977,2.3400000000000034,2.3799999999999955,2.4150000000000063,2.4599999999999937,2.4950000000000045,2.3149999999999977,2.2900000000000063,2.3819999999999992,2.3987499999999997,2.3987499999999997,2.4950000000000045,6.70000000000015,8.375000000000199,18.000000000000682,10.874999999999346,15.500000000000114,9.000000000000341
2024-01-10,2.239999999999995,2.269999999999996,2.299999999999997,2.325000000000003,2.355000000000004,2.390000000000001,2.430000000000007,2.469999999999999,2.5049999999999955,2.325000000000003,2.299999999999997,2.394000000000003,2.4112500000000026,2.4112500000000026,2.5049999999999955,6.899999999999995,8.624999999999972,17.99999999999926,11.12500000000054,14.999999999999147,8.500000000000796
2024-01-11,2.2349999999999994,2.265000000000001,2.2950000000000017,2.325000000000003,2.3499999999999943,2.390000000000001,2.430000000000007,2.469999999999999,2.5049999999999955,2.325000000000003,2.2950000000000017,2.3930000000000007,2.41,2.41,2.5049999999999955,6.799999999999784,8.49999999999973,17.99999999999926,11.499999999999844,15.500000000000114,9.000000000000341
2024-01-12,2.174999999999997,2.2099999999999937,2.2450000000000045,2.280000000000001,2.3149999999999977,2.355000000000004,2.4000000000000057,2.444999999999993,2.4849999999999994,2.280000000000001,2.2450000000000045,2.3590000000000004,2.37875,2.37875,2.4849999999999994,7.899999999999929,9.8749999999999,20.49999999999983,13.37499999999956,17.00000000000017,10.500000000000398
2024-01-15,2.200000000000003,2.2349999999999994,2.265000000000001,2.2950000000000017,2.3299999999999983,2.3700000000000045,2.4150000000000063,2.4599999999999937,2.4950000000000045,2.2950000000000017,2.265000000000001,2.374000000000001,2.3937500000000007,2.3937500000000007,2.4950000000000045,7.899999999999929,9.8749999999999,20.000000000000284,12.87499999999997,16.500000000000625,9.499999999999886
2024-01-16,2.219999999999999,2.260000000000005,2.2950000000000017,2.325000000000003,2.3599999999999994,2.4000000000000057,2.4399999999999977,2.4849999999999994,2.519999999999996,2.325000000000003,2.2950000000000017,2.402000000000001,2.4212500000000006,2.4212500000000006,2.519999999999996,7.699999999999818,9.624999999999773,19.499999999999318,12.624999999999886,15.999999999999659,10.500000000000398
2024-01-17,2.3149999999999977,2.344999999999999,2.375,2.405000000000001,2.430000000000007,2.4650000000000034,2.4950000000000045,2.530000000000001,2.5600000000000023,2.405000000000001,2.375,2.4650000000000034,2.480000000000004,2.480000000000004,2.5600000000000023,6.000000000000227,7.500000000000284,15.500000000000114,10.500000000000398,12.999999999999545,9.000000000000341
2024-01-18,2.3349999999999937,2.3700000000000045,2.4000000000000057,2.4350000000000023,2.4650000000000034,2.5,2.5349999999999966,2.575000000000003,2.605000000000004,2.4350000000000023,2.4000000000000057,2.502000000000001,2.5187500000000007,2.5187500000000007,2.605000000000004,6.699999999999884,8.374999999999844,17.00000000000017,11.874999999999503,14.000000000000057,10.000000000000853
2024-01-19,2.3599999999999994,2.390000000000001,2.4150000000000063,2.4399999999999977,2.469999999999999,2.5049999999999955,2.5349999999999966,2.5649999999999977,2.594999999999999,2.4399999999999977,2.4150000000000063,2.5029999999999974,2.518749999999997,2.518749999999997,2.594999999999999,6.299999999999972,7.874999999999943,15.500000000000114,10.37499999999909,12.5,7.9999999999998295
2024-01-22,2.305000000000007,2.3299999999999983,2.355000000000004,2.3799999999999955,2.405000000000001,2.4399999999999977,2.469999999999999,2.5,2.519999999999996,2.3799999999999955,2.355000000000004,2.4389999999999987,2.4537499999999994,2.4537499999999994,2.519999999999996,5.900000000000327,7.375000000000398,14.000000000000057,9.874999999999545,11.499999999999488,7.499999999998863
2024-01-23,2.344999999999999,2.375,2.4000000000000057,2.430000000000007,2.4599999999999937,2.4950000000000045,2.5250000000000057,2.555000000000007,2.5799999999999983,2.430000000000007,2.4000000000000057,2.4930000000000034,2.5087500000000027,2.5087500000000027,2.5799999999999983,6.299999999999661,7.874999999999588,14.999999999999147,10.874999999999702,12.000000000000455,8.500000000000796
2024-01-24,2.344999999999999,2.375,2.4000000000000057,2.424999999999997,2.4549999999999983,2.4849999999999994,2.515000000000001,2.5450000000000017,2.569999999999993,2.424999999999997,2.4000000000000057,2.4849999999999994,2.5,2.5,2.569999999999993,6.000000000000227,7.500000000000284,14.499999999999602,9.999999999999432,11.499999999999488,7.9999999999998295
2024-01-25,2.269999999999996,2.305000000000007,2.3299999999999983,2.364999999999995,2.394999999999996,2.430000000000007,2.4599999999999937,2.4950000000000045,2.5250000000000057,2.364999999999995,2.3299999999999983,2.4289999999999994,2.4450000000000003,2.4450000000000003,2.5250000000000057,6.40000000000045,8.00000000000054,16.00000000000108,11.500000000000199,13.000000000000966,9.499999999999886
2024-01-26,2.2849999999999966,2.319999999999993,2.344999999999999,2.375,2.405000000000001,2.4399999999999977,2.4749999999999943,2.510000000000005,2.5349999999999966,2.375,2.344999999999999,2.441,2.4574999999999996,2.4574999999999996,2.5349999999999966,6.599999999999984,8.249999999999957,15.999999999999659,11.250000000000071,12.999999999999545,9.000000000000341
2024-01-29,2.2150000000000034,2.25,2.280000000000001,2.3100000000000023,2.3400000000000034,2.375,2.4150000000000063,2.450000000000003,2.480000000000004,2.3100000000000023,2.280000000000001,2.378000000000003,2.395000000000003,2.395000000000003,2.480000000000004,6.8000000000000504,8.500000000000085,17.00000000000017,11.500000000000199,14.000000000000057,9.499999999999886
2024-01-30,2.260000000000005,2.2900000000000063,2.319999999999993,2.3499999999999943,2.3799999999999955,2.4200000000000017,2.4549999999999983,2.489999999999995,2.519999999999996,2.3499999999999943,2.319999999999993,2.418999999999997,2.4362499999999976,2.4362499999999976,2.519999999999996,6.9000000000002615,8.625000000000327,17.00000000000017,11.62500000000044,14.000000000000057,8.99999999999892
2024-01-31,2.155000000000001,2.1850000000000023,2.2099999999999937,2.239999999999995,2.269999999999996,2.305000000000007,2.3400000000000034,2.3799999999999955,2.4099999999999966,2.239999999999995,2.2099999999999937,2.3069999999999995,2.3237500000000004,2.3237500000000004,2.4099999999999966,6.700000000000461,8.375000000000554,17.00000000000017,11.375000000000668,14.000000000000057,8.499999999999375
2024-02-01,2.1200000000000045,2.1500000000000057,2.174999999999997,2.2049999999999983,2.230000000000004,2.265000000000001,2.299999999999997,2.3349999999999937,2.364999999999995,2.2049999999999983,2.174999999999997,2.2669999999999986,2.282499999999999,2.282499999999999,2.364999999999995,6.200000000000028,7.750000000000057,15.999999999999659,10.75000000000017,13.49999999999909,8.499999999999375
2024-02-02,2.2349999999999994,2.265000000000001,2.2900000000000063,2.3149999999999977,2.3400000000000034,2.3700000000000045,2.4000000000000057,2.430000000000007,2.4599999999999937,2.3149999999999977,2.2900000000000063,2.3710000000000035,2.385000000000005,2.385000000000005,2.4599999999999937,5.600000000000582,7.000000000000739,14.499999999999602,9.499999999999886,11.999999999999034,7.9999999999998295
2024-02-05,2.325000000000003,2.3499999999999943,2.375,2.405000000000001,2.430000000000007,2.4599999999999937,2.489999999999995,2.5250000000000057,2.555000000000007,2.405000000000001,2.375,2.4620000000000006,2.4762500000000003,2.4762500000000003,2.555000000000007,5.6999999999999496,7.124999999999915,15.000000000000568,10.125000000000028,12.5,7.9999999999998295
2024-02-06,2.2849999999999966,2.3149999999999977,2.3400000000000034,2.364999999999995,2.394999999999996,2.424999999999997,2.4549999999999983,2.489999999999995,2.515000000000001,2.364999999999995,2.3400000000000034,2.425999999999996,2.4412499999999966,2.4412499999999966,2.515000000000001,6.1000000000001275,7.6250000000001705,15.000000000000613,10.124999999999318,12.0000000000005,7.9999999999998295
2024-02-07,2.2900000000000063,2.3149999999999977,2.3400000000000034,2.364999999999995,2.390000000000001,2.4200000000000017,2.450000000000003,2.4849999999999994,2.515000000000001,2.364999999999995,2.3400000000000034,2.4219999999999997,2.436250000000001,2.436250000000001,2.515000000000001,5.7000000000004825,7.125000000000625,15.000000000000613,9.624999999999773,12.5,7.499999999998863
2024-02-08,2.3499999999999943,2.375,2.394999999999996,2.4200000000000017,2.4399999999999977,2.469999999999999,2.5,2.5349999999999966,2.5649999999999977,2.4200000000000017,2.394999999999996,2.472999999999999,2.4862499999999983,2.4862499999999983,2.5649999999999977,5.299999999999727,6.624999999999659,14.499999999999602,9.125000000000227,12.5,7.000000000000739
2024-02-09,2.4000000000000057,2.4200000000000017,2.4399999999999977,2.4599999999999937,2.480000000000004,2.5049999999999955,2.530000000000001,2.5600000000000023,2.5849999999999937,2.4599999999999937,2.4399999999999977,2.5069999999999992,2.5187500000000007,2.5187500000000007,2.5849999999999937,4.700000000000548,5.875000000000696,12.5,7.875000000000298,10.499999999998977,5.999999999998806
2024-02-12,2.3799999999999955,2.4000000000000057,2.4200000000000017,2.444999999999993,2.4650000000000034,2.489999999999995,2.519999999999996,2.549999999999997,2.575000000000003,2.444999999999993,2.4200000000000017,2.493999999999997,2.506249999999998,2.506249999999998,2.575000000000003,4.900000000000393,6.125000000000469,13.000000000000966,8.624999999999616,10.999999999999943,6.499999999999773
2024-02-13,2.4000000000000057,2.4150000000000063,2.4350000000000023,2.4549999999999983,2.469999999999999,2.4950000000000045,2.519999999999996,2.549999999999997,2.575000000000003,2.4549999999999983,2.4350000000000023,2.497999999999999,2.508749999999999,2.508749999999999,2.575000000000003,4.300000000000059,5.375000000000085,12.000000000000455,7.374999999999687,10.500000000000398,5.499999999999261
2024-02-14,2.3499999999999943,2.3700000000000045,2.385000000000005,2.405000000000001,2.424999999999997,2.450000000000003,2.480000000000004,2.5049999999999955,2.5349999999999966,2.405000000000001,2.385000000000005,2.4530000000000003,2.465,2.465,2.5349999999999966,4.7999999999999154,5.999999999999872,12.999999999999545,7.999999999999474,10.999999999999943,5.500000000000682
2024-02-15,2.3499999999999943,2.3599999999999994,2.375,2.394999999999996,2.4099999999999966,2.430000000000007,2.4549999999999983,2.480000000000004,2.5,2.394999999999996,2.375,2.434,2.4437500000000014,2.4437500000000014,2.5,3.9000000000004142,4.87500000000054,10.500000000000398,6.875000000000142,9.000000000000341,4.5000000000001705
2024-02-16,2.405000000000001,2.4099999999999966,2.4200000000000017,2.4350000000000023,2.450000000000003,2.4650000000000034,2.489999999999995,2.510000000000005,2.530000000000001,2.4350000000000023,2.4200000000000017,2.4700000000000015,2.4787500000000016,2.4787500000000016,2.530000000000001,3.4999999999999254,4.374999999999929,9.499999999999886,5.874999999999986,7.9999999999998295,3.0000000000001137
2024-02-19,2.4000000000000057,2.4150000000000063,2.424999999999997,2.4399999999999977,2.4549999999999983,2.4749999999999943,2.4950000000000045,2.5250000000000057,2.5450000000000017,2.4399999999999977,2.424999999999997,2.478,2.4875000000000007,2.4875000000000007,2.5450000000000017,3.8000000000002476,4.750000000000298,10.500000000000398,6.250000000000355,9.000000000000341,3.999999999999204
2024-02-20,2.3599999999999994,2.375,2.385000000000005,2.405000000000001,2.4150000000000063,2.4399999999999977,2.4599999999999937,2.489999999999995,2.510000000000005,2.405000000000001,2.385000000000005,2.441999999999999,2.451249999999998,2.451249999999998,2.510000000000005,3.69999999999977,4.624999999999702,10.500000000000398,6.624999999999304,9.499999999999886,4.5000000000001705
2024-02-21,2.4200000000000017,2.430000000000007,2.4399999999999977,2.4599999999999937,2.469999999999999,2.489999999999995,2.515000000000001,2.5400000000000063,2.569999999999993,2.4599999999999937,2.4399999999999977,2.4949999999999988,2.50375,2.50375,2.569999999999993,3.5000000000005027,4.3750000000006395,10.999999999999943,6.375000000000242,9.999999999999432,3.999999999999204
2024-02-22,2.424999999999997,2.430000000000007,2.4399999999999977,2.450000000000003,2.4599999999999937,2.4749999999999943,2.4950000000000045,2.519999999999996,2.5400000000000063,2.450000000000003,2.4399999999999977,2.479999999999998,2.487499999999997,2.487499999999997,2.5400000000000063,2.9999999999995364,3.7499999999994316,9.000000000000341,4.749999999999943,8.00000000000125,2.5000000000005684
2024-02-23,2.375,2.3799999999999955,2.385000000000005,2.394999999999996,2.4099999999999966,2.424999999999997,2.444999999999993,2.4650000000000034,2.4849999999999994,2.394999999999996,2.385000000000005,2.4279999999999973,2.4362499999999976,2.4362499999999976,2.4849999999999994,3.300000000000125,4.125000000000156,9.000000000000341,5.124999999999247,7.500000000000284,1.999999999999602
2024-02-26,2.424999999999997,2.424999999999997,2.430000000000007,2.444999999999993,2.450000000000003,2.4650000000000034,2.4849999999999994,2.510000000000005,2.530000000000001,2.444999999999993,2.430000000000007,2.471000000000001,2.4775000000000027,2.4775000000000027,2.530000000000001,2.6000000000007795,3.250000000000952,8.500000000000796,4.749999999999588,7.9999999999998295,1.999999999999602
2024-02-27,2.450000000000003,2.450000000000003,2.4599999999999937,2.469999999999999,2.480000000000004,2.4950000000000045,2.519999999999996,2.5400000000000063,2.5649999999999977,2.469999999999999,2.4599999999999937,2.501000000000002,2.5087500000000027,2.5087500000000027,2.5649999999999977,3.1000000000003247,3.8750000000003837,9.499999999999886,4.875000000000895,8.499999999999375,1.999999999999602
2024-02-28,2.4599999999999937,2.4650000000000034,2.4749999999999943,2.4849999999999994,2.4950000000000045,2.510000000000005,2.5250000000000057,2.549999999999997,2.569999999999993,2.4849999999999994,2.4749999999999943,2.5130000000000026,2.520000000000003,2.520000000000003,2.569999999999993,2.8000000000003133,3.5000000000003695,8.499999999999375,4.500000000000881,7.499999999998863,2.5000000000005684
2024-02-29,2.4150000000000063,2.4200000000000017,2.424999999999997,2.430000000000007,2.4399999999999977,2.450000000000003,2.4650000000000034,2.4849999999999994,2.5049999999999955,2.430000000000007,2.424999999999997,2.454000000000002,2.460000000000001,2.460000000000001,2.5049999999999955,2.3999999999995136,2.999999999999403,7.499999999998863,3.5000000000003695,6.499999999999773,1.5000000000000568
2024-03-01,2.394999999999996,2.4000000000000057,2.4099999999999966,2.4150000000000063,2.424999999999997,2.4399999999999977,2.4549999999999983,2.480000000000004,2.5,2.4150000000000063,2.4099999999999966,2.4430000000000005,2.4499999999999993,2.4499999999999993,2.5,2.799999999999425,3.4999999999993037,8.499999999999375,4.00000000000027,7.500000000000284,2.000000000001023
2024-03-04,2.364999999999995,2.3700000000000045,2.375,2.385000000000005,2.394999999999996,2.4099999999999966,2.424999999999997,2.450000000000003,2.4749999999999943,2.385000000000005,2.375,2.4129999999999994,2.419999999999998,2.419999999999998,2.4749999999999943,2.799999999999425,3.4999999999993037,8.99999999999892,4.499999999999815,7.9999999999998295,2.000000000001023
2024-03-05,2.2950000000000017,2.2950000000000017,2.299999999999997,2.3100000000000023,2.319999999999993,2.3349999999999937,2.3499999999999943,2.375,2.4000000000000057,2.3100000000000023,2.299999999999997,2.3379999999999965,2.3449999999999953,2.3449999999999953,2.4000000000000057,2.799999999999425,3.4999999999993037,9.000000000000341,4.499999999999815,8.00000000000125,1.5000000000000568
2024-03-06,2.3100000000000023,2.3100000000000023,2.3149999999999977,2.325000000000003,2.3299999999999983,2.344999999999999,2.3599999999999994,2.385000000000005,2.405000000000001,2.325000000000003,2.3149999999999977,2.349000000000001,2.3550000000000004,2.3550000000000004,2.405000000000001,2.3999999999998245,2.9999999999997584,7.9999999999998295,4.00000000000027,7.500000000000284,1.5000000000000568
2024-03-07,2.280000000000001,2.2849999999999966,2.2950000000000017,2.305000000000007,2.3149999999999977,2.3349999999999937,2.355000000000004,2.375,2.4000000000000057,2.305000000000007,2.2950000000000017,2.3370000000000006,2.344999999999999,2.344999999999999,2.4000000000000057,3.199999999999381,3.999999999999204,9.499999999999886,4.999999999999716,8.500000000000796,2.5000000000005684
2024-03-08,2.2099999999999937,2.219999999999999,2.230000000000004,2.2450000000000045,2.265000000000001,2.2849999999999966,2.305000000000007,2.3299999999999983,2.3599999999999994,2.2450000000000045,2.230000000000004,2.2860000000000014,2.2962500000000006,2.2962500000000006,2.3599999999999994,4.099999999999682,5.124999999999602,11.499999999999488,6.624999999999659,9.499999999999842,3.50000000000108
2024-03-11,2.2349999999999994,2.2450000000000045,2.2549999999999955,2.269999999999996,2.2849999999999966,2.299999999999997,2.325000000000003,2.3499999999999943,2.375,2.269999999999996,2.2549999999999955,2.3059999999999974,2.3149999999999977,2.3149999999999977,2.375,3.6000000000001364,4.5000000000001705,10.500000000000398,6.000000000000227,9.000000000000341,3.499999999999659
2024-03-12,2.269999999999996,2.269999999999996,2.280000000000001,2.2900000000000063,2.305000000000007,2.319999999999993,2.3400000000000034,2.3599999999999994,2.385000000000005,2.2900000000000063,2.280000000000001,2.3230000000000017,2.3312500000000007,2.3312500000000007,2.385000000000005,3.2999999999995477,4.124999999999446,9.499999999999886,5.124999999999957,7.9999999999998295,2.000000000001023
2024-03-13,2.2950000000000017,2.2950000000000017,2.299999999999997,2.3149999999999977,2.325000000000003,2.3400000000000034,2.3599999999999994,2.385000000000005,2.405000000000001,2.3149999999999977,2.299999999999997,2.3450000000000015,2.3525000000000027,2.3525000000000027,2.405000000000001,3.00000000000038,3.7500000000004974,9.000000000000341,5.250000000000554,7.9999999999998295,1.999999999999602
2024-03-14,2.385000000000005,2.3799999999999955,2.385000000000005,2.390000000000001,2.4000000000000057,2.4099999999999966,2.430000000000007,2.450000000000003,2.469999999999999,2.390000000000001,2.385000000000005,2.4160000000000026,2.422500000000003,2.422500000000003,2.469999999999999,2.6000000000001577,3.250000000000197,7.999999999999785,3.749999999999787,6.999999999999318,0.49999999999958966
2024-03-15,2.4000000000000057,2.390000000000001,2.390000000000001,2.394999999999996,2.4000000000000057,2.4150000000000063,2.430000000000007,2.450000000000003,2.469999999999999,2.394999999999996,2.390000000000001,2.4180000000000037,2.4237500000000054,2.4237500000000054,2.469999999999999,2.300000000000768,2.875000000000938,7.500000000000284,3.3750000000004388,6.999999999999318,-0.5000000000009663
2024-03-18,2.4150000000000063,2.405000000000001,2.405000000000001,2.4099999999999966,2.4150000000000063,2.430000000000007,2.444999999999993,2.4650000000000034,2.489999999999995,2.4099999999999966,2.405000000000001,2.433000000000001,2.4387500000000024,2.4387500000000024,2.489999999999995,2.3000000000004572,2.8750000000005826,7.9999999999998295,3.375000000000128,7.499999999998863,-0.5000000000009663
2024-03-19,2.385000000000005,2.3799999999999955,2.385000000000005,2.390000000000001,2.4000000000000057,2.4099999999999966,2.430000000000007,2.4549999999999983,2.480000000000004,2.390000000000001,2.385000000000005,2.4170000000000016,2.423750000000002,2.423750000000002,2.480000000000004,2.700000000000058,3.3750000000000835,9.000000000000297,3.874999999999673,7.9999999999998295,0.49999999999958966
2024-03-20,2.4000000000000057,2.394999999999996,2.394999999999996,2.4000000000000057,2.405000000000001,2.4150000000000063,2.4350000000000023,2.4549999999999983,2.480000000000004,2.4000000000000057,2.394999999999996,2.422000000000003,2.427500000000002,2.427500000000002,2.480000000000004,2.1999999999997133,2.7499999999996305,7.9999999999998295,3.250000000000597,7.500000000000284,0.0
2024-03-21,2.3599999999999994,2.3599999999999994,2.364999999999995,2.3700000000000045,2.375,2.390000000000001,2.4099999999999966,2.4350000000000023,2.4599999999999937,2.3700000000000045,2.364999999999995,2.396000000000001,2.4025,2.4025,2.4599999999999937,2.599999999999625,3.249999999999531,8.99999999999892,3.7500000000004974,8.499999999999375,1.0000000000005116
2024-03-22,2.2950000000000017,2.2950000000000017,2.299999999999997,2.305000000000007,2.3149999999999977,2.3349999999999937,2.3499999999999943,2.375,2.4000000000000057,2.305000000000007,2.299999999999997,2.3359999999999985,2.3437499999999964,2.3437499999999964,2.4000000000000057,3.09999999999917,3.8749999999989626,9.499999999999886,4.374999999999929,8.500000000000796,1.0000000000005116
2024-03-25,2.3499999999999943,2.344999999999999,2.344999999999999,2.355000000000004,2.3599999999999994,2.375,2.394999999999996,2.4200000000000017,2.4350000000000023,2.355000000000004,2.344999999999999,2.3810000000000002,2.3874999999999993,2.3874999999999993,2.4350000000000023,2.599999999999625,3.249999999999531,7.9999999999998295,4.250000000000043,7.500000000000284,0.5000000000009663
2024-03-26,2.325000000000003,2.325000000000003,2.325000000000003,2.3299999999999983,2.3400000000000034,2.355000000000004,2.375,2.394999999999996,2.4200000000000017,2.3299999999999983,2.325000000000003,2.3590000000000004,2.366250000000001,2.366250000000001,2.4200000000000017,2.9000000000002135,3.625000000000256,9.000000000000341,4.124999999999801,7.9999999999998295,0.49999999999954525
2024-03-27,2.269999999999996,2.260000000000005,2.260000000000005,2.269999999999996,2.280000000000001,2.2950000000000017,2.3149999999999977,2.3400000000000034,2.3599999999999994,2.269999999999996,2.260000000000005,2.3,2.307500000000001,2.307500000000001,2.3599999999999994,3.00000000000038,3.7500000000004974,9.000000000000341,4.749999999999588,7.9999999999998295,0.0
2024-03-28,2.265000000000001,2.2549999999999955,2.2549999999999955,2.260000000000005,2.265000000000001,2.280000000000001,2.2950000000000017,2.3149999999999977,2.3349999999999937,2.260000000000005,2.2549999999999955,2.2830000000000013,2.2887500000000003,2.2887500000000003,2.3349999999999937,2.2999999999996135,2.874999999999517,7.499999999998863,3.375000000000483,6.9999999999992735,-0.49999999999958966
2024-04-02,2.355000000000004,2.355000000000004,2.3599999999999994,2.3700000000000045,2.3799999999999955,2.4000000000000057,2.4200000000000017,2.450000000000003,2.4749999999999943,2.3700000000000045,2.3599999999999994,2.404000000000002,2.4125000000000014,2.4125000000000014,2.4749999999999943,3.3999999999997588,4.249999999999687,10.499999999998977,5.250000000000199,9.499999999999886,1.5000000000000568
2024-04-03,2.364999999999995,2.3599999999999994,2.364999999999995,2.375,2.385000000000005,2.4000000000000057,2.4200000000000017,2.444999999999993,2.469999999999999,2.375,2.364999999999995,2.405000000000001,2.4125000000000014,2.4125000000000014,2.469999999999999,3.0000000000001137,3.750000000000142,9.499999999999886,4.750000000000654,8.499999999999375,1.0000000000005116
2024-04-04,2.3149999999999977,2.3100000000000023,2.3100000000000023,2.319999999999993,2.325000000000003,2.3400000000000034,2.355000000000004,2.3799999999999955,2.4000000000000057,2.319999999999993,2.3100000000000023,2.344,2.3500000000000014,2.3500000000000014,2.4000000000000057,2.4000000000006683,3.0000000000008242,8.00000000000125,3.9999999999999147,7.500000000000284,0.49999999999954525
2024-04-05,2.3599999999999994,2.3599999999999994,2.364999999999995,2.3700000000000045,2.3799999999999955,2.4000000000000057,2.4150000000000063,2.4399999999999977,2.4650000000000034,2.3700000000000045,2.364999999999995,2.401000000000002,2.4087500000000013,2.4087500000000013,2.4650000000000034,3.0999999999997474,3.874999999999673,9.499999999999886,4.3750000000006395,8.500000000000796,1.0000000000005116
2024-04-08,2.4099999999999966,2.405000000000001,2.4000000000000057,2.405000000000001,2.4150000000000063,2.424999999999997,2.444999999999993,2.4650000000000034,2.4849999999999994,2.405000000000001,2.4000000000000057,2.431,2.4375,2.4375,2.4849999999999994,2.5999999999998913,3.2499999999998863,7.9999999999998295,3.7499999999994316,6.999999999999318,-0.49999999999954525
2024-04-09,2.344999999999999,2.3349999999999937,2.3299999999999983,2.3349999999999937,2.3400000000000034,2.355000000000004,2.3700000000000045,2.390000000000001,2.4099999999999966,2.3349999999999937,2.3299999999999983,2.3580000000000014,2.363750000000003,2.363750000000003,2.4099999999999966,2.300000000000768,2.875000000000938,7.500000000000284,3.375000000000483,6.999999999999318,-1.0000000000005116
2024-04-10,2.4200000000000017,2.405000000000001,2.394999999999996,2.390000000000001,2.390000000000001,2.4000000000000057,2.4099999999999966,2.430000000000007,2.450000000000003,2.390000000000001,2.394999999999996,2.404000000000002,2.4075000000000024,2.4075000000000024,2.450000000000003,1.4000000000001123,1.7500000000001403,6.000000000000183,1.2500000000006395,6.000000000000183,-3.0000000000000693
2024-04-11,2.480000000000004,2.4650000000000034,2.4549999999999983,2.450000000000003,2.450000000000003,2.4599999999999937,2.4749999999999943,2.5,2.5250000000000057,2.450000000000003,2.4549999999999983,2.4669999999999987,2.4712499999999977,2.4712499999999977,2.5250000000000057,1.6999999999995907,2.1249999999994884,7.500000000000284,1.6249999999999432,7.500000000000284,-3.0000000000001137
2024-04-12,2.3599999999999994,2.3499999999999943,2.3499999999999943,2.3499999999999943,2.355000000000004,2.364999999999995,2.3799999999999955,2.405000000000001,2.430000000000007,2.3499999999999943,2.3499999999999943,2.3709999999999978,2.376249999999999,2.376249999999999,2.430000000000007,2.100000000000346,2.6250000000004547,8.00000000000125,2.6250000000004547,7.500000000000284,-1.0000000000005116
2024-04-15,2.450000000000003,2.4399999999999977,2.4350000000000023,2.4350000000000023,2.4350000000000023,2.444999999999993,2.4599999999999937,2.480000000000004,2.5049999999999955,2.4350000000000023,2.4350000000000023,2.450999999999999,2.4549999999999983,2.4549999999999983,2.5049999999999955,1.5999999999996906,1.999999999999602,6.999999999999318,1.999999999999602,6.999999999999318,-1.5000000000000568
2024-04-16,2.5250000000000057,2.510000000000005,2.5049999999999955,2.5049999999999955,2.510000000000005,2.519999999999996,2.5349999999999966,2.555000000000007,2.5849999999999937,2.5049999999999955,2.5049999999999955,2.525,2.530000000000001,2.530000000000001,2.5849999999999937,2.000000000000446,2.5000000000005684,7.9999999999998295,2.5000000000005684,7.499999999998863,-2.000000000001023
2024-04-17,2.5,2.4849999999999994,2.480000000000004,2.4749999999999943,2.480000000000004,2.4849999999999994,2.5,2.519999999999996,2.5400000000000063,2.4749999999999943,2.480000000000004,2.4919999999999987,2.49625,2.49625,2.5400000000000063,1.7000000000004345,2.1250000000005542,6.500000000001194,1.6249999999995879,6.000000000000227,-2.5000000000005684
2024-04-18,2.5250000000000057,2.510000000000005,2.5,2.4950000000000045,2.4950000000000045,2.5,2.510000000000005,2.530000000000001,2.549999999999997,2.4950000000000045,2.5,2.506000000000003,2.5087500000000027,2.5087500000000027,2.549999999999997,1.0999999999998344,1.3749999999998153,5.499999999999261,0.87500000000027,5.499999999999261,-3.0000000000001137
2024-04-19,2.555000000000007,2.5349999999999966,2.5250000000000057,2.519999999999996,2.519999999999996,2.519999999999996,2.530000000000001,2.5450000000000017,2.5649999999999977,2.519999999999996,2.5250000000000057,2.5269999999999984,2.5287499999999987,2.5287499999999987,2.5649999999999977,0.7000000000002338,0.87500000000027,4.5000000000001705,0.37499999999930367,4.5000000000001705,-3.50000000000108
2024-04-22,2.5349999999999966,2.515000000000001,2.5049999999999955,2.5049999999999955,2.5049999999999955,2.510000000000005,2.519999999999996,2.5400000000000063,2.5600000000000023,2.5049999999999955,2.5049999999999955,2.5159999999999996,2.5187500000000007,2.5187500000000007,2.5600000000000023,1.1000000000004118,1.3750000000005258,5.500000000000682,1.3750000000005258,5.500000000000682,-3.0000000000001137
2024-04-23,2.5349999999999966,2.515000000000001,2.5049999999999955,2.5,2.5049999999999955,2.510000000000005,2.5250000000000057,2.5450000000000017,2.5649999999999977,2.5,2.5049999999999955,2.5170000000000017,2.521250000000002,2.521250000000002,2.5649999999999977,1.700000000000168,2.125000000000199,6.499999999999773,1.6250000000006537,6.000000000000227,-3.499999999999659
2024-04-24,2.605000000000004,2.5900000000000034,2.5849999999999937,2.5799999999999983,2.5849999999999937,2.594999999999999,2.605000000000004,2.625,2.6500000000000057,2.5799999999999983,2.5849999999999937,2.597999999999999,2.602499999999999,2.602499999999999,2.6500000000000057,1.8000000000000682,2.2500000000000853,7.000000000000739,1.75000000000054,6.500000000001194,-2.5000000000005684
2024-04-25,2.644999999999996,2.625,2.6200000000000045,2.6200000000000045,2.6200000000000045,2.6299999999999955,2.640000000000001,2.6599999999999966,2.6850000000000023,2.6200000000000045,2.6200000000000045,2.6340000000000003,2.6374999999999993,2.6374999999999993,2.6850000000000023,1.3999999999995794,1.7499999999994742,6.499999999999773,1.7499999999994742,6.499999999999773,-2.4999999999991473
2024-04-26,2.5849999999999937,2.5649999999999977,2.555000000000007,2.555000000000007,2.555000000000007,2.5649999999999977,2.575000000000003,2.5900000000000034,2.614999999999995,2.555000000000007,2.555000000000007,2.5680000000000036,2.5712500000000027,2.5712500000000027,2.614999999999995,1.2999999999996792,1.6249999999995879,5.999999999998806,1.6249999999995879,5.999999999998806,-2.9999999999986926
2024-04-29,2.530000000000001,2.510000000000005,2.5,2.5,2.5,2.510000000000005,2.519999999999996,2.5349999999999966,2.5600000000000023,2.5,2.5,2.5129999999999995,2.5162499999999994,2.5162499999999994,2.5600000000000023,1.2999999999999456,1.6249999999999432,6.000000000000227,1.6249999999999432,6.000000000000227,-3.0000000000001137
2024-04-30,2.625,2.5999999999999943,2.5799999999999983,2.575000000000003,2.569999999999993,2.569999999999993,2.575000000000003,2.5900000000000034,2.605000000000004,2.575000000000003,2.5799999999999983,2.575999999999999,2.576249999999998,2.576249999999998,2.605000000000004,0.09999999999963372,0.12499999999953104,3.0000000000001137,-0.3750000000000142,3.50000000000108,-4.999999999999716
2024-05-01,2.625,2.5999999999999943,2.5799999999999983,2.575000000000003,2.569999999999993,2.569999999999993,2.575000000000003,2.5900000000000034,2.605000000000004,2.575000000000003,2.5799999999999983,2.575999999999999,2.576249999999998,2.576249999999998,2.605000000000004,0.09999999999963372,0.12499999999953104,3.0000000000001137,-0.3750000000000142,3.50000000000108,-4.999999999999716
2024-05-02,2.5999999999999943,2.575000000000003,2.5600000000000023,2.549999999999997,2.549999999999997,2.549999999999997,2.555000000000007,2.5649999999999977,2.5849999999999937,2.549999999999997,2.5600000000000023,2.5539999999999994,2.5549999999999997,2.5549999999999997,2.5849999999999937,0.4000000000002224,0.5000000000002558,3.499999999999659,-0.5000000000002558,3.499999999999659,-4.999999999999716
2024-05-03,2.530000000000001,2.510000000000005,2.5,2.4950000000000045,2.5,2.5049999999999955,2.515000000000001,2.5250000000000057,2.5450000000000017,2.4950000000000045,2.5,2.5080000000000013,2.5112500000000004,2.5112500000000004,2.5450000000000017,1.2999999999996792,1.6249999999995879,4.999999999999716,1.1250000000000426,4.5000000000001705,-3.499999999999659
2024-05-06,2.4950000000000045,2.4749999999999943,2.4650000000000034,2.4599999999999937,2.4650000000000034,2.469999999999999,2.4749999999999943,2.489999999999995,2.510000000000005,2.4599999999999937,2.4650000000000034,2.471999999999997,2.474999999999998,2.474999999999998,2.510000000000005,1.200000000000312,1.5000000000004121,5.000000000001137,0.9999999999994458,4.5000000000001705,-3.50000000000108
2024-05-07,2.444999999999993,2.424999999999997,2.4099999999999966,2.405000000000001,2.4000000000000057,2.405000000000001,2.4099999999999966,2.424999999999997,2.4399999999999977,2.405000000000001,2.4099999999999966,2.4090000000000003,2.41,2.41,2.4399999999999977,0.39999999999991154,0.4999999999999005,3.499999999999659,3.552713678800501e-13,3.999999999999204,-3.999999999999204
2024-05-08,2.489999999999995,2.4650000000000034,2.4549999999999983,2.444999999999993,2.444999999999993,2.450000000000003,2.4549999999999983,2.469999999999999,2.489999999999995,2.444999999999993,2.4549999999999983,2.452999999999997,2.4549999999999983,2.4549999999999983,2.489999999999995,0.8000000000004004,1.0000000000005116,4.5000000000001705,0.0,4.5000000000001705,-4.5000000000001705
2024-05-09,2.515000000000001,2.4950000000000045,2.480000000000004,2.4749999999999943,2.480000000000004,2.4849999999999994,2.489999999999995,2.5049999999999955,2.5250000000000057,2.4749999999999943,2.480000000000004,2.4869999999999974,2.4899999999999984,2.4899999999999984,2.5250000000000057,1.200000000000312,1.5000000000004121,5.000000000001137,0.9999999999994458,4.5000000000001705,-4.00000000000067
2024-05-10,2.549999999999997,2.530000000000001,2.515000000000001,2.510000000000005,2.510000000000005,2.510000000000005,2.519999999999996,2.5349999999999966,2.555000000000007,2.510000000000005,2.515000000000001,2.5170000000000017,2.5187500000000007,2.5187500000000007,2.555000000000007,0.6999999999996565,0.8749999999995595,4.5000000000001705,0.3749999999999698,4.5000000000001705,-3.999999999999204
2024-05-13,2.5250000000000057,2.5049999999999955,2.4950000000000045,2.489999999999995,2.489999999999995,2.489999999999995,2.5,2.515000000000001,2.5349999999999966,2.489999999999995,2.4950000000000045,2.496999999999997,2.4987499999999976,2.4987499999999976,2.5349999999999966,0.7000000000002338,0.87500000000027,4.5000000000001705,0.37499999999930367,4.5000000000001705,-3.50000000000108
2024-05-14,2.549999999999997,2.530000000000001,2.519999999999996,2.515000000000001,2.515000000000001,2.519999999999996,2.530000000000001,2.5450000000000017,2.5649999999999977,2.515000000000001,2.519999999999996,2.525,2.5275,2.5275,2.5649999999999977,0.9999999999998899,1.2499999999998845,4.999999999999671,0.7500000000003837,4.999999999999671,-3.4999999999996145
2024-05-15,2.4350000000000023,2.4150000000000063,2.405000000000001,2.4000000000000057,2.4000000000000057,2.4099999999999966,2.4200000000000017,2.4350000000000023,2.4549999999999983,2.4000000000000057,2.405000000000001,2.4130000000000025,2.4162500000000016,2.4162500000000016,2.4549999999999983,1.2999999999996792,1.6249999999995879,5.499999999999261,1.1250000000000426,5.499999999999261,-3.499999999999659
2024-05-16,2.4599999999999937,2.4399999999999977,2.430000000000007,2.424999999999997,2.424999999999997,2.430000000000007,2.4350000000000023,2.450000000000003,2.469999999999999,2.424999999999997,2.430000000000007,2.433000000000001,2.4350000000000023,2.4350000000000023,2.469999999999999,0.8000000000004004,1.0000000000005116,4.5000000000001705,0.49999999999954525,4.5000000000001705,-3.499999999999659
2024-05-17,2.5450000000000017,2.519999999999996,2.5049999999999955,2.5,2.4950000000000045,2.4950000000000045,2.5,2.510000000000005,2.519999999999996,2.5,2.5049999999999955,2.5000000000000027,2.5000000000000036,2.5000000000000036,2.519999999999996,2.6645352591003757e-13,3.552713678800501e-13,1.999999999999602,-0.49999999999919,2.4999999999991473,-4.5000000000001705
2024-05-20,2.569999999999993,2.549999999999997,2.5349999999999966,2.530000000000001,2.530000000000001,2.530000000000001,2.530000000000001,2.5400000000000063,2.555000000000007,2.530000000000001,2.5349999999999966,2.5320000000000022,2.5325000000000024,2.5325000000000024,2.555000000000007,0.2000000000001112,0.2500000000001279,2.5000000000005684,-0.24999999999941735,2.5000000000005684,-3.999999999999204
2024-05-21,2.5349999999999966,2.515000000000001,2.5,2.4950000000000045,2.4950000000000045,2.5,2.5049999999999955,2.515000000000001,2.530000000000001,2.4950000000000045,2.5,2.502000000000001,2.50375,2.50375,2.530000000000001,0.6999999999996565,0.8749999999995595,3.499999999999659,0.3750000000000142,3.499999999999659,-3.999999999999204
2024-05-22,2.555000000000007,2.5250000000000057,2.510000000000005,2.5049999999999955,2.5049999999999955,2.5049999999999955,2.510000000000005,2.5250000000000057,2.5400000000000063,2.5049999999999955,2.510000000000005,2.5099999999999993,2.5112500000000004,2.5112500000000004,2.5400000000000063,0.500000000000389,0.6250000000004974,3.50000000000108,0.12499999999953104,3.50000000000108,-5.000000000001137
2024-05-23,2.655000000000001,2.6200000000000045,2.5999999999999943,2.5900000000000034,2.5849999999999937,2.5799999999999983,2.5799999999999983,2.5900000000000034,2.5999999999999943,2.5900000000000034,2.5999999999999943,2.5849999999999995,2.5837499999999984,2.5837499999999984,2.5999999999999943,-0.500000000000389,-0.6250000000004974,0.9999999999990905,-1.6249999999995879,1.5000000000000568,-6.499999999999773
2024-05-24,2.625,2.5849999999999937,2.5600000000000023,2.5450000000000017,2.5349999999999966,2.5349999999999966,2.530000000000001,2.5400000000000063,2.549999999999997,2.5450000000000017,2.5600000000000023,2.5370000000000004,2.535,2.535,2.549999999999997,-0.8000000000001339,-1.0000000000001563,0.49999999999954525,-2.500000000000213,1.5000000000000568,-7.9999999999998295
2024-05-27,2.594999999999999,2.5600000000000023,2.5349999999999966,2.5250000000000057,2.519999999999996,2.515000000000001,2.515000000000001,2.5250000000000057,2.5400000000000063,2.5250000000000057,2.5349999999999966,2.520000000000002,2.5187500000000007,2.5187500000000007,2.5400000000000063,-0.500000000000389,-0.6250000000004974,1.5000000000000568,-1.6249999999995879,2.000000000001023,-6.999999999999318
2024-05-28,2.625,2.5900000000000034,2.569999999999993,2.5600000000000023,2.555000000000007,2.555000000000007,2.555000000000007,2.5649999999999977,2.575000000000003,2.5600000000000023,2.569999999999993,2.5580000000000043,2.5575000000000045,2.5575000000000045,2.575000000000003,-0.19999999999980034,-0.24999999999977263,1.5000000000000568,-1.2499999999988631,1.999999999999602,-6.499999999999773
2024-05-29,2.7049999999999983,2.674999999999997,2.6599999999999966,2.6500000000000057,2.6500000000000057,2.6500000000000057,2.6500000000000057,2.6599999999999966,2.674999999999997,2.6500000000000057,2.6599999999999966,2.6520000000000037,2.6525000000000034,2.6525000000000034,2.674999999999997,0.19999999999980034,0.24999999999977263,2.4999999999991473,-0.7499999999993179,2.4999999999991473,-5.499999999999261
2024-05-30,2.700000000000003,2.6700000000000017,2.6500000000000057,2.640000000000001,2.640000000000001,2.640000000000001,2.640000000000001,2.6500000000000057,2.6650000000000063,2.640000000000001,2.6500000000000057,2.642000000000002,2.6425000000000023,2.6425000000000023,2.6650000000000063,0.2000000000001112,0.2500000000001279,2.500000000000524,-0.7500000000003393,2.500000000000524,-6.000000000000183
2024-05-31,2.680000000000007,2.6500000000000057,2.6299999999999955,2.625,2.6200000000000045,2.6200000000000045,2.625,2.635000000000005,2.644999999999996,2.625,2.6299999999999955,2.6250000000000027,2.6250000000000036,2.6250000000000036,2.644999999999996,2.6645352591003757e-13,3.552713678800501e-13,1.999999999999602,-0.49999999999919,2.4999999999991473,-5.500000000000682
2024-06-03,2.5900000000000034,2.5600000000000023,2.5450000000000017,2.5349999999999966,2.5349999999999966,2.5349999999999966,2.5400000000000063,2.549999999999997,2.5600000000000023,2.5349999999999966,2.5450000000000017,2.538999999999999,2.539999999999999,2.539999999999999,2.5600000000000023,0.4000000000002224,0.5000000000002558,2.5000000000005684,-0.5000000000002558,2.5000000000005684,-5.500000000000682
2024-06-04,2.5400000000000063,2.515000000000001,2.5,2.489999999999995,2.489999999999995,2.489999999999995,2.4950000000000045,2.5049999999999955,2.519999999999996,2.489999999999995,2.5,2.493999999999997,2.4949999999999974,2.4949999999999974,2.519999999999996,0.4000000000002224,0.5000000000002558,3.0000000000001137,-0.5000000000002558,3.0000000000001137,-5.000000000001137
2024-06-05,2.519999999999996,2.4950000000000045,2.4749999999999943,2.4650000000000034,2.4650000000000034,2.4650000000000034,2.469999999999999,2.480000000000004,2.4950000000000045,2.4650000000000034,2.4749999999999943,2.4690000000000025,2.4700000000000024,2.4700000000000024,2.4950000000000045,0.39999999999991154,0.4999999999999005,3.0000000000001137,-0.49999999999919,3.0000000000001137,-5.499999999999261
2024-06-06,2.5799999999999983,2.555000000000007,2.5349999999999966,2.530000000000001,2.5250000000000057,2.5250000000000057,2.530000000000001,2.5400000000000063,2.549999999999997,2.530000000000001,2.5349999999999966,2.530000000000004,2.5300000000000047,2.5300000000000047,2.549999999999997,2.6645352591003757e-13,3.552713678800501e-13,1.999999999999602,-0.49999999999919,2.4999999999991473,-4.999999999999716
2024-06-07,2.6700000000000017,2.644999999999996,2.625,2.614999999999995,2.605000000000004,2.605000000000004,2.605000000000004,2.6099999999999994,2.6200000000000045,2.614999999999995,2.625,2.6080000000000014,2.606250000000003,2.606250000000003,2.6200000000000045,-0.6999999999993456,-0.8749999999992042,0.5000000000009663,-1.8749999999997158,1.5000000000000568,-5.500000000000682
2024-06-10,2.7249999999999943,2.700000000000003,2.680000000000007,2.6700000000000017,2.6700000000000017,2.6650000000000063,2.6700000000000017,2.674999999999997,2.6899999999999977,2.6700000000000017,2.680000000000007,2.6700000000000017,2.6700000000000017,2.6700000000000017,2.6899999999999977,0.0,0.0,1.999999999999602,-1.0000000000005116,1.999999999999602,-5.499999999999261
2024-06-11,2.680000000000007,2.6599999999999966,2.640000000000001,2.635000000000005,2.6299999999999955,2.6299999999999955,2.6299999999999955,2.640000000000001,2.655000000000001,2.635000000000005,2.640000000000001,2.6329999999999982,2.6324999999999967,2.6324999999999967,2.655000000000001,-0.20000000000068852,-0.25000000000083844,1.999999999999602,-0.7500000000004281,2.5000000000005684,-4.5000000000001705
2024-06-12,2.5900000000000034,2.569999999999993,2.555000000000007,2.5450000000000017,2.5400000000000063,2.5400000000000063,2.5450000000000017,2.549999999999997,2.5649999999999977,2.5450000000000017,2.555000000000007,2.5440000000000027,2.543750000000003,2.543750000000003,2.5649999999999977,-0.09999999999990017,-0.12499999999988631,1.999999999999602,-1.125000000000398,2.4999999999991473,-4.5000000000001705
2024-06-13,2.5799999999999983,2.5600000000000023,2.5450000000000017,2.5400000000000063,2.5400000000000063,2.5400000000000063,2.5400000000000063,2.549999999999997,2.5649999999999977,2.5400000000000063,2.5450000000000017,2.5420000000000043,2.542500000000004,2.542500000000004,2.5649999999999977,0.19999999999980034,0.24999999999977263,2.4999999999991473,-0.24999999999977263,2.4999999999991473,-3.999999999999204
2024-06-14,2.4599999999999937,2.444999999999993,2.4399999999999977,2.4350000000000023,2.4399999999999977,2.444999999999993,2.4549999999999983,2.4650000000000034,2.4849999999999994,2.4350000000000023,2.4399999999999977,2.447999999999999,2.451249999999998,2.451249999999998,2.4849999999999994,1.2999999999996792,1.6249999999995879,4.999999999999716,1.1250000000000426,4.5000000000001705,-2.4999999999991473
2024-06-17,2.510000000000005,2.5,2.489999999999995,2.489999999999995,2.4950000000000045,2.5,2.510000000000005,2.5250000000000057,2.5400000000000063,2.489999999999995,2.489999999999995,2.5040000000000022,2.507500000000004,2.507500000000004,2.5400000000000063,1.400000000000734,1.7500000000008953,5.000000000001137,1.7500000000008953,4.5000000000001705,-2.000000000001023
2024-06-18,2.480000000000004,2.469999999999999,2.4650000000000034,2.4599999999999937,2.4650000000000034,2.4749999999999943,2.480000000000004,2.4950000000000045,2.510000000000005,2.4599999999999937,2.4650000000000034,2.475,2.4787500000000016,2.4787500000000016,2.510000000000005,1.5000000000006342,1.8750000000007816,5.000000000001137,1.3749999999998153,4.5000000000001705,-2.000000000001023
2024-06-19,2.4950000000000045,2.4849999999999994,2.480000000000004,2.4749999999999943,2.480000000000004,2.4849999999999994,2.4950000000000045,2.5049999999999955,2.5250000000000057,2.4749999999999943,2.480000000000004,2.4879999999999995,2.491250000000001,2.491250000000001,2.5250000000000057,1.300000000000523,1.6250000000006537,5.000000000001137,1.1249999999996874,4.5000000000001705,-2.000000000001023
2024-06-20,2.5349999999999966,2.530000000000001,2.519999999999996,2.519999999999996,2.5250000000000057,2.5349999999999966,2.5450000000000017,2.555000000000007,2.575000000000003,2.519999999999996,2.519999999999996,2.5360000000000014,2.5400000000000027,2.5400000000000027,2.575000000000003,1.6000000000005343,2.000000000000668,5.500000000000682,2.000000000000668,4.999999999999716,-1.5000000000000568
2024-06-21,2.5049999999999955,2.4950000000000045,2.489999999999995,2.489999999999995,2.5,2.510000000000005,2.519999999999996,2.5349999999999966,2.549999999999997,2.489999999999995,2.489999999999995,2.5109999999999983,2.5162499999999994,2.5162499999999994,2.549999999999997,2.100000000000346,2.6250000000004547,6.000000000000227,2.6250000000004547,4.999999999999716,-1.5000000000000568
2024-06-24,2.5250000000000057,2.510000000000005,2.5049999999999955,2.5049999999999955,2.510000000000005,2.519999999999996,2.530000000000001,2.5450000000000017,2.5649999999999977,2.5049999999999955,2.5049999999999955,2.522,2.526250000000001,2.526250000000001,2.5649999999999977,1.7000000000004345,2.1250000000005542,6.000000000000227,2.1250000000005542,5.499999999999261,-2.000000000001023
2024-06-25,2.5049999999999955,2.4950000000000045,2.489999999999995,2.4849999999999994,2.489999999999995,2.5,2.515000000000001,2.530000000000001,2.5450000000000017,2.4849999999999994,2.489999999999995,2.503999999999999,2.508749999999999,2.508749999999999,2.5450000000000017,1.8999999999999684,2.3749999999999716,6.000000000000227,1.8750000000004263,5.500000000000682,-1.999999999999602
2024-06-26,2.549999999999997,2.5400000000000063,2.5349999999999966,2.5400000000000063,2.5450000000000017,2.555000000000007,2.5649999999999977,2.5799999999999983,2.5999999999999943,2.5400000000000063,2.5349999999999966,2.557000000000002,2.561250000000001,2.561250000000001,2.5999999999999943,1.6999999999995907,2.1249999999994884,5.999999999998806,2.6250000000004547,5.499999999999261,-0.9999999999990905
2024-06-27,2.5649999999999977,2.555000000000007,2.549999999999997,2.549999999999997,2.555000000000007,2.5649999999999977,2.575000000000003,2.5900000000000034,2.6099999999999994,2.549999999999997,2.549999999999997,2.5670000000000015,2.5712500000000027,2.5712500000000027,2.6099999999999994,1.7000000000004345,2.1250000000005542,6.000000000000227,2.1250000000005542,5.499999999999261,-1.5000000000000568
2024-06-28,2.5849999999999937,2.575000000000003,2.575000000000003,2.575000000000003,2.5799999999999983,2.594999999999999,2.605000000000004,2.6200000000000045,2.640000000000001,2.575000000000003,2.575000000000003,2.5950000000000015,2.6000000000000014,2.6000000000000014,2.640000000000001,1.9999999999998685,2.499999999999858,6.499999999999817,2.499999999999858,6.000000000000272,-0.9999999999990905
2024-07-01,2.6599999999999966,2.655000000000001,2.6500000000000057,2.6500000000000057,2.6599999999999966,2.6650000000000063,2.680000000000007,2.694999999999993,2.7099999999999937,2.6500000000000057,2.6500000000000057,2.6700000000000017,2.6750000000000007,2.6750000000000007,2.7099999999999937,1.999999999999602,2.4999999999995026,5.999999999998806,2.4999999999995026,4.999999999999716,-0.9999999999990905
2024-07-02,2.635000000000005,2.6299999999999955,2.6299999999999955,2.6299999999999955,2.640000000000001,2.6500000000000057,2.6599999999999966,2.680000000000007,2.700000000000003,2.6299999999999955,2.6299999999999955,2.652000000000001,2.6575000000000024,2.6575000000000024,2.700000000000003,2.200000000000557,2.7500000000006963,7.000000000000739,2.7500000000006963,6.000000000000183,-0.5000000000009663
2024-07-03,2.5799999999999983,2.575000000000003,2.569999999999993,2.569999999999993,2.575000000000003,2.5849999999999937,2.594999999999999,2.6099999999999994,2.625,2.569999999999993,2.569999999999993,2.5869999999999975,2.5912499999999987,2.5912499999999987,2.625,1.7000000000004345,2.1250000000005542,5.500000000000682,2.1250000000005542,4.999999999999716,-1.0000000000005116
2024-07-04,2.625,2.614999999999995,2.6099999999999994,2.6099999999999994,2.614999999999995,2.6200000000000045,2.6299999999999955,2.640000000000001,2.655000000000001,2.6099999999999994,2.6099999999999994,2.622999999999999,2.626249999999999,2.626249999999999,2.655000000000001,1.2999999999999456,1.6249999999999432,4.5000000000001705,1.6249999999999432,4.000000000000625,-1.5000000000000568
2024-07-05,2.555000000000007,2.5450000000000017,2.5400000000000063,2.5450000000000017,2.549999999999997,2.5600000000000023,2.569999999999993,2.5849999999999937,2.605000000000004,2.5450000000000017,2.5400000000000063,2.5619999999999976,2.5662499999999966,2.5662499999999966,2.605000000000004,1.6999999999995907,2.1249999999994884,6.000000000000227,2.6249999999990337,5.500000000000682,-1.0000000000005116
2024-07-08,2.549999999999997,2.5400000000000063,2.5349999999999966,2.5349999999999966,2.5400000000000063,2.5450000000000017,2.555000000000007,2.569999999999993,2.5849999999999937,2.5349999999999966,2.5349999999999966,2.549000000000001,2.552500000000002,2.552500000000002,2.5849999999999937,1.4000000000004231,1.75000000000054,4.999999999999716,1.75000000000054,4.4999999999987494,-1.5000000000000568
2024-07-09,2.5900000000000034,2.5799999999999983,2.575000000000003,2.575000000000003,2.5799999999999983,2.5849999999999937,2.594999999999999,2.6099999999999994,2.625,2.575000000000003,2.575000000000003,2.5889999999999986,2.5924999999999976,2.5924999999999976,2.625,1.3999999999995794,1.7499999999994742,4.999999999999716,1.7499999999994742,4.5000000000001705,-1.5000000000000568
2024-07-10,2.5450000000000017,2.5349999999999966,2.530000000000001,2.530000000000001,2.5349999999999966,2.5400000000000063,2.555000000000007,2.5649999999999977,2.5799999999999983,2.530000000000001,2.530000000000001,2.5450000000000017,2.548750000000002,2.548750000000002,2.5799999999999983,1.5000000000000568,1.875000000000071,4.999999999999716,1.875000000000071,4.5000000000001705,-1.5000000000000568
2024-07-11,2.450000000000003,2.450000000000003,2.4549999999999983,2.4599999999999937,2.469999999999999,2.480000000000004,2.4950000000000045,2.510000000000005,2.5250000000000057,2.4599999999999937,2.4549999999999983,2.4830000000000014,2.488750000000003,2.488750000000003,2.5250000000000057,2.300000000000768,2.875000000000938,6.500000000001194,3.375000000000483,5.500000000000682,0.9999999999990905
2024-07-12,2.489999999999995,2.4950000000000045,2.5,2.5049999999999955,2.515000000000001,2.5250000000000057,2.5400000000000063,2.555000000000007,2.569999999999993,2.5049999999999955,2.5,2.528000000000003,2.533750000000005,2.533750000000005,2.569999999999993,2.300000000000768,2.875000000000938,6.499999999999773,3.375000000000483,5.499999999999217,1.5000000000000568
2024-07-15,2.444999999999993,2.450000000000003,2.4549999999999983,2.4650000000000034,2.4749999999999943,2.489999999999995,2.510000000000005,2.5250000000000057,2.5450000000000017,2.4650000000000034,2.4549999999999983,2.4930000000000008,2.5,2.5,2.5450000000000017,2.799999999999736,3.499999999999659,7.9999999999998295,4.5000000000001705,7.000000000000739,2.000000000001023
2024-07-16,2.4000000000000057,2.405000000000001,2.4150000000000063,2.424999999999997,2.4350000000000023,2.450000000000003,2.469999999999999,2.4849999999999994,2.5049999999999955,2.424999999999997,2.4150000000000063,2.4530000000000003,2.460000000000001,2.460000000000001,2.5049999999999955,2.8000000000003133,3.5000000000003695,7.9999999999998295,4.49999999999946,6.999999999999318,2.4999999999991473
2024-07-17,2.4000000000000057,2.405000000000001,2.4150000000000063,2.424999999999997,2.4350000000000023,2.450000000000003,2.4650000000000034,2.4849999999999994,2.5,2.424999999999997,2.4150000000000063,2.452000000000001,2.458750000000002,2.458750000000002,2.5,2.7000000000003688,3.375000000000483,7.500000000000284,4.374999999999574,6.499999999999773,2.4999999999991473
2024-07-18,2.3700000000000045,2.3799999999999955,2.394999999999996,2.405000000000001,2.4200000000000017,2.4399999999999977,2.4549999999999983,2.4749999999999943,2.4950000000000045,2.405000000000001,2.394999999999996,2.4389999999999987,2.447499999999998,2.447499999999998,2.4950000000000045,3.3999999999997588,4.249999999999687,9.000000000000341,5.250000000000199,7.500000000000284,3.499999999999659
2024-07-19,2.4150000000000063,2.424999999999997,2.4350000000000023,2.444999999999993,2.4599999999999937,2.480000000000004,2.5,2.515000000000001,2.5400000000000063,2.444999999999993,2.4350000000000023,2.479999999999998,2.4887499999999996,2.4887499999999996,2.5400000000000063,3.5000000000005027,4.3750000000006395,9.500000000001307,5.37499999999973,8.00000000000125,2.9999999999986926
2024-07-22,2.4399999999999977,2.444999999999993,2.450000000000003,2.4599999999999937,2.469999999999999,2.489999999999995,2.5049999999999955,2.519999999999996,2.5400000000000063,2.4599999999999937,2.450000000000003,2.488999999999996,2.4962499999999963,2.4962499999999963,2.5400000000000063,2.9000000000002135,3.625000000000256,8.00000000000125,4.624999999999346,7.000000000000739,1.999999999999602
2024-07-23,2.405000000000001,2.4099999999999966,2.4200000000000017,2.430000000000007,2.444999999999993,2.4650000000000034,2.480000000000004,2.5,2.519999999999996,2.430000000000007,2.4200000000000017,2.4640000000000013,2.4725,2.4725,2.519999999999996,3.399999999999448,4.249999999999332,8.99999999999892,5.249999999999844,7.500000000000284,2.5000000000005684
2024-07-24,2.385000000000005,2.4000000000000057,2.4150000000000063,2.4350000000000023,2.450000000000003,2.469999999999999,2.489999999999995,2.515000000000001,2.5349999999999966,2.4350000000000023,2.4150000000000063,2.472,2.4812499999999993,2.4812499999999993,2.5349999999999966,3.69999999999977,4.624999999999702,9.999999999999432,6.624999999999304,8.499999999999375,4.999999999999716
2024-07-25,2.3799999999999955,2.390000000000001,2.405000000000001,2.4200000000000017,2.4399999999999977,2.4599999999999937,2.480000000000004,2.5,2.5250000000000057,2.4200000000000017,2.405000000000001,2.4599999999999995,2.469999999999999,2.469999999999999,2.5250000000000057,3.9999999999997815,4.999999999999716,10.500000000000398,6.499999999999773,8.500000000000796,4.000000000000625
2024-07-26,2.364999999999995,2.3799999999999955,2.394999999999996,2.4150000000000063,2.430000000000007,2.450000000000003,2.4749999999999943,2.4950000000000045,2.519999999999996,2.4150000000000063,2.394999999999996,2.453000000000003,2.462500000000002,2.462500000000002,2.519999999999996,3.7999999999996703,4.749999999999588,10.499999999998977,6.750000000000611,8.99999999999892,5.000000000001137
2024-07-29,2.3349999999999937,2.344999999999999,2.3599999999999994,2.375,2.394999999999996,2.4150000000000063,2.4350000000000023,2.4599999999999937,2.480000000000004,2.375,2.3599999999999994,2.4159999999999995,2.4262499999999996,2.4262499999999996,2.480000000000004,4.099999999999948,5.124999999999957,10.500000000000398,6.625000000000014,8.500000000000796,4.000000000000625
2024-07-30,2.2849999999999966,2.299999999999997,2.319999999999993,2.3400000000000034,2.3599999999999994,2.385000000000005,2.4099999999999966,2.4350000000000023,2.4599999999999937,2.3400000000000034,2.319999999999993,2.3860000000000015,2.397500000000001,2.397500000000001,2.4599999999999937,4.599999999999804,5.749999999999744,11.999999999999034,7.750000000000767,9.999999999999432,5.500000000000682
2024-07-31,2.265000000000001,2.280000000000001,2.299999999999997,2.3149999999999977,2.3349999999999937,2.3599999999999994,2.385000000000005,2.405000000000001,2.430000000000007,2.3149999999999977,2.299999999999997,2.3599999999999994,2.37125,2.37125,2.430000000000007,4.5000000000001705,5.625000000000213,11.50000000000091,7.12500000000027,9.500000000001307,4.999999999999671
2024-08-01,2.200000000000003,2.219999999999999,2.2349999999999994,2.2549999999999955,2.2750000000000057,2.299999999999997,2.325000000000003,2.3499999999999943,2.375,2.2549999999999955,2.2349999999999994,2.3009999999999993,2.3125,2.3125,2.375,4.600000000000382,5.750000000000455,12.000000000000455,7.750000000000057,9.999999999999432,5.499999999999261
2024-08-02,2.1599999999999966,2.174999999999997,2.194999999999993,2.2150000000000034,2.2349999999999994,2.2549999999999955,2.280000000000001,2.305000000000007,2.3299999999999983,2.2150000000000034,2.194999999999993,2.2580000000000013,2.2687500000000007,2.2687500000000007,2.3299999999999983,4.299999999999793,5.37499999999973,11.499999999999488,7.375000000000753,9.499999999999886,5.500000000000682
2024-08-05,2.180000000000007,2.194999999999993,2.2099999999999937,2.2249999999999943,2.2450000000000045,2.265000000000001,2.2900000000000063,2.3149999999999977,2.344999999999999,2.2249999999999943,2.2099999999999937,2.2680000000000007,2.2787500000000023,2.2787500000000023,2.344999999999999,4.300000000000637,5.375000000000796,12.000000000000455,6.875000000000853,9.999999999999432,4.4999999999987494
2024-08-06,2.200000000000003,2.2150000000000034,2.2349999999999994,2.25,2.269999999999996,2.2900000000000063,2.3149999999999977,2.3400000000000034,2.3599999999999994,2.25,2.2349999999999994,2.2930000000000006,2.303750000000001,2.303750000000001,2.3599999999999994,4.300000000000059,5.375000000000085,10.999999999999943,6.875000000000142,9.000000000000341,4.999999999999716
2024-08-07,2.2349999999999994,2.2549999999999955,2.280000000000001,2.299999999999997,2.319999999999993,2.3499999999999943,2.375,2.405000000000001,2.430000000000007,2.299999999999997,2.280000000000001,2.349999999999997,2.362499999999997,2.362499999999997,2.430000000000007,4.999999999999982,6.25,13.000000000000966,8.249999999999602,11.000000000001364,6.499999999999773
2024-08-08,2.2249999999999943,2.2450000000000045,2.265000000000001,2.2900000000000063,2.3149999999999977,2.3400000000000034,2.3700000000000045,2.4000000000000057,2.424999999999997,2.2900000000000063,2.265000000000001,2.3430000000000035,2.356250000000003,2.356250000000003,2.424999999999997,5.299999999999727,6.624999999999659,13.49999999999909,9.125000000000183,10.999999999999943,6.500000000001194
2024-08-09,2.1850000000000023,2.2049999999999983,2.230000000000004,2.25,2.2750000000000057,2.299999999999997,2.325000000000003,2.355000000000004,2.3799999999999955,2.25,2.230000000000004,2.301000000000002,2.3137500000000024,2.3137500000000024,2.3799999999999955,5.100000000000193,6.375000000000242,12.999999999999545,8.374999999999844,10.499999999998977,6.499999999999773
2024-08-12,2.194999999999993,2.2150000000000034,2.2349999999999994,2.2549999999999955,2.2750000000000057,2.299999999999997,2.325000000000003,2.3499999999999943,2.375,2.2549999999999955,2.2349999999999994,2.3009999999999993,2.3125,2.3125,2.375,4.600000000000382,5.750000000000455,12.000000000000455,7.750000000000057,9.999999999999432,6.000000000000227
2024-08-13,2.125,2.144999999999996,2.1650000000000063,2.1850000000000023,2.2099999999999937,2.2349999999999994,2.260000000000005,2.2849999999999966,2.3100000000000023,2.1850000000000023,2.1650000000000063,2.2349999999999994,2.2474999999999987,2.2474999999999987,2.3100000000000023,4.999999999999716,6.249999999999645,12.5,8.249999999999247,10.000000000000853,6.000000000000227
2024-08-14,2.125,2.140000000000001,2.1599999999999966,2.180000000000007,2.200000000000003,2.2249999999999943,2.2549999999999955,2.280000000000001,2.305000000000007,2.180000000000007,2.1599999999999966,2.228,2.2399999999999984,2.2399999999999984,2.305000000000007,4.799999999999338,5.999999999999162,12.5,8.000000000000185,10.500000000000398,5.500000000000682
2024-08-15,2.2249999999999943,2.2349999999999994,2.2450000000000045,2.265000000000001,2.280000000000001,2.305000000000007,2.325000000000003,2.3499999999999943,2.3700000000000045,2.265000000000001,2.2450000000000045,2.305000000000001,2.3150000000000013,2.3150000000000013,2.3700000000000045,4.0000000000000036,5.000000000000027,10.500000000000353,6.999999999999673,9.000000000000341,4.00000000000067
2024-08-16,2.2150000000000034,2.2249999999999943,2.239999999999995,2.2549999999999955,2.269999999999996,2.2900000000000063,2.3100000000000023,2.3349999999999937,2.3499999999999943,2.2549999999999955,2.239999999999995,2.291999999999999,2.3012499999999996,2.3012499999999996,2.3499999999999943,3.7000000000003475,4.625000000000412,9.499999999999886,6.125000000000469,7.9999999999998295,3.999999999999204
2024-08-19,2.219999999999999,2.230000000000004,2.239999999999995,2.2549999999999955,2.2750000000000057,2.2950000000000017,2.3149999999999977,2.3349999999999937,2.355000000000004,2.2549999999999955,2.239999999999995,2.294999999999999,2.3049999999999997,2.3049999999999997,2.355000000000004,4.000000000000359,5.000000000000426,10.000000000000853,6.500000000000483,7.9999999999998295,3.499999999999659
2024-08-20,2.1599999999999966,2.1700000000000017,2.1850000000000023,2.200000000000003,2.219999999999999,2.239999999999995,2.260000000000005,2.2849999999999966,2.305000000000007,2.200000000000003,2.1850000000000023,2.2409999999999997,2.251249999999999,2.251249999999999,2.305000000000007,4.099999999999682,5.124999999999602,10.500000000000398,6.624999999999659,8.500000000000796,4.000000000000625
2024-08-21,2.140000000000001,2.155000000000001,2.174999999999997,2.194999999999993,2.2150000000000034,2.2349999999999994,2.260000000000005,2.2849999999999966,2.305000000000007,2.194999999999993,2.174999999999997,2.2379999999999995,2.248750000000001,2.248750000000001,2.305000000000007,4.300000000000637,5.375000000000796,11.000000000001364,7.375000000000398,9.000000000000341,5.499999999999217
2024-08-22,2.1899999999999977,2.2049999999999983,2.2249999999999943,2.239999999999995,2.260000000000005,2.2849999999999966,2.305000000000007,2.3299999999999983,2.3499999999999943,2.239999999999995,2.2249999999999943,2.2840000000000003,2.2950000000000017,2.2950000000000017,2.3499999999999943,4.400000000000537,5.500000000000682,10.999999999999943,7.000000000000739,8.99999999999892,4.999999999999716
2024-08-23,2.155000000000001,2.174999999999997,2.194999999999993,2.2150000000000034,2.2349999999999994,2.260000000000005,2.2849999999999966,2.305000000000007,2.325000000000003,2.2150000000000034,2.194999999999993,2.2600000000000025,2.271250000000002,2.271250000000002,2.325000000000003,4.499999999999904,5.624999999999858,10.999999999999943,7.625000000000881,9.000000000000341,6.000000000000227
2024-08-26,2.180000000000007,2.200000000000003,2.219999999999999,2.2450000000000045,2.265000000000001,2.2849999999999966,2.3100000000000023,2.3349999999999937,2.355000000000004,2.2450000000000045,2.219999999999999,2.2879999999999994,2.2987499999999983,2.2987499999999983,2.355000000000004,4.299999999999482,5.374999999999375,10.999999999999943,7.874999999999943,9.000000000000297,6.499999999999773
2024-08-27,2.200000000000003,2.2249999999999943,2.25,2.2750000000000057,2.2950000000000017,2.319999999999993,2.3499999999999943,2.375,2.394999999999996,2.2750000000000057,2.25,2.322999999999999,2.3349999999999973,2.3349999999999973,2.394999999999996,4.799999999999338,5.999999999999162,11.999999999999034,8.49999999999973,9.999999999999432,7.500000000000284
2024-08-28,2.1850000000000023,2.2049999999999983,2.230000000000004,2.25,2.2750000000000057,2.299999999999997,2.325000000000003,2.3499999999999943,2.3700000000000045,2.25,2.230000000000004,2.3,2.3125,2.3125,2.3700000000000045,4.999999999999982,6.25,12.000000000000455,8.249999999999602,9.499999999999886,6.499999999999773
2024-08-29,2.1899999999999977,2.2150000000000034,2.239999999999995,2.265000000000001,2.2900000000000063,2.3149999999999977,2.344999999999999,2.3700000000000045,2.394999999999996,2.265000000000001,2.239999999999995,2.3170000000000015,2.330000000000002,2.330000000000002,2.394999999999996,5.200000000000049,6.5000000000000835,12.9999999999995,9.000000000000696,10.499999999998977,7.500000000000329
2024-08-30,2.1899999999999977,2.2150000000000034,2.239999999999995,2.265000000000001,2.2849999999999966,2.3100000000000023,2.3349999999999937,2.3599999999999994,2.385000000000005,2.265000000000001,2.239999999999995,2.3109999999999986,2.322499999999998,2.322499999999998,2.385000000000005,4.59999999999976,5.7499999999997,12.00000000000041,8.250000000000313,10.000000000000853,7.500000000000329
2024-09-02,2.230000000000004,2.2549999999999955,2.280000000000001,2.3100000000000023,2.3299999999999983,2.3599999999999994,2.385000000000005,2.4099999999999966,2.4350000000000023,2.3100000000000023,2.280000000000001,2.3590000000000004,2.37125,2.37125,2.4350000000000023,4.899999999999816,6.124999999999758,12.5,9.124999999999872,10.500000000000398,7.9999999999998295
2024-09-03,2.1700000000000017,2.194999999999993,2.2249999999999943,2.25,2.269999999999996,2.299999999999997,2.325000000000003,2.3499999999999943,2.375,2.25,2.2249999999999943,2.298999999999998,2.3112499999999976,2.3112499999999976,2.375,4.899999999999816,6.124999999999758,12.5,8.625000000000327,10.500000000000398,7.9999999999998295
2024-09-04,2.1099999999999994,2.135000000000005,2.1650000000000063,2.194999999999993,2.219999999999999,2.25,2.2750000000000057,2.305000000000007,2.3299999999999983,2.194999999999993,2.1650000000000063,2.249000000000001,2.262500000000003,2.262500000000003,2.3299999999999983,5.400000000000782,6.750000000000966,13.500000000000512,9.749999999999659,10.999999999999943,8.499999999999375
2024-09-05,2.0999999999999943,2.135000000000005,2.1650000000000063,2.194999999999993,2.219999999999999,2.25,2.280000000000001,2.3100000000000023,2.3349999999999937,2.194999999999993,2.1650000000000063,2.250999999999999,2.2650000000000006,2.2650000000000006,2.3349999999999937,5.600000000000582,7.000000000000739,14.000000000000057,9.999999999999432,11.499999999999488,9.499999999999886
2024-09-06,2.055000000000007,2.0900000000000034,2.1200000000000045,2.1500000000000057,2.180000000000007,2.2099999999999937,2.239999999999995,2.269999999999996,2.299999999999997,2.1500000000000057,2.1200000000000045,2.2099999999999995,2.224999999999998,2.224999999999998,2.299999999999997,5.999999999999384,7.499999999999218,14.999999999999147,10.499999999999332,11.999999999999034,9.499999999999886
2024-09-09,2.0400000000000063,2.0799999999999983,2.114999999999995,2.144999999999996,2.174999999999997,2.2049999999999983,2.239999999999995,2.269999999999996,2.299999999999997,2.144999999999996,2.114999999999995,2.2069999999999963,2.2224999999999966,2.2224999999999966,2.299999999999997,6.200000000000028,7.750000000000057,15.500000000000114,10.75000000000017,12.5,10.499999999998977
2024-09-10,2.015000000000001,2.055000000000007,2.0900000000000034,2.125,2.155000000000001,2.1850000000000023,2.219999999999999,2.25,2.280000000000001,2.125,2.0900000000000034,2.1870000000000003,2.2025000000000006,2.2025000000000006,2.280000000000001,6.200000000000028,7.750000000000057,15.500000000000114,11.249999999999716,12.5,10.999999999999899
2024-09-11,1.9500000000000028,1.9899999999999949,2.030000000000001,2.0649999999999977,2.0999999999999943,2.140000000000001,2.174999999999997,2.2099999999999937,2.2450000000000045,2.0649999999999977,2.030000000000001,2.137999999999997,2.1562499999999964,2.1562499999999964,2.2450000000000045,7.299999999999907,9.124999999999872,18.000000000000682,12.624999999999531,14.500000000001023,11.499999999999488
2024-09-12,2.015000000000001,2.049999999999997,2.0849999999999937,2.114999999999995,2.144999999999996,2.180000000000007,2.2150000000000034,2.25,2.2750000000000057,2.114999999999995,2.0849999999999937,2.181,2.1975000000000016,2.1975000000000016,2.2750000000000057,6.600000000000517,8.250000000000668,16.00000000000108,11.250000000000782,13.000000000000966,9.999999999999387
2024-09-13,2.0250000000000057,2.0600000000000023,2.094999999999999,2.125,2.155000000000001,2.1899999999999977,2.219999999999999,2.25,2.280000000000001,2.125,2.094999999999999,2.1879999999999997,2.2037499999999994,2.2037499999999994,2.280000000000001,6.299999999999972,7.874999999999943,15.500000000000114,10.875000000000057,12.5,9.999999999999432
2024-09-16,1.9749999999999943,2.010000000000005,2.0450000000000017,2.075000000000003,2.1099999999999994,2.144999999999996,2.180000000000007,2.2150000000000034,2.2450000000000045,2.075000000000003,2.0450000000000017,2.145000000000002,2.1625000000000014,2.1625000000000014,2.2450000000000045,6.999999999999895,8.749999999999858,17.00000000000017,11.749999999999972,13.500000000000512,10.000000000000853
2024-09-17,2.030000000000001,2.0600000000000023,2.0900000000000034,2.114999999999995,2.144999999999996,2.174999999999997,2.2099999999999937,2.2349999999999994,2.265000000000001,2.114999999999995,2.0900000000000034,2.175999999999996,2.1912499999999966,2.1912499999999966,2.265000000000001,6.1000000000001275,7.6250000000001705,15.000000000000613,10.124999999999318,12.0000000000005,8.499999999999375
2024-09-18,2.069999999999993,2.105000000000004,2.135000000000005,2.1650000000000063,2.1899999999999977,2.219999999999999,2.2549999999999955,2.2849999999999966,2.3100000000000023,2.1650000000000063,2.135000000000005,2.222999999999999,2.237499999999997,2.237499999999997,2.3100000000000023,5.799999999999272,7.2499999999990905,14.499999999999602,10.249999999999204,12.000000000000455,9.500000000001307
2024-09-19,2.0400000000000063,2.075000000000003,2.114999999999995,2.144999999999996,2.180000000000007,2.2150000000000034,2.25,2.2849999999999966,2.3149999999999977,2.144999999999996,2.114999999999995,2.2150000000000007,2.2325000000000017,2.2325000000000017,2.3149999999999977,7.0000000000004725,8.750000000000568,17.00000000000017,11.750000000000682,13.49999999999909,10.499999999998977
2024-09-20,2.094999999999999,2.1299999999999955,2.1599999999999966,2.1899999999999977,2.219999999999999,2.25,2.280000000000001,2.3100000000000023,2.3400000000000034,2.1899999999999977,2.1599999999999966,2.25,2.2650000000000006,2.2650000000000006,2.3400000000000034,6.000000000000227,7.500000000000284,15.000000000000568,10.500000000000398,12.000000000000455,9.499999999999886
2024-09-23,2.015000000000001,2.055000000000007,2.094999999999999,2.1299999999999955,2.1599999999999966,2.194999999999993,2.230000000000004,2.265000000000001,2.2950000000000017,2.1299999999999955,2.094999999999999,2.195999999999998,2.2124999999999986,2.2124999999999986,2.2950000000000017,6.60000000000025,8.250000000000313,16.500000000000625,11.749999999999972,13.500000000000512,11.499999999999444
2024-09-24,1.9599999999999935,2.0049999999999955,2.0450000000000017,2.0849999999999937,2.125,2.1650000000000063,2.200000000000003,2.239999999999995,2.2750000000000057,2.0849999999999937,2.0450000000000017,2.1629999999999994,2.182500000000001,2.182500000000001,2.2750000000000057,7.800000000000562,9.750000000000725,19.000000000001194,13.749999999999929,15.000000000000568,12.500000000000021
2024-09-25,2.010000000000005,2.055000000000007,2.094999999999999,2.135000000000005,2.1700000000000017,2.2099999999999937,2.2450000000000045,2.280000000000001,2.3149999999999977,2.135000000000005,2.094999999999999,2.208000000000001,2.2262500000000003,2.2262500000000003,2.3149999999999977,7.299999999999596,9.124999999999517,17.99999999999926,13.125000000000142,14.499999999999602,12.5
2024-09-26,2.0,2.0450000000000017,2.0849999999999937,2.125,2.1599999999999966,2.200000000000003,2.2349999999999994,2.269999999999996,2.299999999999997,2.125,2.0849999999999937,2.197999999999999,2.2162499999999987,2.2162499999999987,2.299999999999997,7.299999999999907,9.124999999999872,17.499999999999716,13.125000000000497,14.000000000000057,12.5
2024-09-27,1.980000000000004,2.0250000000000057,2.0649999999999977,2.0999999999999943,2.135000000000005,2.174999999999997,2.2099999999999937,2.2450000000000045,2.2750000000000057,2.0999999999999943,2.0649999999999977,2.172999999999999,2.19125,2.19125,2.2750000000000057,7.300000000000484,9.125000000000583,17.500000000001137,12.625000000000242,14.000000000000057,11.999999999999034
2024-09-30,1.9650000000000036,2.010000000000005,2.055000000000007,2.0900000000000034,2.125,2.1599999999999966,2.194999999999993,2.230000000000004,2.260000000000005,2.0900000000000034,2.055000000000007,2.1599999999999993,2.1774999999999984,2.1774999999999984,2.260000000000005,6.999999999999584,8.749999999999503,17.00000000000017,12.249999999999162,13.500000000000512,12.499999999999979
2024-10-01,1.894999999999996,1.9399999999999975,1.9749999999999943,2.010000000000005,2.0400000000000063,2.075000000000003,2.1099999999999994,2.144999999999996,2.174999999999997,2.010000000000005,1.9749999999999943,2.076000000000002,2.092500000000001,2.092500000000001,2.174999999999997,6.599999999999673,8.249999999999602,16.499999999999204,11.750000000000682,13.49999999999909,11.50000000000091
2024-10-02,1.9350000000000025,1.980000000000004,2.019999999999996,2.0600000000000023,2.094999999999999,2.135000000000005,2.1700000000000017,2.2049999999999983,2.239999999999995,2.0600000000000023,2.019999999999996,2.1330000000000013,2.151250000000001,2.151250000000001,2.239999999999995,7.299999999999907,9.124999999999872,17.99999999999926,13.125000000000497,14.499999999999602,12.499999999999979
2024-10-03,1.9849999999999997,2.0250000000000057,2.0649999999999977,2.105000000000004,2.140000000000001,2.174999999999997,2.2099999999999937,2.2450000000000045,2.2750000000000057,2.105000000000004,2.0649999999999977,2.175,2.192499999999999,2.192499999999999,2.2750000000000057,6.999999999999584,8.749999999999503,17.00000000000017,12.750000000000128,13.500000000000467,12.000000000000433
2024-10-04,2.1099999999999994,2.140000000000001,2.1700000000000017,2.200000000000003,2.230000000000004,2.260000000000005,2.2900000000000063,2.3149999999999977,2.3400000000000034,2.200000000000003,2.1700000000000017,2.259000000000003,2.2737500000000033,2.2737500000000033,2.3400000000000034,5.900000000000016,7.375000000000043,14.000000000000057,10.375000000000156,10.999999999999943,9.000000000000341
2024-10-07,2.174999999999997,2.2049999999999983,2.2349999999999994,2.260000000000005,2.2849999999999966,2.3100000000000023,2.3400000000000034,2.364999999999995,2.390000000000001,2.260000000000005,2.2349999999999994,2.3120000000000003,2.3249999999999993,2.3249999999999993,2.390000000000001,5.199999999999516,6.499999999999417,12.99999999999959,8.999999999999986,10.500000000000442,8.500000000000796
2024-10-08,2.155000000000001,2.1850000000000023,2.2150000000000034,2.2450000000000045,2.269999999999996,2.299999999999997,2.3299999999999983,2.3599999999999994,2.385000000000005,2.2450000000000045,2.2150000000000034,2.3009999999999993,2.3149999999999977,2.3149999999999977,2.385000000000005,5.599999999999472,6.999999999999318,14.000000000000057,9.999999999999432,11.50000000000091,9.000000000000341
2024-10-09,2.1650000000000063,2.194999999999993,2.2249999999999943,2.25,2.2750000000000057,2.299999999999997,2.3299999999999983,2.355000000000004,2.3799999999999955,2.25,2.2249999999999943,2.302000000000001,2.3150000000000013,2.3150000000000013,2.3799999999999955,5.200000000000093,6.500000000000128,12.999999999999545,9.000000000000696,10.499999999998977,8.499999999999375
2024-10-10,2.1599999999999966,2.194999999999993,2.2249999999999943,2.2549999999999955,2.2849999999999966,2.3149999999999977,2.344999999999999,2.3700000000000045,2.4000000000000057,2.2549999999999955,2.2249999999999943,2.3139999999999987,2.3287499999999994,2.3287499999999994,2.4000000000000057,5.900000000000327,7.375000000000398,14.500000000001023,10.375000000000512,11.50000000000091,9.499999999999886
2024-10-11,2.144999999999996,2.180000000000007,2.2150000000000034,2.2450000000000045,2.2750000000000057,2.305000000000007,2.3349999999999937,2.364999999999995,2.390000000000001,2.2450000000000045,2.2150000000000034,2.305000000000001,2.3200000000000003,2.3200000000000003,2.390000000000001,5.99999999999965,7.499999999999574,14.499999999999647,10.499999999999687,11.499999999999533,10.000000000000853
2024-10-14,2.135000000000005,2.1700000000000017,2.200000000000003,2.230000000000004,2.260000000000005,2.2900000000000063,2.319999999999993,2.344999999999999,2.375,2.230000000000004,2.200000000000003,2.2890000000000015,2.303750000000001,2.303750000000001,2.375,5.89999999999975,7.374999999999687,14.499999999999602,10.374999999999801,11.499999999999488,9.499999999999886
2024-10-15,2.0649999999999977,2.094999999999999,2.1299999999999955,2.1599999999999966,2.1850000000000023,2.2150000000000034,2.2450000000000045,2.2750000000000057,2.305000000000007,2.1599999999999966,2.1299999999999955,2.2160000000000024,2.230000000000004,2.230000000000004,2.305000000000007,5.600000000000582,7.000000000000739,14.500000000001023,10.000000000000853,12.000000000000455,9.499999999999886
2024-10-16,2.0250000000000057,2.055000000000007,2.0900000000000034,2.1200000000000045,2.144999999999996,2.174999999999997,2.2049999999999983,2.2349999999999994,2.260000000000005,2.1200000000000045,2.0900000000000034,2.1759999999999993,2.1899999999999977,2.1899999999999977,2.260000000000005,5.599999999999472,6.999999999999318,14.000000000000057,9.999999999999432,11.50000000000091,9.499999999999886
2024-10-17,2.015000000000001,2.055000000000007,2.094999999999999,2.1299999999999955,2.1650000000000063,2.200000000000003,2.230000000000004,2.260000000000005,2.2900000000000063,2.1299999999999955,2.094999999999999,2.1970000000000027,2.2137500000000045,2.2137500000000045,2.2900000000000063,6.700000000000728,8.37500000000091,16.00000000000108,11.875000000000568,12.5,11.499999999999444
2024-10-18,1.9749999999999943,2.015000000000001,2.055000000000007,2.0900000000000034,2.125,2.1599999999999966,2.194999999999993,2.2249999999999943,2.2549999999999955,2.0900000000000034,2.055000000000007,2.1589999999999976,2.176249999999996,2.176249999999996,2.2549999999999955,6.899999999999418,8.624999999999261,16.499999999999204,12.12499999999892,12.999999999999545,11.50000000000091
2024-10-21,2.0649999999999977,2.105000000000004,2.144999999999996,2.174999999999997,2.2099999999999937,2.2450000000000045,2.2750000000000057,2.305000000000007,2.3349999999999937,2.174999999999997,2.144999999999996,2.2420000000000018,2.2587500000000027,2.2587500000000027,2.3349999999999937,6.700000000000461,8.375000000000554,15.999999999999659,11.375000000000668,12.5,10.999999999999943
2024-10-22,2.0849999999999937,2.1299999999999955,2.1700000000000017,2.2049999999999983,2.2349999999999994,2.269999999999996,2.305000000000007,2.3349999999999937,2.3599999999999994,2.2049999999999983,2.1700000000000017,2.2699999999999987,2.286249999999999,2.286249999999999,2.3599999999999994,6.500000000000039,8.125000000000071,15.500000000000114,11.62499999999973,12.5,12.000000000000455
2024-10-23,2.0849999999999937,2.1299999999999955,2.174999999999997,2.2150000000000034,2.25,2.2849999999999966,2.325000000000003,2.355000000000004,2.385000000000005,2.2150000000000034,2.174999999999997,2.2860000000000014,2.303750000000001,2.303750000000001,2.385000000000005,7.099999999999795,8.874999999999744,17.00000000000017,12.87500000000037,13.500000000000512,13.000000000000966
2024-10-24,2.030000000000001,2.069999999999993,2.1099999999999994,2.144999999999996,2.180000000000007,2.2150000000000034,2.2450000000000045,2.2750000000000057,2.299999999999997,2.144999999999996,2.1099999999999994,2.2120000000000033,2.228750000000005,2.228750000000005,2.299999999999997,6.700000000000728,8.37500000000091,15.500000000000114,11.875000000000568,11.999999999999034,11.499999999999488
2024-10-25,2.069999999999993,2.1099999999999994,2.1500000000000057,2.1850000000000023,2.2150000000000034,2.25,2.280000000000001,2.3100000000000023,2.3349999999999937,2.1850000000000023,2.1500000000000057,2.248000000000002,2.2637500000000017,2.2637500000000017,2.3349999999999937,6.299999999999972,7.874999999999943,14.999999999999147,11.374999999999602,11.999999999999034,11.50000000000091
2024-10-28,2.0450000000000017,2.0900000000000034,2.135000000000005,2.1700000000000017,2.200000000000003,2.2349999999999994,2.265000000000001,2.2900000000000063,2.3149999999999977,2.1700000000000017,2.135000000000005,2.232000000000002,2.2475000000000023,2.2475000000000023,2.3149999999999977,6.200000000000028,7.750000000000057,14.499999999999602,11.249999999999716,11.499999999999488,12.5
2024-10-29,2.0799999999999983,2.125,2.1650000000000063,2.194999999999993,2.230000000000004,2.260000000000005,2.2900000000000063,2.319999999999993,2.344999999999999,2.194999999999993,2.1650000000000063,2.2590000000000003,2.275000000000002,2.275000000000002,2.344999999999999,6.400000000000716,8.000000000000895,15.000000000000568,10.999999999999588,11.499999999999488,11.499999999999488
2024-10-30,2.1700000000000017,2.2099999999999937,2.2450000000000045,2.269999999999996,2.2950000000000017,2.3149999999999977,2.3400000000000034,2.3599999999999994,2.3799999999999955,2.269999999999996,2.2450000000000045,2.316,2.3275000000000006,2.3275000000000006,2.3799999999999955,4.600000000000382,5.750000000000455,10.999999999999943,8.249999999999602,8.499999999999375,9.999999999999432
2024-10-31,2.2150000000000034,2.239999999999995,2.265000000000001,2.2849999999999966,2.299999999999997,2.3149999999999977,2.3349999999999937,2.3499999999999943,2.3700000000000045,2.2849999999999966,2.265000000000001,2.3169999999999957,2.3249999999999957,2.3249999999999957,2.3700000000000045,3.199999999999914,3.9999999999999147,8.500000000000796,5.999999999999472,7.000000000000739,6.999999999999318
2024-11-01,2.1899999999999977,2.219999999999999,2.25,2.2750000000000057,2.2950000000000017,2.3149999999999977,2.3349999999999937,2.355000000000004,2.375,2.2750000000000057,2.25,2.3150000000000004,2.3249999999999993,2.3249999999999993,2.375,3.9999999999994706,4.9999999999993605,9.999999999999432,7.499999999999929,7.9999999999998295,8.500000000000796
2024-11-04,2.200000000000003,2.2249999999999943,2.25,2.269999999999996,2.2900000000000063,2.305000000000007,2.325000000000003,2.3400000000000034,2.3599999999999994,2.269999999999996,2.25,2.306000000000003,2.315000000000005,2.315000000000005,2.3599999999999994,3.6000000000007137,4.500000000000881,9.000000000000341,6.500000000000483,6.999999999999318,6.999999999999318
2024-11-05,2.2549999999999955,2.280000000000001,2.299999999999997,2.319999999999993,2.3349999999999937,2.3499999999999943,2.364999999999995,2.375,2.390000000000001,2.319999999999993,2.299999999999997,2.3489999999999953,2.3562499999999957,2.3562499999999957,2.390000000000001,2.9000000000002135,3.625000000000256,7.000000000000783,5.624999999999858,5.5000000000007265,6.499999999999773
2024-11-06,2.1500000000000057,2.1850000000000023,2.2099999999999937,2.230000000000004,2.2549999999999955,2.280000000000001,2.299999999999997,2.319999999999993,2.3400000000000034,2.230000000000004,2.2099999999999937,2.2769999999999984,2.2887499999999967,2.2887499999999967,2.3400000000000034,4.699999999999438,5.874999999999275,10.999999999999943,7.875000000000298,8.500000000000796,7.9999999999998295
2024-11-07,2.140000000000001,2.174999999999997,2.2049999999999983,2.230000000000004,2.2549999999999955,2.280000000000001,2.299999999999997,2.319999999999993,2.3349999999999937,2.230000000000004,2.2049999999999983,2.2769999999999984,2.2887499999999967,2.2887499999999967,2.3349999999999937,4.699999999999438,5.874999999999275,10.499999999998977,8.374999999999844,7.9999999999998295,9.000000000000297
2024-11-08,2.1200000000000045,2.1500000000000057,2.174999999999997,2.200000000000003,2.2249999999999943,2.2450000000000045,2.265000000000001,2.280000000000001,2.2950000000000017,2.200000000000003,2.174999999999997,2.2430000000000008,2.25375,2.25375,2.2950000000000017,4.299999999999793,5.37499999999973,9.499999999999886,7.875000000000298,7.000000000000739,7.9999999999998295
2024-11-11,2.0349999999999966,2.075000000000003,2.105000000000004,2.1299999999999955,2.1599999999999966,2.1850000000000023,2.2099999999999937,2.230000000000004,2.25,2.1299999999999955,2.105000000000004,2.1829999999999985,2.196249999999999,2.196249999999999,2.25,5.3000000000003045,6.6250000000003695,12.000000000000455,9.124999999999517,9.000000000000341,9.499999999999886
2024-11-12,2.049999999999997,2.0900000000000034,2.125,2.155000000000001,2.1850000000000023,2.2150000000000034,2.239999999999995,2.265000000000001,2.2849999999999966,2.155000000000001,2.125,2.2120000000000006,2.2262500000000003,2.2262500000000003,2.2849999999999966,5.6999999999999496,7.124999999999915,12.999999999999545,10.125000000000028,9.999999999999432,10.500000000000398
2024-11-13,2.0849999999999937,2.1299999999999955,2.1650000000000063,2.200000000000003,2.230000000000004,2.260000000000005,2.2849999999999966,2.305000000000007,2.325000000000003,2.200000000000003,2.1650000000000063,2.256000000000003,2.270000000000003,2.270000000000003,2.325000000000003,5.600000000000005,7.000000000000028,12.5,10.499999999999687,9.499999999999886,11.50000000000091
2024-11-14,2.030000000000001,2.075000000000003,2.1099999999999994,2.140000000000001,2.1700000000000017,2.200000000000003,2.2249999999999943,2.2450000000000045,2.260000000000005,2.140000000000001,2.1099999999999994,2.1960000000000006,2.210000000000001,2.210000000000001,2.260000000000005,5.599999999999961,6.999999999999984,12.00000000000041,10.000000000000142,9.000000000000341,10.999999999999988
2024-11-15,2.0400000000000063,2.0799999999999983,2.1099999999999994,2.140000000000001,2.1650000000000063,2.1899999999999977,2.2099999999999937,2.230000000000004,2.2450000000000045,2.140000000000001,2.1099999999999994,2.1870000000000003,2.1987500000000004,2.1987500000000004,2.2450000000000045,4.6999999999999265,5.874999999999941,10.500000000000353,8.8750000000001,7.9999999999998295,9.999999999999476
2024-11-18,2.075000000000003,2.1099999999999994,2.140000000000001,2.1700000000000017,2.200000000000003,2.2249999999999943,2.2450000000000045,2.265000000000001,2.280000000000001,2.1700000000000017,2.140000000000001,2.221000000000001,2.2337500000000006,2.2337500000000006,2.280000000000001,5.099999999999927,6.374999999999886,10.999999999999943,9.374999999999956,7.9999999999998295,9.499999999999886
2024-11-19,2.0649999999999977,2.105000000000004,2.135000000000005,2.1599999999999966,2.1850000000000023,2.2099999999999937,2.230000000000004,2.25,2.265000000000001,2.1599999999999966,2.135000000000005,2.2069999999999994,2.21875,2.21875,2.265000000000001,4.700000000000282,5.875000000000341,10.500000000000442,8.374999999999488,7.999999999999874,9.499999999999886
2024-11-20,2.094999999999999,2.135000000000005,2.1650000000000063,2.194999999999993,2.219999999999999,2.2450000000000045,2.269999999999996,2.2900000000000063,2.305000000000007,2.194999999999993,2.1650000000000063,2.2439999999999998,2.2562500000000014,2.2562500000000014,2.305000000000007,4.900000000000659,6.125000000000824,11.000000000001364,9.124999999999517,8.500000000000796,9.999999999999432
2024-11-21,2.0649999999999977,2.1099999999999994,2.144999999999996,2.174999999999997,2.2049999999999983,2.230000000000004,2.2549999999999955,2.2750000000000057,2.2950000000000017,2.174999999999997,2.144999999999996,2.228,2.241250000000001,2.241250000000001,2.2950000000000017,5.3000000000003045,6.6250000000003695,12.000000000000455,9.625000000000483,9.000000000000341,10.999999999999943
2024-11-22,2.0,2.049999999999997,2.094999999999999,2.1299999999999955,2.1650000000000063,2.194999999999993,2.219999999999999,2.2450000000000045,2.265000000000001,2.1299999999999955,2.094999999999999,2.191,2.2062500000000007,2.2062500000000007,2.265000000000001,6.100000000000438,7.625000000000526,13.500000000000556,11.125000000000185,9.999999999999476,12.999999999999545
2024-11-25,1.9749999999999943,2.019999999999996,2.055000000000007,2.0849999999999937,2.1099999999999994,2.135000000000005,2.1599999999999966,2.180000000000007,2.200000000000003,2.0849999999999937,2.055000000000007,2.1340000000000003,2.146250000000002,2.146250000000002,2.200000000000003,4.900000000000659,6.125000000000824,11.50000000000091,9.124999999999517,9.000000000000341,10.999999999999943
2024-11-26,2.0,2.0400000000000063,2.069999999999993,2.094999999999999,2.1200000000000045,2.140000000000001,2.1599999999999966,2.180000000000007,2.200000000000003,2.094999999999999,2.069999999999993,2.1390000000000016,2.150000000000002,2.150000000000002,2.200000000000003,4.40000000000027,5.500000000000327,10.500000000000398,8.000000000000895,7.9999999999998295,9.499999999999886
2024-11-27,1.9950000000000043,2.030000000000001,2.055000000000007,2.0799999999999983,2.0999999999999943,2.1200000000000045,2.140000000000001,2.1599999999999966,2.180000000000007,2.0799999999999983,2.055000000000007,2.1199999999999988,2.129999999999999,2.129999999999999,2.180000000000007,4.000000000000048,5.000000000000071,10.000000000000853,7.499999999999218,8.00000000000125,8.499999999999396
2024-11-28,1.9350000000000025,1.9699999999999989,2.0,2.0250000000000057,2.049999999999997,2.069999999999993,2.094999999999999,2.1200000000000045,2.140000000000001,2.0250000000000057,2.0,2.072,2.0837499999999984,2.0837499999999984,2.140000000000001,4.699999999999438,5.874999999999275,11.499999999999533,8.374999999999844,9.000000000000385,9.00000000000032
2024-11-29,1.875,1.9099999999999968,1.9399999999999975,1.9650000000000036,1.9899999999999949,2.015000000000001,2.0400000000000063,2.0649999999999977,2.0900000000000034,1.9650000000000036,1.9399999999999975,2.0150000000000006,2.0275,2.0275,2.0900000000000034,4.999999999999694,6.2499999999996225,12.499999999999979,8.750000000000234,10.000000000000853,9.000000000000362
2024-12-02,1.8050000000000068,1.8449999999999989,1.8799999999999957,1.9099999999999968,1.9350000000000025,1.9650000000000036,1.9899999999999949,2.019999999999996,2.0450000000000017,1.9099999999999968,1.8799999999999957,1.9639999999999986,1.9774999999999991,1.9774999999999991,2.0450000000000017,5.400000000000182,6.750000000000234,13.50000000000049,9.750000000000348,10.999999999999922,10.499999999998998
2024-12-03,1.8250000000000028,1.855000000000004,1.885000000000005,1.9099999999999968,1.9350000000000025,1.9599999999999935,1.9849999999999997,2.010000000000005,2.030000000000001,1.9099999999999968,1.885000000000005,1.9599999999999995,1.9725000000000001,1.9725000000000001,2.030000000000001,5.000000000000271,6.250000000000333,12.000000000000433,8.749999999999524,9.499999999999865,8.499999999999396
2024-12-04,1.8449999999999989,1.875,1.9050000000000007,1.9300000000000068,1.9500000000000028,1.9749999999999943,2.0,2.019999999999996,2.0400000000000063,1.9300000000000068,1.9050000000000007,1.975,1.9862499999999983,1.9862499999999983,2.0400000000000063,4.499999999999327,5.624999999999147,10.999999999999943,8.12499999999976,9.000000000000341,8.500000000000796
2024-12-05,1.9099999999999968,1.9399999999999975,1.9650000000000036,1.9849999999999997,2.0049999999999955,2.0250000000000057,2.0450000000000017,2.0649999999999977,2.0849999999999937,1.9849999999999997,1.9650000000000036,2.025,2.035,2.035,2.0849999999999937,4.000000000000026,5.000000000000049,9.99999999999941,6.999999999999651,7.9999999999998295,7.500000000000284
2024-12-06,1.8900000000000008,1.9150000000000065,1.9399999999999975,1.9599999999999935,1.980000000000004,2.0,2.0250000000000057,2.0450000000000017,2.0649999999999977,1.9599999999999935,1.9399999999999975,2.002000000000001,2.012500000000003,2.012500000000003,2.0649999999999977,4.200000000000759,5.250000000000932,10.50000000000042,7.250000000000534,8.499999999999375,6.9999999999992735
2024-12-09,1.8649999999999949,1.894999999999996,1.9249999999999967,1.9500000000000028,1.9699999999999989,1.9899999999999949,2.015000000000001,2.0400000000000063,2.0600000000000023,1.9500000000000028,1.9249999999999967,1.9930000000000008,2.00375,2.00375,2.0600000000000023,4.299999999999793,5.37499999999973,10.999999999999943,7.875000000000343,9.000000000000341,8.500000000000796
2024-12-10,1.855000000000004,1.8900000000000008,1.9200000000000017,1.9449999999999927,1.9699999999999989,1.9950000000000043,2.019999999999996,2.0450000000000017,2.069999999999993,1.9449999999999927,1.9200000000000017,1.9949999999999988,2.0075000000000003,2.0075000000000003,2.069999999999993,5.000000000000604,6.250000000000755,12.500000000000044,8.749999999999858,9.999999999999432,8.999999999998876
2024-12-11,1.8400000000000036,1.875,1.9099999999999968,1.9399999999999975,1.9650000000000036,1.9899999999999949,2.015000000000001,2.0400000000000063,2.0649999999999977,1.9399999999999975,1.9099999999999968,1.9900000000000007,2.0025000000000013,2.0025000000000013,2.0649999999999977,5.000000000000315,6.2500000000003775,12.500000000000021,9.250000000000448,9.99999999999941,9.999999999999387
2024-12-12,1.894999999999996,1.9300000000000068,1.9650000000000036,1.9899999999999949,2.015000000000001,2.0400000000000063,2.0649999999999977,2.0900000000000034,2.114999999999995,1.9899999999999949,1.9650000000000036,2.0400000000000005,2.052500000000002,2.052500000000002,2.114999999999995,5.0000000000005596,6.2500000000007105,12.5,8.749999999999837,9.999999999999387,9.499999999999886
2024-12-13,1.9749999999999943,2.0049999999999955,2.0349999999999966,2.0600000000000023,2.0849999999999937,2.1099999999999994,2.135000000000005,2.1599999999999966,2.180000000000007,2.0600000000000023,2.0349999999999966,2.1099999999999994,2.1224999999999987,2.1224999999999987,2.180000000000007,4.999999999999716,6.249999999999645,12.000000000000455,8.750000000000213,9.500000000001307,8.500000000000796
2024-12-16,1.9599999999999935,1.9899999999999949,2.019999999999996,2.0450000000000017,2.0649999999999977,2.0900000000000034,2.114999999999995,2.135000000000005,2.155000000000001,2.0450000000000017,2.019999999999996,2.0900000000000007,2.1012500000000003,2.1012500000000003,2.155000000000001,4.499999999999904,5.624999999999858,10.999999999999943,8.125000000000426,9.000000000000341,8.500000000000817
2024-12-17,1.9849999999999997,2.010000000000005,2.0349999999999966,2.055000000000007,2.075000000000003,2.094999999999999,2.1099999999999994,2.1299999999999955,2.144999999999996,2.055000000000007,2.0349999999999966,2.093000000000001,2.102499999999999,2.102499999999999,2.144999999999996,3.799999999999404,4.749999999999233,8.99999999999892,6.750000000000256,6.999999999999318,7.000000000000717
2024-12-18,1.9849999999999997,2.019999999999996,2.055000000000007,2.0799999999999983,2.0999999999999943,2.125,2.144999999999996,2.1650000000000063,2.180000000000007,2.0799999999999983,2.055000000000007,2.122999999999999,2.133749999999999,2.133749999999999,2.180000000000007,4.300000000000059,5.375000000000085,10.000000000000853,7.874999999999233,8.00000000000125,9.499999999999865
2024-12-19,2.055000000000007,2.0900000000000034,2.125,2.1500000000000057,2.1700000000000017,2.194999999999993,2.2150000000000034,2.2349999999999994,2.2549999999999955,2.1500000000000057,2.125,2.1930000000000005,2.2037499999999994,2.2037499999999994,2.2549999999999955,4.299999999999482,5.374999999999375,10.499999999998977,7.874999999999943,8.499999999999375,9.499999999999886
2024-12-20,2.010000000000005,2.055000000000007,2.0900000000000034,2.114999999999995,2.135000000000005,2.1599999999999966,2.1850000000000023,2.2099999999999937,2.230000000000004,2.114999999999995,2.0900000000000034,2.1609999999999987,2.1724999999999994,2.1724999999999994,2.230000000000004,4.600000000000382,5.750000000000455,11.50000000000091,8.249999999999602,9.499999999999886,10.499999999998977
2024-12-23,2.0600000000000023,2.105000000000004,2.140000000000001,2.1650000000000063,2.1850000000000023,2.2099999999999937,2.230000000000004,2.25,2.269999999999996,2.1650000000000063,2.140000000000001,2.208000000000001,2.21875,2.21875,2.269999999999996,4.299999999999482,5.374999999999375,10.499999999998977,7.874999999999899,8.499999999999375,10.500000000000398
2024-12-24,2.069999999999993,2.114999999999995,2.1500000000000057,2.180000000000007,2.200000000000003,2.2249999999999943,2.25,2.269999999999996,2.2900000000000063,2.180000000000007,2.1500000000000057,2.225,2.2362499999999983,2.2362499999999983,2.2900000000000063,4.499999999999327,5.624999999999147,10.999999999999943,8.624999999999261,9.000000000000341,11.000000000001364
2024-12-27,2.105000000000004,2.1500000000000057,2.1850000000000023,2.2150000000000034,2.239999999999995,2.265000000000001,2.2849999999999966,2.3100000000000023,2.3299999999999983,2.2150000000000034,2.1850000000000023,2.2629999999999995,2.2749999999999986,2.2749999999999986,2.3299999999999983,4.799999999999605,5.999999999999517,11.499999999999488,8.99999999999963,9.000000000000341,10.999999999999943
2024-12-30,2.0649999999999977,2.105000000000004,2.140000000000001,2.1700000000000017,2.1899999999999977,2.2150000000000034,2.239999999999995,2.260000000000005,2.280000000000001,2.1700000000000017,2.140000000000001,2.2150000000000007,2.2262500000000003,2.2262500000000003,2.280000000000001,4.499999999999904,5.624999999999858,10.999999999999943,8.624999999999927,9.000000000000341,10.500000000000398
2024-12-31,2.0649999999999977,2.105000000000004,2.140000000000001,2.1700000000000017,2.1899999999999977,2.2150000000000034,2.239999999999995,2.260000000000005,2.280000000000001,2.1700000000000017,2.140000000000001,2.2150000000000007,2.2262500000000003,2.2262500000000003,2.280000000000001,4.499999999999904,5.624999999999858,10.999999999999943,8.624999999999927,9.000000000000341,10.500000000000398
2025-01-02,2.0600000000000023,2.0999999999999943,2.135000000000005,2.1650000000000063,2.1899999999999977,2.2150000000000034,2.239999999999995,2.265000000000001,2.2849999999999966,2.1650000000000063,2.135000000000005,2.2150000000000007,2.227499999999999,2.227499999999999,2.2849999999999966,4.999999999999449,6.2499999999992895,11.999999999999034,9.249999999999403,9.499999999999886,10.500000000000398
2025-01-03,2.144999999999996,2.174999999999997,2.2049999999999983,2.230000000000004,2.25,2.2750000000000057,2.2950000000000017,2.3149999999999977,2.3349999999999937,2.230000000000004,2.2049999999999983,2.273000000000002,2.2837500000000013,2.2837500000000013,2.3349999999999937,4.299999999999793,5.37499999999973,10.499999999998977,7.875000000000298,8.499999999999375,8.500000000000796
2025-01-06,2.2049999999999983,2.2349999999999994,2.265000000000001,2.2849999999999966,2.305000000000007,2.325000000000003,2.344999999999999,2.364999999999995,2.385000000000005,2.2849999999999966,2.265000000000001,2.325,2.335000000000001,2.335000000000001,2.385000000000005,4.000000000000359,5.000000000000426,10.000000000000853,6.999999999999984,7.9999999999998295,7.9999999999998295
2025-01-07,2.194999999999993,2.2249999999999943,2.2549999999999955,2.280000000000001,2.299999999999997,2.325000000000003,2.3499999999999943,2.3700000000000045,2.390000000000001,2.280000000000001,2.2549999999999955,2.325,2.3362499999999997,2.3362499999999997,2.390000000000001,4.499999999999904,5.624999999999858,10.999999999999988,8.125000000000426,9.000000000000385,8.500000000000796
2025-01-08,2.194999999999993,2.230000000000004,2.265000000000001,2.2950000000000017,2.319999999999993,2.3499999999999943,2.3799999999999955,2.405000000000001,2.430000000000007,2.2950000000000017,2.265000000000001,2.349999999999997,2.363749999999996,2.363749999999996,2.430000000000007,5.4999999999995275,6.874999999999432,13.500000000000512,9.8749999999995,11.000000000001364,10.000000000000853
2025-01-09,2.2349999999999994,2.269999999999996,2.305000000000007,2.3349999999999937,2.3599999999999994,2.390000000000001,2.4150000000000063,2.4399999999999977,2.4650000000000034,2.3349999999999937,2.305000000000007,2.3879999999999995,2.401250000000001,2.401250000000001,2.4650000000000034,5.300000000000571,6.625000000000725,13.000000000000966,9.624999999999417,10.500000000000398,9.999999999999432
2025-01-10,2.2950000000000017,2.3299999999999983,2.364999999999995,2.390000000000001,2.4150000000000063,2.4399999999999977,2.4650000000000034,2.4849999999999994,2.5049999999999955,2.390000000000001,2.364999999999995,2.4390000000000014,2.4512500000000017,2.4512500000000017,2.5049999999999955,4.900000000000038,6.125000000000069,11.499999999999444,8.625000000000682,8.99999999999892,9.49999999999993
2025-01-13,2.325000000000003,2.3599999999999994,2.394999999999996,2.4200000000000017,2.444999999999993,2.469999999999999,2.4950000000000045,2.515000000000001,2.5349999999999966,2.4200000000000017,2.394999999999996,2.469,2.4812499999999993,2.4812499999999993,2.5349999999999966,4.899999999999816,6.124999999999758,11.499999999999488,8.625000000000327,9.000000000000341,9.499999999999886
2025-01-14,2.355000000000004,2.394999999999996,2.430000000000007,2.4549999999999983,2.480000000000004,2.5049999999999955,2.530000000000001,2.549999999999997,2.569999999999993,2.4549999999999983,2.430000000000007,2.503999999999999,2.5162499999999994,2.5162499999999994,2.569999999999993,4.900000000000082,6.125000000000114,11.499999999999488,8.624999999999261,8.99999999999892,9.999999999999432
2025-01-15,2.2450000000000045,2.2750000000000057,2.305000000000007,2.3299999999999983,2.355000000000004,2.3799999999999955,2.405000000000001,2.424999999999997,2.444999999999993,2.3299999999999983,2.305000000000007,2.378999999999999,2.3912499999999994,2.3912499999999994,2.444999999999993,4.900000000000082,6.125000000000114,11.499999999999488,8.624999999999261,8.99999999999892,8.499999999999375
2025-01-16,2.219999999999999,2.2549999999999955,2.2849999999999966,2.3149999999999977,2.3400000000000034,2.364999999999995,2.390000000000001,2.4150000000000063,2.4350000000000023,2.3149999999999977,2.2849999999999966,2.3650000000000007,2.3775000000000013,2.3775000000000013,2.4350000000000023,5.000000000000293,6.250000000000355,12.000000000000455,9.250000000000469,9.499999999999886,9.499999999999886
2025-01-17,2.2049999999999983,2.2349999999999994,2.265000000000001,2.2900000000000063,2.3149999999999977,2.3400000000000034,2.364999999999995,2.385000000000005,2.405000000000001,2.2900000000000063,2.265000000000001,2.3390000000000013,2.3512500000000003,2.3512500000000003,2.405000000000001,4.899999999999505,6.124999999999403,11.499999999999488,8.624999999999927,9.000000000000341,8.500000000000796
2025-01-20,2.200000000000003,2.230000000000004,2.260000000000005,2.2849999999999966,2.305000000000007,2.3299999999999983,2.355000000000004,2.375,2.394999999999996,2.2849999999999966,2.260000000000005,2.330000000000001,2.3412500000000023,2.3412500000000023,2.394999999999996,4.500000000000437,5.625000000000568,10.999999999999943,8.124999999999716,8.99999999999892,8.499999999999375
2025-01-21,2.194999999999993,2.230000000000004,2.260000000000005,2.2849999999999966,2.305000000000007,2.3299999999999983,2.355000000000004,2.375,2.390000000000001,2.2849999999999966,2.260000000000005,2.330000000000001,2.3412500000000023,2.3412500000000023,2.390000000000001,4.500000000000437,5.625000000000568,10.500000000000442,8.124999999999716,8.49999999999942,9.000000000000341
2025-01-22,2.2099999999999937,2.2450000000000045,2.2750000000000057,2.299999999999997,2.319999999999993,2.344999999999999,2.3700000000000045,2.390000000000001,2.405000000000001,2.299999999999997,2.2750000000000057,2.344999999999999,2.3562499999999993,2.3562499999999993,2.405000000000001,4.5000000000001705,5.625000000000213,10.500000000000398,8.12499999999936,8.500000000000796,9.000000000000341
2025-01-23,2.25,2.280000000000001,2.3100000000000023,2.3299999999999983,2.3499999999999943,2.3700000000000045,2.390000000000001,2.4099999999999966,2.424999999999997,2.3299999999999983,2.3100000000000023,2.3699999999999988,2.379999999999999,2.379999999999999,2.424999999999997,4.000000000000048,5.000000000000071,9.499999999999886,6.999999999999673,7.500000000000284,7.9999999999998295
2025-01-24,2.2900000000000063,2.3149999999999977,2.3400000000000034,2.3599999999999994,2.3799999999999955,2.4000000000000057,2.4200000000000017,2.4350000000000023,2.450000000000003,2.3599999999999994,2.3400000000000034,2.399000000000001,2.4087500000000013,2.4087500000000013,2.450000000000003,3.900000000000148,4.875000000000185,9.000000000000341,6.874999999999787,7.000000000000739,6.999999999999318
2025-01-27,2.265000000000001,2.2950000000000017,2.319999999999993,2.3400000000000034,2.3599999999999994,2.3799999999999955,2.4000000000000057,2.4200000000000017,2.4350000000000023,2.3400000000000034,2.319999999999993,2.3800000000000012,2.3900000000000006,2.3900000000000006,2.4350000000000023,3.9999999999997815,4.999999999999716,9.499999999999886,7.000000000000739,7.500000000000284,7.50000000000024
2025-01-28,2.280000000000001,2.3100000000000023,2.3349999999999937,2.355000000000004,2.3700000000000045,2.390000000000001,2.4099999999999966,2.430000000000007,2.450000000000003,2.355000000000004,2.3349999999999937,2.3910000000000027,2.400000000000002,2.400000000000002,2.450000000000003,3.59999999999987,4.499999999999815,9.499999999999886,6.500000000000838,7.9999999999998295,7.500000000000284
2025-01-29,2.2900000000000063,2.319999999999993,2.3499999999999943,2.3700000000000045,2.390000000000001,2.4099999999999966,2.430000000000007,2.450000000000003,2.4650000000000034,2.3700000000000045,2.3499999999999943,2.4100000000000024,2.4200000000000017,2.4200000000000017,2.4650000000000034,3.9999999999997815,4.999999999999716,9.499999999999886,7.000000000000739,7.50000000000024,7.9999999999998295
2025-01-30,2.2099999999999937,2.2450000000000045,2.2750000000000057,2.299999999999997,2.319999999999993,2.3400000000000034,2.364999999999995,2.385000000000005,2.4000000000000057,2.299999999999997,2.2750000000000057,2.3419999999999987,2.352499999999999,2.352499999999999,2.4000000000000057,4.200000000000159,5.250000000000199,10.000000000000853,7.749999999999346,8.00000000000125,9.000000000000341
2025-01-31,2.1099999999999994,2.1500000000000057,2.1850000000000023,2.2150000000000034,2.239999999999995,2.265000000000001,2.2900000000000063,2.3149999999999977,2.3349999999999937,2.2150000000000034,2.1850000000000023,2.2650000000000006,2.2775,2.2775,2.3349999999999937,4.999999999999716,6.249999999999645,11.999999999999034,9.249999999999758,9.499999999999886,10.500000000000398
2025-02-03,2.030000000000001,2.075000000000003,2.114999999999995,2.1500000000000057,2.174999999999997,2.2049999999999983,2.230000000000004,2.2549999999999955,2.2750000000000057,2.1500000000000057,2.114999999999995,2.2030000000000003,2.2162499999999987,2.2162499999999987,2.2750000000000057,5.299999999999461,6.624999999999304,12.5,10.125000000000384,10.000000000000853,12.000000000000455
2025-02-04,2.0400000000000063,2.0799999999999983,2.1200000000000045,2.1500000000000057,2.174999999999997,2.2049999999999983,2.230000000000004,2.2549999999999955,2.280000000000001,2.1500000000000057,2.1200000000000045,2.2030000000000003,2.2162499999999987,2.2162499999999987,2.280000000000001,5.299999999999461,6.624999999999304,12.999999999999545,9.624999999999417,10.500000000000398,10.999999999999943
2025-02-05,2.019999999999996,2.0600000000000023,2.094999999999999,2.125,2.144999999999996,2.1700000000000017,2.194999999999993,2.2150000000000034,2.2349999999999994,2.125,2.094999999999999,2.169999999999999,2.1812499999999986,2.1812499999999986,2.2349999999999994,4.499999999999904,5.624999999999858,10.999999999999943,8.624999999999972,9.000000000000341,10.500000000000398
2025-02-06,2.030000000000001,2.069999999999993,2.105000000000004,2.1299999999999955,2.1500000000000057,2.174999999999997,2.194999999999993,2.2150000000000034,2.2349999999999994,2.1299999999999955,2.105000000000004,2.172999999999999,2.18375,2.18375,2.2349999999999994,4.30000000000037,5.3750000000004405,10.500000000000398,7.874999999999588,8.499999999999375,9.999999999999432
2025-02-07,2.0450000000000017,2.0849999999999937,2.114999999999995,2.140000000000001,2.1599999999999966,2.1850000000000023,2.2049999999999983,2.2249999999999943,2.2450000000000045,2.140000000000001,2.114999999999995,2.1829999999999985,2.193749999999998,2.193749999999998,2.2450000000000045,4.2999999999997485,5.374999999999686,10.500000000000353,7.875000000000298,8.500000000000796,9.49999999999993
2025-02-10,2.0,2.0400000000000063,2.075000000000003,2.105000000000004,2.1299999999999955,2.155000000000001,2.180000000000007,2.200000000000003,2.219999999999999,2.105000000000004,2.075000000000003,2.154000000000002,2.1662500000000016,2.1662500000000016,2.219999999999999,4.899999999999816,6.124999999999758,11.499999999999488,9.124999999999872,9.000000000000341,10.500000000000398
2025-02-11,2.075000000000003,2.114999999999995,2.1500000000000057,2.180000000000007,2.2049999999999983,2.230000000000004,2.2549999999999955,2.280000000000001,2.299999999999997,2.180000000000007,2.1500000000000057,2.2300000000000013,2.2424999999999997,2.2424999999999997,2.299999999999997,4.999999999999449,6.2499999999992895,11.999999999999034,9.249999999999403,9.499999999999886,10.500000000000398
2025-02-12,2.1500000000000057,2.1899999999999977,2.2249999999999943,2.2549999999999955,2.2750000000000057,2.299999999999997,2.325000000000003,2.344999999999999,2.364999999999995,2.2549999999999955,2.2249999999999943,2.3,2.311250000000001,2.311250000000001,2.364999999999995,4.500000000000437,5.625000000000568,10.999999999999943,8.625000000000682,8.99999999999892,10.499999999998977
2025-02-13,2.0849999999999937,2.125,2.1599999999999966,2.1899999999999977,2.2099999999999937,2.2349999999999994,2.260000000000005,2.280000000000001,2.299999999999997,2.1899999999999977,2.1599999999999966,2.2349999999999994,2.24625,2.24625,2.299999999999997,4.5000000000001705,5.625000000000213,10.999999999999943,8.625000000000327,9.000000000000341,10.500000000000398
2025-02-14,2.114999999999995,2.155000000000001,2.1899999999999977,2.219999999999999,2.239999999999995,2.265000000000001,2.2849999999999966,2.305000000000007,2.325000000000003,2.219999999999999,2.1899999999999977,2.2629999999999995,2.2737499999999997,2.2737499999999997,2.325000000000003,4.300000000000059,5.375000000000085,10.500000000000398,8.375000000000199,8.500000000000796,10.500000000000398
2025-02-17,2.1299999999999955,2.1700000000000017,2.2049999999999983,2.2349999999999994,2.260000000000005,2.2849999999999966,2.3100000000000023,2.3349999999999937,2.3599999999999994,2.2349999999999994,2.2049999999999983,2.2849999999999993,2.2974999999999994,2.2974999999999994,2.3599999999999994,4.999999999999982,6.25,12.5,9.250000000000114,9.999999999999432,10.500000000000398
2025-02-18,2.1299999999999955,2.1700000000000017,2.2049999999999983,2.2349999999999994,2.260000000000005,2.2849999999999966,2.3100000000000023,2.3349999999999937,2.3599999999999994,2.2349999999999994,2.2049999999999983,2.2849999999999993,2.2974999999999994,2.2974999999999994,2.3599999999999994,4.999999999999982,6.25,12.5,9.250000000000114,9.999999999999432,10.500000000000398
2025-02-19,2.174999999999997,2.2099999999999937,2.2450000000000045,2.2750000000000057,2.299999999999997,2.325000000000003,2.3499999999999943,2.375,2.394999999999996,2.2750000000000057,2.2450000000000045,2.325,2.3374999999999986,2.3374999999999986,2.394999999999996,4.999999999999449,6.2499999999992895,11.999999999999034,9.249999999999403,9.499999999999886,10.000000000000853
2025-02-20,2.155000000000001,2.194999999999993,2.230000000000004,2.260000000000005,2.2849999999999966,2.3100000000000023,2.3400000000000034,2.364999999999995,2.390000000000001,2.260000000000005,2.230000000000004,2.3120000000000003,2.3249999999999993,2.3249999999999993,2.390000000000001,5.199999999999516,6.499999999999417,12.99999999999959,9.499999999999531,10.500000000000442,10.500000000000398
2025-02-21,2.094999999999999,2.135000000000005,2.1700000000000017,2.200000000000003,2.2249999999999943,2.25,2.2750000000000057,2.299999999999997,2.325000000000003,2.200000000000003,2.1700000000000017,2.25,2.2624999999999993,2.2624999999999993,2.325000000000003,4.999999999999716,6.249999999999645,12.5,9.249999999999758,10.000000000000853,10.500000000000398
2025-02-24,2.0799999999999983,2.1200000000000045,2.155000000000001,2.1850000000000023,2.2099999999999937,2.2349999999999994,2.265000000000001,2.2900000000000063,2.3149999999999977,2.1850000000000023,2.155000000000001,2.2370000000000005,2.25,2.25,2.3149999999999977,5.199999999999827,6.499999999999773,12.999999999999545,9.499999999999886,10.500000000000398,10.500000000000398
2025-02-25,2.0600000000000023,2.105000000000004,2.144999999999996,2.174999999999997,2.200000000000003,2.230000000000004,2.260000000000005,2.2849999999999966,2.3100000000000023,2.174999999999997,2.144999999999996,2.2300000000000013,2.243750000000002,2.243750000000002,2.3100000000000023,5.500000000000416,6.875000000000497,13.500000000000512,9.875000000000611,10.999999999999943,11.499999999999488
2025-02-26,2.0450000000000017,2.0849999999999937,2.125,2.155000000000001,2.180000000000007,2.2099999999999937,2.239999999999995,2.265000000000001,2.2900000000000063,2.155000000000001,2.125,2.2099999999999995,2.223749999999999,2.223749999999999,2.2900000000000063,5.499999999999838,6.874999999999787,13.500000000000512,9.8749999999999,10.999999999999943,10.999999999999943
2025-02-27,2.0,2.0400000000000063,2.0799999999999983,2.114999999999995,2.144999999999996,2.180000000000007,2.2099999999999937,2.239999999999995,2.269999999999996,2.114999999999995,2.0799999999999983,2.1779999999999973,2.193749999999998,2.193749999999998,2.269999999999996,6.300000000000239,7.875000000000298,15.500000000000114,11.374999999999957,12.5,11.499999999999488
2025-02-28,1.980000000000004,2.019999999999996,2.055000000000007,2.0900000000000034,2.1200000000000045,2.1500000000000057,2.180000000000007,2.2099999999999937,2.239999999999995,2.0900000000000034,2.055000000000007,2.150000000000003,2.1650000000000027,2.1650000000000027,2.239999999999995,5.999999999999961,7.499999999999929,14.999999999999147,10.999999999999588,11.999999999999034,10.999999999999943
2025-03-03,2.0349999999999966,2.075000000000003,2.114999999999995,2.1500000000000057,2.180000000000007,2.2150000000000034,2.25,2.2849999999999966,2.3149999999999977,2.1500000000000057,2.114999999999995,2.2160000000000024,2.2325000000000017,2.2325000000000017,2.3149999999999977,6.599999999999673,8.249999999999602,16.499999999999204,11.750000000000682,13.49999999999909,11.50000000000091
2025-03-04,1.9650000000000036,2.010000000000005,2.055000000000007,2.094999999999999,2.1299999999999955,2.1700000000000017,2.2099999999999937,2.2450000000000045,2.280000000000001,2.094999999999999,2.055000000000007,2.169999999999999,2.188749999999999,2.188749999999999,2.280000000000001,7.500000000000018,9.375,18.500000000000227,13.374999999999204,15.000000000000568,12.999999999999524
2025-03-05,2.3149999999999977,2.3700000000000045,2.4150000000000063,2.4549999999999983,2.4849999999999994,2.515000000000001,2.5450000000000017,2.575000000000003,2.5999999999999943,2.4549999999999983,2.4150000000000063,2.5150000000000006,2.530000000000001,2.530000000000001,2.5999999999999943,6.000000000000227,7.500000000000284,14.499999999999602,11.499999999999488,11.499999999999488,14.000000000000057
2025-03-06,2.355000000000004,2.4200000000000017,2.480000000000004,2.530000000000001,2.575000000000003,2.614999999999995,2.6500000000000057,2.6850000000000023,2.7150000000000034,2.530000000000001,2.480000000000004,2.6110000000000015,2.6312500000000014,2.6312500000000014,2.7150000000000034,8.10000000000004,10.125000000000028,18.500000000000227,15.124999999999744,14.000000000000057,17.499999999999716
2025-03-07,2.2950000000000017,2.355000000000004,2.4150000000000063,2.4650000000000034,2.5049999999999955,2.5450000000000017,2.5849999999999937,2.614999999999995,2.644999999999996,2.4650000000000034,2.4150000000000063,2.542999999999998,2.5624999999999964,2.5624999999999964,2.644999999999996,7.799999999999452,9.749999999999304,17.99999999999926,14.74999999999902,14.000000000000057,17.00000000000017
2025-03-10,2.260000000000005,2.319999999999993,2.3799999999999955,2.430000000000007,2.4749999999999943,2.515000000000001,2.555000000000007,2.5849999999999937,2.614999999999995,2.430000000000007,2.3799999999999955,2.5120000000000005,2.532499999999999,2.532499999999999,2.614999999999995,8.199999999999363,10.249999999999204,18.499999999998806,15.250000000000341,14.000000000000057,17.00000000000017
2025-03-11,2.280000000000001,2.3499999999999943,2.4200000000000017,2.480000000000004,2.5349999999999966,2.5849999999999937,2.6299999999999955,2.6700000000000017,2.7049999999999983,2.480000000000004,2.4200000000000017,2.5799999999999983,2.604999999999997,2.604999999999997,2.7049999999999983,9.999999999999432,12.49999999999929,22.49999999999943,18.499999999999517,17.00000000000017,20.000000000000284
2025-03-12,2.3100000000000023,2.375,2.4399999999999977,2.4950000000000045,2.5450000000000017,2.594999999999999,2.635000000000005,2.6700000000000017,2.700000000000003,2.4950000000000045,2.4399999999999977,2.5880000000000023,2.611250000000002,2.611250000000002,2.700000000000003,9.299999999999775,11.62499999999973,20.49999999999983,17.125000000000412,15.500000000000114,18.500000000000227
2025-03-13,2.260000000000005,2.3299999999999983,2.394999999999996,2.4549999999999983,2.5049999999999955,2.555000000000007,2.594999999999999,2.6299999999999955,2.6650000000000063,2.4549999999999983,2.394999999999996,2.547999999999999,2.571249999999999,2.571249999999999,2.6650000000000063,9.300000000000086,11.625000000000085,21.000000000000796,17.625000000000313,16.00000000000108,19.499999999999318
2025-03-14,2.2900000000000063,2.364999999999995,2.4350000000000023,2.4950000000000045,2.549999999999997,2.594999999999999,2.640000000000001,2.674999999999997,2.7049999999999983,2.4950000000000045,2.4350000000000023,2.5909999999999997,2.6149999999999984,2.6149999999999984,2.7049999999999983,9.59999999999952,11.999999999999389,20.999999999999375,17.999999999999616,15.500000000000114,20.49999999999983
2025-03-17,2.2549999999999955,2.319999999999993,2.385000000000005,2.4399999999999977,2.489999999999995,2.5349999999999966,2.575000000000003,2.6099999999999994,2.640000000000001,2.4399999999999977,2.385000000000005,2.5299999999999985,2.5524999999999984,2.5524999999999984,2.640000000000001,9.000000000000075,11.250000000000071,20.000000000000327,16.749999999999332,15.000000000000613,18.500000000000227
2025-03-18,2.2450000000000045,2.3100000000000023,2.375,2.4350000000000023,2.4849999999999994,2.530000000000001,2.569999999999993,2.605000000000004,2.640000000000001,2.4350000000000023,2.375,2.525,2.5474999999999994,2.5474999999999994,2.640000000000001,8.999999999999764,11.249999999999716,20.499999999999872,17.249999999999943,15.500000000000158,18.999999999999773
2025-03-19,2.25,2.3100000000000023,2.3700000000000045,2.424999999999997,2.469999999999999,2.515000000000001,2.549999999999997,2.5799999999999983,2.6099999999999994,2.424999999999997,2.3700000000000045,2.5079999999999982,2.5287499999999987,2.5287499999999987,2.6099999999999994,8.300000000000107,10.375000000000156,18.500000000000227,15.874999999999417,14.000000000000057,17.499999999999716
2025-03-20,2.230000000000004,2.2950000000000017,2.355000000000004,2.4099999999999966,2.4549999999999983,2.5,2.5400000000000063,2.575000000000003,2.6099999999999994,2.4099999999999966,2.355000000000004,2.496000000000001,2.517500000000002,2.517500000000002,2.6099999999999994,8.60000000000043,10.750000000000526,20.000000000000284,16.249999999999787,15.500000000000114,17.99999999999926
2025-03-21,2.174999999999997,2.239999999999995,2.305000000000007,2.364999999999995,2.4150000000000063,2.4650000000000034,2.5049999999999955,2.5450000000000017,2.5799999999999983,2.364999999999995,2.305000000000007,2.4590000000000005,2.4825000000000017,2.4825000000000017,2.5799999999999983,9.400000000000563,11.750000000000682,21.50000000000034,17.74999999999949,16.499999999999204,18.999999999999773
2025-03-24,2.194999999999993,2.260000000000005,2.325000000000003,2.385000000000005,2.4399999999999977,2.489999999999995,2.5349999999999966,2.575000000000003,2.6099999999999994,2.385000000000005,2.325000000000003,2.4849999999999994,2.509999999999998,2.509999999999998,2.6099999999999994,9.999999999999432,12.49999999999929,22.49999999999943,18.499999999999517,17.00000000000017,19.000000000001194
2025-03-25,2.2099999999999937,2.280000000000001,2.344999999999999,2.405000000000001,2.4549999999999983,2.5049999999999955,2.549999999999997,2.5900000000000034,2.625,2.405000000000001,2.344999999999999,2.500999999999999,2.5249999999999986,2.5249999999999986,2.625,9.599999999999786,11.999999999999744,21.999999999999886,17.99999999999997,17.00000000000017,19.50000000000074
2025-03-26,2.200000000000003,2.269999999999996,2.3349999999999937,2.394999999999996,2.450000000000003,2.5,2.5450000000000017,2.5849999999999937,2.6200000000000045,2.394999999999996,2.3349999999999937,2.4949999999999988,2.5199999999999996,2.5199999999999996,2.6200000000000045,10.000000000000275,12.500000000000355,22.500000000000853,18.500000000000583,17.00000000000017,19.499999999999318
2025-03-27,2.144999999999996,2.219999999999999,2.2900000000000063,2.3599999999999994,2.4200000000000017,2.4749999999999943,2.5250000000000057,2.569999999999993,2.6099999999999994,2.3599999999999994,2.2900000000000063,2.469999999999999,2.4974999999999987,2.4974999999999987,2.6099999999999994,10.999999999999943,13.749999999999929,25.0,20.749999999999247,18.999999999999773,21.50000000000034
2025-03-28,2.094999999999999,2.1700000000000017,2.2450000000000045,2.3149999999999977,2.375,2.4350000000000023,2.4849999999999994,2.530000000000001,2.575000000000003,2.3149999999999977,2.2450000000000045,2.428,2.4562500000000007,2.4562500000000007,2.575000000000003,11.300000000000221,14.125000000000298,26.00000000000051,21.124999999999616,20.000000000000284,21.999999999999886
2025-03-31,2.105000000000004,2.180000000000007,2.2549999999999955,2.325000000000003,2.385000000000005,2.4399999999999977,2.489999999999995,2.5349999999999966,2.5799999999999983,2.325000000000003,2.2549999999999955,2.4349999999999996,2.4624999999999986,2.4624999999999986,2.5799999999999983,10.999999999999677,13.749999999999574,25.499999999999545,20.750000000000313,19.499999999999318,21.999999999999886
2025-04-01,2.0799999999999983,2.155000000000001,2.2249999999999943,2.2900000000000063,2.344999999999999,2.4000000000000057,2.444999999999993,2.4849999999999994,2.5250000000000057,2.2900000000000063,2.2249999999999943,2.3930000000000007,2.4187499999999993,2.4187499999999993,2.5250000000000057,10.299999999999443,12.874999999999304,23.499999999999943,19.375000000000497,18.000000000000682,21.000000000000796
2025-04-02,2.0799999999999983,2.155000000000001,2.230000000000004,2.2950000000000017,2.355000000000004,2.4099999999999966,2.4599999999999937,2.5049999999999955,2.5450000000000017,2.2950000000000017,2.230000000000004,2.4049999999999985,2.4324999999999974,2.4324999999999974,2.5450000000000017,10.999999999999677,13.749999999999574,25.0,20.249999999999346,18.999999999999773,21.50000000000034
2025-04-03,1.9549999999999983,2.030000000000001,2.105000000000004,2.174999999999997,2.239999999999995,2.299999999999997,2.3499999999999943,2.4000000000000057,2.444999999999993,2.174999999999997,2.105000000000004,2.292999999999998,2.322499999999998,2.322499999999998,2.444999999999993,11.800000000000077,14.750000000000085,26.999999999999602,21.749999999999403,20.49999999999983,21.999999999999886
2025-04-04,1.894999999999996,1.9749999999999943,2.0600000000000023,2.135000000000005,2.2049999999999983,2.269999999999996,2.3299999999999983,2.3799999999999955,2.430000000000007,2.135000000000005,2.0600000000000023,2.2639999999999985,2.296249999999997,2.296249999999997,2.430000000000007,12.899999999999334,16.12499999999919,29.50000000000017,23.624999999999474,22.500000000000853,24.00000000000091
2025-04-07,1.9099999999999968,1.9950000000000043,2.0849999999999937,2.1650000000000063,2.2349999999999994,2.305000000000007,2.3700000000000045,2.424999999999997,2.4749999999999943,2.1650000000000063,2.0849999999999937,2.300000000000003,2.333750000000002,2.333750000000002,2.4749999999999943,13.499999999999668,16.874999999999574,30.999999999998806,24.875000000000824,23.99999999999949,25.500000000000945
2025-04-08,1.9549999999999983,2.0450000000000017,2.135000000000005,2.2150000000000034,2.2849999999999966,2.355000000000004,2.4150000000000063,2.4650000000000034,2.515000000000001,2.2150000000000034,2.135000000000005,2.3470000000000026,2.3800000000000026,2.3800000000000026,2.515000000000001,13.199999999999923,16.499999999999915,29.99999999999976,24.499999999999744,23.00000000000044,26.00000000000051
2025-04-09,1.875,1.9749999999999943,2.075000000000003,2.1650000000000063,2.2450000000000045,2.325000000000003,2.394999999999996,2.4549999999999983,2.515000000000001,2.1650000000000063,2.075000000000003,2.3170000000000015,2.3550000000000004,2.3550000000000004,2.515000000000001,15.199999999999525,18.999999999999417,34.999999999999474,27.99999999999976,26.999999999999645,29.000000000000625
2025-04-10,1.9200000000000017,2.010000000000005,2.0999999999999943,2.180000000000007,2.25,2.3149999999999977,2.375,2.424999999999997,2.4749999999999943,2.180000000000007,2.0999999999999943,2.309,2.3412499999999987,2.3412499999999987,2.4749999999999943,12.899999999999334,16.12499999999919,29.49999999999875,24.12500000000044,22.49999999999943,26.00000000000051
2025-04-11,1.9350000000000025,2.0250000000000057,2.114999999999995,2.200000000000003,2.269999999999996,2.3400000000000034,2.4000000000000057,2.4549999999999983,2.5049999999999955,2.200000000000003,2.114999999999995,2.333000000000001,2.366250000000001,2.366250000000001,2.5049999999999955,13.299999999999823,16.6249999999998,30.49999999999926,25.125000000000597,23.499999999999943,26.500000000000036
2025-04-14,1.875,1.9650000000000036,2.055000000000007,2.135000000000005,2.2049999999999983,2.2750000000000057,2.3299999999999983,2.3799999999999955,2.430000000000007,2.135000000000005,2.055000000000007,2.2650000000000006,2.2974999999999994,2.2974999999999994,2.430000000000007,12.999999999999545,16.24999999999943,29.50000000000017,24.24999999999926,22.500000000000853,26.00000000000051
2025-04-15,1.8700000000000043,1.9599999999999935,2.055000000000007,2.140000000000001,2.2150000000000034,2.2849999999999966,2.344999999999999,2.4000000000000057,2.450000000000003,2.140000000000001,2.055000000000007,2.277000000000001,2.311250000000001,2.311250000000001,2.450000000000003,13.700000000000001,17.125000000000014,31.000000000000185,25.62499999999943,23.499999999999943,26.99999999999967
2025-04-16,1.8449999999999989,1.9300000000000068,2.019999999999996,2.0999999999999943,2.174999999999997,2.2450000000000045,2.305000000000007,2.3599999999999994,2.4150000000000063,2.0999999999999943,2.019999999999996,2.2370000000000005,2.271250000000002,2.271250000000002,2.4150000000000063,13.700000000000623,17.125000000000767,31.500000000001194,25.125000000000597,24.00000000000091,25.499999999999545
2025-04-17,1.7950000000000017,1.8900000000000008,1.9849999999999997,2.069999999999993,2.144999999999996,2.2150000000000034,2.2750000000000057,2.3349999999999937,2.390000000000001,2.069999999999993,1.9849999999999997,2.2079999999999984,2.2424999999999997,2.2424999999999997,2.390000000000001,13.800000000000523,17.250000000000654,32.00000000000078,25.750000000000007,24.500000000000497,27.499999999999147
2025-04-22,1.7650000000000006,1.855000000000004,1.9500000000000028,2.0400000000000063,2.114999999999995,2.1850000000000023,2.25,2.3100000000000023,2.364999999999995,2.0400000000000063,1.9500000000000028,2.180000000000001,2.215,2.215,2.364999999999995,13.99999999999948,17.49999999999936,32.49999999999886,26.4999999999997,25.0,27.50000000000057
2025-04-23,1.8400000000000036,1.9249999999999967,2.010000000000005,2.0900000000000034,2.1599999999999966,2.2249999999999943,2.280000000000001,2.3349999999999937,2.385000000000005,2.0900000000000034,2.010000000000005,2.2179999999999978,2.2499999999999964,2.2499999999999964,2.385000000000005,12.799999999999434,15.999999999999304,29.50000000000017,23.999999999999133,22.500000000000853,24.99999999999998
2025-04-24,1.7750000000000057,1.855000000000004,1.9399999999999975,2.019999999999996,2.0900000000000034,2.155000000000001,2.2150000000000034,2.269999999999996,2.319999999999993,2.019999999999996,1.9399999999999975,2.15,2.182500000000001,2.182500000000001,2.319999999999993,13.000000000000389,16.250000000000497,29.999999999999716,24.250000000000348,22.999999999998977,24.499999999999034
2025-04-25,1.8149999999999975,1.894999999999996,1.9749999999999943,2.049999999999997,2.114999999999995,2.174999999999997,2.230000000000004,2.2849999999999966,2.3349999999999937,2.049999999999997,1.9749999999999943,2.170999999999998,2.201249999999998,2.201249999999998,2.3349999999999937,12.100000000000088,15.1250000000001,28.49999999999966,22.625000000000384,21.999999999999886,23.499999999999964
2025-04-28,1.8199999999999927,1.9000000000000057,1.9849999999999997,2.0649999999999977,2.1299999999999955,2.194999999999993,2.25,2.305000000000007,2.355000000000004,2.0649999999999977,1.9849999999999997,2.1889999999999987,2.219999999999999,2.219999999999999,2.355000000000004,12.4000000000001,15.500000000000114,29.000000000000625,23.499999999999922,22.500000000000853,24.500000000000497
2025-04-29,1.8199999999999927,1.9050000000000007,1.9950000000000043,2.075000000000003,2.140000000000001,2.2049999999999983,2.260000000000005,2.3100000000000023,2.3599999999999994,2.075000000000003,1.9950000000000043,2.1980000000000017,2.2287500000000016,2.2287500000000016,2.3599999999999994,12.299999999999889,15.374999999999872,28.49999999999966,23.374999999999723,21.999999999999844,25.50000000000101
2025-04-30,1.7900000000000065,1.8700000000000043,1.9549999999999983,2.0349999999999966,2.0999999999999943,2.1599999999999966,2.2150000000000034,2.269999999999996,2.319999999999993,2.0349999999999966,1.9549999999999983,2.1559999999999975,2.1862499999999976,2.1862499999999976,2.319999999999993,12.100000000000088,15.1250000000001,28.49999999999966,23.12499999999993,21.999999999999886,24.499999999999012
2025-05-02,1.8449999999999989,1.9300000000000068,2.015000000000001,2.0900000000000034,2.155000000000001,2.219999999999999,2.269999999999996,2.319999999999993,2.3700000000000045,2.0900000000000034,2.015000000000001,2.2109999999999985,2.2412499999999973,2.2412499999999973,2.3700000000000045,12.099999999999511,15.124999999999389,28.000000000000114,22.62499999999963,21.50000000000034,24.500000000000455
2025-05-05,1.8400000000000036,1.9200000000000017,2.0,2.075000000000003,2.140000000000001,2.2049999999999983,2.260000000000005,2.3100000000000023,2.3599999999999994,2.075000000000003,2.0,2.1980000000000017,2.2287500000000016,2.2287500000000016,2.3599999999999994,12.299999999999889,15.374999999999872,28.49999999999966,22.875000000000156,21.999999999999844,23.499999999999922
2025-05-06,1.8299999999999983,1.9099999999999968,1.9950000000000043,2.069999999999993,2.140000000000001,2.2049999999999983,2.260000000000005,2.3149999999999977,2.364999999999995,2.069999999999993,1.9950000000000043,2.197999999999999,2.2300000000000004,2.2300000000000004,2.364999999999995,12.800000000000589,16.000000000000725,29.50000000000017,23.49999999999961,22.49999999999939,23.99999999999949
2025-05-07,1.7999999999999972,1.8799999999999957,1.9599999999999935,2.0349999999999966,2.0999999999999943,2.1599999999999966,2.2150000000000034,2.265000000000001,2.3149999999999977,2.0349999999999966,1.9599999999999935,2.1549999999999985,2.1849999999999987,2.1849999999999987,2.3149999999999977,12.000000000000188,15.000000000000213,28.000000000000114,22.50000000000052,21.50000000000034,23.499999999999943
2025-05-08,1.8400000000000036,1.9150000000000065,1.9950000000000043,2.069999999999993,2.135000000000005,2.194999999999993,2.2450000000000045,2.2950000000000017,2.344999999999999,2.069999999999993,1.9950000000000043,2.1879999999999997,2.217500000000001,2.217500000000001,2.344999999999999,11.800000000000654,14.750000000000796,27.50000000000057,22.24999999999968,20.999999999999375,22.999999999998956
2025-05-09,1.8700000000000043,1.9500000000000028,2.030000000000001,2.105000000000004,2.1700000000000017,2.230000000000004,2.280000000000001,2.3299999999999983,2.3799999999999955,2.105000000000004,2.030000000000001,2.2230000000000016,2.2525000000000013,2.2525000000000013,2.3799999999999955,11.799999999999766,14.74999999999973,27.499999999999147,22.250000000000014,20.999999999999375,23.499999999999964
2025-05-12,2.010000000000005,2.0799999999999983,2.155000000000001,2.219999999999999,2.2750000000000057,2.3299999999999983,2.375,2.4150000000000063,2.4549999999999983,2.219999999999999,2.155000000000001,2.3230000000000017,2.3487500000000026,2.3487500000000026,2.4549999999999983,10.300000000000287,12.87500000000037,23.499999999999943,19.375000000000142,17.99999999999926,20.999999999999375
2025-05-13,2.0049999999999955,2.0799999999999983,2.155000000000001,2.2249999999999943,2.2849999999999966,2.3400000000000034,2.390000000000001,2.4350000000000023,2.480000000000004,2.2249999999999943,2.155000000000001,2.3349999999999995,2.3625000000000007,2.3625000000000007,2.480000000000004,11.00000000000052,13.75000000000064,25.500000000000966,20.749999999999957,19.50000000000074,21.999999999999886
2025-05-14,2.0049999999999955,2.0849999999999937,2.1700000000000017,2.2450000000000045,2.3100000000000023,2.3700000000000045,2.4200000000000017,2.469999999999999,2.515000000000001,2.2450000000000045,2.1700000000000017,2.363000000000002,2.392500000000002,2.392500000000002,2.515000000000001,11.799999999999766,14.74999999999973,26.999999999999645,22.250000000000014,20.499999999999872,24.00000000000091
2025-05-15,1.9599999999999935,2.0349999999999966,2.114999999999995,2.1850000000000023,2.25,2.3100000000000023,2.3599999999999994,2.405000000000001,2.450000000000003,2.1850000000000023,2.114999999999995,2.302000000000001,2.3312500000000007,2.3312500000000007,2.450000000000003,11.699999999999866,14.624999999999844,26.500000000000057,21.625000000000583,20.000000000000284,22.500000000000874
2025-05-16,1.9249999999999967,2.0,2.075000000000003,2.144999999999996,2.2099999999999937,2.265000000000001,2.3149999999999977,2.3599999999999994,2.405000000000001,2.144999999999996,2.075000000000003,2.2589999999999977,2.287499999999998,2.287499999999998,2.405000000000001,11.400000000000166,14.250000000000185,26.00000000000051,21.249999999999503,19.50000000000074,21.99999999999993
2025-05-19,1.9150000000000065,1.9849999999999997,2.0600000000000023,2.1299999999999955,2.1899999999999977,2.25,2.299999999999997,2.3499999999999943,2.394999999999996,2.1299999999999955,2.0600000000000023,2.243999999999997,2.2724999999999973,2.2724999999999973,2.394999999999996,11.400000000000166,14.250000000000185,26.500000000000057,21.249999999999503,20.49999999999983,21.4999999999989
2025-05-20,1.9249999999999967,2.0,2.075000000000003,2.144999999999996,2.2099999999999937,2.269999999999996,2.325000000000003,2.375,2.4200000000000017,2.144999999999996,2.075000000000003,2.264999999999998,2.294999999999998,2.294999999999998,2.4200000000000017,12.000000000000188,15.000000000000213,27.50000000000057,21.99999999999953,21.000000000000796,21.99999999999993
2025-05-21,1.9449999999999927,2.019999999999996,2.0999999999999943,2.174999999999997,2.239999999999995,2.299999999999997,2.355000000000004,2.405000000000001,2.450000000000003,2.174999999999997,2.0999999999999943,2.294999999999999,2.3249999999999993,2.3249999999999993,2.450000000000003,12.000000000000188,15.000000000000213,27.50000000000057,22.500000000000497,21.000000000000796,23.00000000000044
2025-05-22,1.9150000000000065,1.9950000000000043,2.0799999999999983,2.1650000000000063,2.239999999999995,2.305000000000007,2.364999999999995,2.4200000000000017,2.4749999999999943,2.1650000000000063,2.0799999999999983,2.299000000000001,2.3324999999999996,2.3324999999999996,2.4749999999999943,13.399999999999457,16.749999999999332,30.999999999998806,25.250000000000128,23.499999999999943,24.99999999999998
2025-05-23,1.855000000000004,1.9399999999999975,2.0250000000000057,2.1099999999999994,2.1850000000000023,2.2549999999999955,2.3149999999999977,2.3700000000000045,2.4200000000000017,2.1099999999999994,2.0250000000000057,2.247,2.28125,2.28125,2.4200000000000017,13.700000000000045,17.125000000000057,31.000000000000227,25.62499999999943,23.499999999999943,25.499999999999545
2025-05-26,1.8700000000000043,1.9500000000000028,2.0349999999999966,2.114999999999995,2.1850000000000023,2.25,2.305000000000007,2.355000000000004,2.405000000000001,2.114999999999995,2.0349999999999966,2.2420000000000018,2.2737500000000033,2.2737500000000033,2.405000000000001,12.700000000000689,15.875000000000838,29.000000000000625,23.875000000000668,21.999999999999886,24.499999999999055
2025-05-27,1.855000000000004,1.9350000000000025,2.015000000000001,2.094999999999999,2.1650000000000063,2.230000000000004,2.2849999999999966,2.3349999999999937,2.385000000000005,2.094999999999999,2.015000000000001,2.222,2.25375,2.25375,2.385000000000005,12.700000000000111,15.875000000000128,29.000000000000625,23.874999999999915,21.999999999999886,23.99999999999949
2025-05-28,1.8649999999999949,1.9399999999999975,2.019999999999996,2.094999999999999,2.1650000000000063,2.230000000000004,2.2849999999999966,2.3349999999999937,2.385000000000005,2.094999999999999,2.019999999999996,2.222,2.25375,2.25375,2.385000000000005,12.700000000000111,15.875000000000128,29.000000000000625,23.375000000000412,21.999999999999886,23.000000000000398
2025-05-29,1.8349999999999935,1.9150000000000065,1.9950000000000043,2.075000000000003,2.144999999999996,2.2099999999999937,2.265000000000001,2.3149999999999977,2.364999999999995,2.075000000000003,1.9950000000000043,2.201999999999998,2.233749999999997,2.233749999999997,2.364999999999995,12.699999999999534,15.874999999999417,28.999999999999204,23.874999999999268,21.999999999999886,24.00000000000093
2025-05-30,1.8499999999999943,1.9249999999999967,2.0049999999999955,2.0799999999999983,2.144999999999996,2.2099999999999937,2.265000000000001,2.319999999999993,2.3700000000000045,2.0799999999999983,2.0049999999999955,2.203999999999996,2.234999999999996,2.234999999999996,2.3700000000000045,12.399999999999789,15.499999999999758,29.000000000000625,23.000000000000043,22.500000000000853,23.000000000000398
2025-06-02,1.8349999999999935,1.9050000000000007,1.9849999999999997,2.0649999999999977,2.140000000000001,2.2049999999999983,2.265000000000001,2.3149999999999977,2.364999999999995,2.0649999999999977,1.9849999999999997,2.197999999999999,2.2312499999999993,2.2312499999999993,2.364999999999995,13.300000000000134,16.625000000000156,29.999999999999716,24.624999999999964,22.49999999999939,23.00000000000042
2025-06-03,1.8149999999999975,1.885000000000005,1.9599999999999935,2.0400000000000063,2.114999999999995,2.180000000000007,2.239999999999995,2.2950000000000017,2.344999999999999,2.0400000000000063,1.9599999999999935,2.174000000000001,2.2074999999999996,2.2074999999999996,2.344999999999999,13.399999999999457,16.749999999999332,30.49999999999926,24.750000000000604,23.000000000000398,22.500000000000874
2025-06-04,1.8400000000000036,1.9150000000000065,1.9950000000000043,2.075000000000003,2.1500000000000057,2.2150000000000034,2.2750000000000057,2.3299999999999983,2.3799999999999955,2.075000000000003,1.9950000000000043,2.209000000000003,2.2425000000000033,2.2425000000000033,2.3799999999999955,13.400000000000034,16.750000000000043,30.49999999999926,24.749999999999893,22.999999999998977,23.499999999999922
2025-06-05,1.9300000000000068,2.0,2.075000000000003,2.1500000000000057,2.219999999999999,2.2849999999999966,2.3400000000000034,2.394999999999996,2.444999999999993,2.1500000000000057,2.075000000000003,2.278,2.3099999999999987,2.3099999999999987,2.444999999999993,12.799999999999434,15.999999999999304,29.49999999999875,23.499999999999588,22.49999999999943,21.999999999999886
2025-06-06,1.9350000000000025,2.0049999999999955,2.075000000000003,2.1500000000000057,2.2150000000000034,2.2750000000000057,2.3299999999999983,2.3799999999999955,2.430000000000007,2.1500000000000057,2.075000000000003,2.270000000000002,2.3000000000000007,2.3000000000000007,2.430000000000007,11.999999999999611,14.999999999999503,28.000000000000114,22.499999999999787,21.50000000000034,21.50000000000032
2025-06-09,1.9249999999999967,1.9950000000000043,2.069999999999993,2.144999999999996,2.2150000000000034,2.2750000000000057,2.3299999999999983,2.3799999999999955,2.430000000000007,2.144999999999996,2.069999999999993,2.2689999999999997,2.3000000000000007,2.3000000000000007,2.430000000000007,12.400000000000366,15.500000000000469,28.50000000000108,23.000000000000753,21.50000000000034,21.99999999999993
2025-06-10,1.9000000000000057,1.9699999999999989,2.0400000000000063,2.1099999999999994,2.174999999999997,2.2349999999999994,2.2849999999999966,2.3349999999999937,2.385000000000005,2.1099999999999994,2.0400000000000063,2.227999999999997,2.2574999999999967,2.2574999999999967,2.385000000000005,11.799999999999766,14.74999999999973,27.50000000000057,21.749999999999048,21.000000000000796,20.999999999999375
2025-06-11,1.885000000000005,1.9549999999999983,2.0250000000000057,2.094999999999999,2.1650000000000063,2.2249999999999943,2.280000000000001,2.3349999999999937,2.385000000000005,2.094999999999999,2.0250000000000057,2.219999999999999,2.251249999999999,2.251249999999999,2.385000000000005,12.5,15.625,29.000000000000625,22.624999999999318,21.999999999999886,20.999999999999396
2025-06-12,1.8599999999999997,1.9249999999999967,1.9950000000000043,2.0649999999999977,2.135000000000005,2.200000000000003,2.2549999999999955,2.305000000000007,2.3499999999999943,2.0649999999999977,1.9950000000000043,2.1920000000000015,2.2237500000000026,2.2237500000000026,2.3499999999999943,12.700000000000378,15.875000000000483,28.49999999999966,22.874999999999822,21.49999999999892,20.499999999999808
2025-06-13,1.9050000000000007,1.9699999999999989,2.0400000000000063,2.114999999999995,2.1850000000000023,2.25,2.305000000000007,2.355000000000004,2.405000000000001,2.114999999999995,2.0400000000000063,2.2420000000000018,2.2737500000000033,2.2737500000000033,2.405000000000001,12.700000000000689,15.875000000000838,29.000000000000625,23.3749999999997,21.999999999999886,20.999999999999417
2025-06-16,1.885000000000005,1.9500000000000028,2.019999999999996,2.0900000000000034,2.1599999999999966,2.2249999999999943,2.2849999999999966,2.3349999999999937,2.385000000000005,2.0900000000000034,2.019999999999996,2.2189999999999968,2.2512499999999953,2.2512499999999953,2.385000000000005,12.899999999999334,16.12499999999919,29.50000000000017,23.12499999999993,22.500000000000853,20.49999999999985
2025-06-17,1.9000000000000057,1.9650000000000036,2.030000000000001,2.0999999999999943,2.1700000000000017,2.2349999999999994,2.2900000000000063,2.3400000000000034,2.390000000000001,2.0999999999999943,2.030000000000001,2.227000000000001,2.2587500000000027,2.2587500000000027,2.390000000000001,12.700000000000689,15.875000000000838,29.000000000000668,22.875000000000156,21.99999999999993,19.999999999998863
2025-06-18,1.875,1.9399999999999975,2.0049999999999955,2.075000000000003,2.140000000000001,2.2049999999999983,2.265000000000001,2.3149999999999977,2.364999999999995,2.075000000000003,2.0049999999999955,2.2,2.2312499999999993,2.2312499999999993,2.364999999999995,12.499999999999734,15.624999999999645,28.999999999999204,22.625000000000384,22.49999999999939,20.000000000000284
2025-06-19,1.894999999999996,1.9599999999999935,2.030000000000001,2.0999999999999943,2.1700000000000017,2.2349999999999994,2.2950000000000017,2.344999999999999,2.394999999999996,2.0999999999999943,2.030000000000001,2.228999999999999,2.2612500000000004,2.2612500000000004,2.394999999999996,12.900000000000489,16.12500000000061,29.50000000000017,23.12499999999993,22.49999999999943,20.49999999999983
2025-06-20,1.9000000000000057,1.9650000000000036,2.030000000000001,2.0999999999999943,2.1700000000000017,2.2349999999999994,2.2950000000000017,2.344999999999999,2.394999999999996,2.0999999999999943,2.030000000000001,2.228999999999999,2.2612500000000004,2.2612500000000004,2.394999999999996,12.900000000000489,16.12500000000061,29.50000000000017,23.12499999999993,22.49999999999943,19.999999999998863
2025-06-23,1.885000000000005,1.9449999999999927,2.010000000000005,2.0799999999999983,2.1500000000000057,2.2150000000000034,2.269999999999996,2.319999999999993,2.3700000000000045,2.0799999999999983,2.010000000000005,2.2069999999999994,2.2387499999999996,2.2387499999999996,2.3700000000000045,12.700000000000111,15.875000000000128,29.000000000000625,22.874999999999446,21.999999999999886,19.49999999999934
2025-06-24,1.875,1.9350000000000025,2.0,2.069999999999993,2.135000000000005,2.200000000000003,2.260000000000005,2.3149999999999977,2.364999999999995,2.069999999999993,2.0,2.1960000000000006,2.2275000000000027,2.2275000000000027,2.364999999999995,12.600000000000744,15.750000000000952,29.50000000000017,22.75000000000027,22.999999999998977,19.499999999999318
2025-06-25,1.8900000000000008,1.9549999999999983,2.0250000000000057,2.0999999999999943,2.174999999999997,2.2450000000000045,2.305000000000007,2.3599999999999994,2.4150000000000063,2.0999999999999943,2.0250000000000057,2.2370000000000005,2.271250000000002,2.271250000000002,2.4150000000000063,13.700000000000623,17.125000000000767,31.500000000001194,24.62499999999963,24.00000000000091,20.999999999999353
2025-06-26,1.8649999999999949,1.9350000000000025,2.0049999999999955,2.0849999999999937,2.1599999999999966,2.230000000000004,2.2950000000000017,2.3499999999999943,2.405000000000001,2.0849999999999937,2.0049999999999955,2.223999999999998,2.258749999999999,2.258749999999999,2.405000000000001,13.900000000000423,17.37500000000054,32.00000000000074,25.37500000000037,24.500000000000455,21.999999999999886
2025-06-27,1.9099999999999968,1.980000000000004,2.049999999999997,2.125,2.200000000000003,2.269999999999996,2.3299999999999983,2.385000000000005,2.4350000000000023,2.125,2.049999999999997,2.2620000000000005,2.2962500000000006,2.2962500000000006,2.4350000000000023,13.700000000000045,17.125000000000057,31.000000000000227,24.62500000000034,23.499999999999943,21.50000000000032
2025-06-30,1.9000000000000057,1.9699999999999989,2.0450000000000017,2.1200000000000045,2.194999999999993,2.265000000000001,2.325000000000003,2.3799999999999955,2.430000000000007,2.1200000000000045,2.0450000000000017,2.2569999999999992,2.291249999999998,2.291249999999998,2.430000000000007,13.699999999999468,17.124999999999346,31.000000000000227,24.62499999999963,23.500000000001364,21.999999999999886
2025-07-01,1.885000000000005,1.9599999999999935,2.0349999999999966,2.114999999999995,2.1899999999999977,2.2549999999999955,2.3149999999999977,2.364999999999995,2.4150000000000063,2.114999999999995,2.0349999999999966,2.2479999999999962,2.2812499999999964,2.2812499999999964,2.4150000000000063,13.300000000000134,16.625000000000156,30.000000000001137,24.624999999999986,22.500000000000853,22.999999999998998
2025-07-02,1.9099999999999968,1.9849999999999997,2.0649999999999977,2.144999999999996,2.219999999999999,2.2849999999999966,2.3499999999999943,2.405000000000001,2.4549999999999983,2.144999999999996,2.0649999999999977,2.2809999999999975,2.3149999999999977,2.3149999999999977,2.4549999999999983,13.600000000000145,17.00000000000017,31.000000000000227,25.0,23.499999999999943,23.499999999999922
2025-07-03,1.8900000000000008,1.9650000000000036,2.0450000000000017,2.125,2.194999999999993,2.260000000000005,2.319999999999993,2.375,2.424999999999997,2.125,2.0450000000000017,2.254999999999998,2.287499999999998,2.287499999999998,2.424999999999997,12.999999999999812,16.249999999999787,29.999999999999716,24.249999999999616,23.000000000000398,23.499999999999922
2025-07-04,1.8599999999999997,1.9399999999999975,2.019999999999996,2.0999999999999943,2.174999999999997,2.239999999999995,2.299999999999997,2.355000000000004,2.4099999999999966,2.0999999999999943,2.019999999999996,2.2339999999999973,2.2674999999999983,2.2674999999999983,2.4099999999999966,13.4000000000003,16.750000000000398,31.000000000000227,24.750000000000227,23.499999999999943,23.999999999999467
2025-07-07,1.885000000000005,1.9650000000000036,2.0450000000000017,2.1299999999999955,2.2049999999999983,2.2750000000000057,2.3349999999999937,2.390000000000001,2.444999999999993,2.1299999999999955,2.0450000000000017,2.2669999999999986,2.3012499999999996,2.3012499999999996,2.444999999999993,13.700000000000312,17.125000000000412,31.499999999999773,25.624999999999787,23.99999999999949,24.499999999999055
2025-07-08,1.9150000000000065,1.9950000000000043,2.075000000000003,2.1599999999999966,2.239999999999995,2.305000000000007,2.364999999999995,2.4200000000000017,2.4749999999999943,2.1599999999999966,2.075000000000003,2.297999999999999,2.3324999999999996,2.3324999999999996,2.4749999999999943,13.800000000000257,17.2500000000003,31.499999999999773,25.749999999999673,23.499999999999943,24.499999999999012
2025-07-09,1.894999999999996,1.9749999999999943,2.055000000000007,2.135000000000005,2.2150000000000034,2.2849999999999966,2.3499999999999943,2.405000000000001,2.4599999999999937,2.135000000000005,2.055000000000007,2.278,2.313749999999999,2.313749999999999,2.4599999999999937,14.299999999999491,17.874999999999375,32.49999999999886,25.874999999999204,24.499999999999034,24.00000000000091
2025-07-10,1.9300000000000068,2.010000000000005,2.0900000000000034,2.1700000000000017,2.2450000000000045,2.3149999999999977,2.375,2.430000000000007,2.4849999999999994,2.1700000000000017,2.0900000000000034,2.307000000000002,2.3412500000000023,2.3412500000000023,2.4849999999999994,13.700000000000045,17.125000000000057,31.499999999999773,25.124999999999886,23.99999999999949,23.99999999999949
2025-07-11,1.9650000000000036,2.0450000000000017,2.1200000000000045,2.200000000000003,2.2750000000000057,2.3400000000000034,2.4000000000000057,2.4549999999999983,2.510000000000005,2.200000000000003,2.1200000000000045,2.334000000000003,2.3675000000000033,2.3675000000000033,2.510000000000005,13.400000000000034,16.750000000000043,31.000000000000227,24.749999999999872,23.499999999999943,23.499999999999922
2025-07-14,1.9350000000000025,2.019999999999996,2.0999999999999943,2.1850000000000023,2.265000000000001,2.3400000000000034,2.405000000000001,2.4650000000000034,2.519999999999996,2.1850000000000023,2.0999999999999943,2.332000000000002,2.368750000000002,2.368750000000002,2.519999999999996,14.69999999999998,18.374999999999986,33.499999999999375,26.87500000000078,25.499999999999503,24.99999999999998
2025-07-15,1.9150000000000065,1.9950000000000043,2.0799999999999983,2.1650000000000063,2.2450000000000045,2.3149999999999977,2.3799999999999955,2.4399999999999977,2.4950000000000045,2.1650000000000063,2.0799999999999983,2.309,2.344999999999999,2.344999999999999,2.4950000000000045,14.399999999999391,17.99999999999926,32.99999999999983,26.500000000000057,25.0,24.99999999999998
2025-07-16,1.8900000000000008,1.9699999999999989,2.049999999999997,2.135000000000005,2.2150000000000034,2.2900000000000063,2.355000000000004,2.4150000000000063,2.4749999999999943,2.135000000000005,2.049999999999997,2.282000000000005,2.318750000000005,2.318750000000005,2.4749999999999943,14.69999999999998,18.374999999999986,33.99999999999892,26.87500000000078,25.99999999999909,24.500000000000433
2025-07-17,1.885000000000005,1.9650000000000036,2.0450000000000017,2.125,2.2049999999999983,2.2750000000000057,2.344999999999999,2.405000000000001,2.4599999999999937,2.125,2.0450000000000017,2.271000000000001,2.307500000000001,2.307500000000001,2.4599999999999937,14.60000000000008,18.2500000000001,33.499999999999375,26.24999999999993,25.499999999999545,23.99999999999951
2025-07-18,1.9099999999999968,1.9899999999999949,2.069999999999993,2.1500000000000057,2.230000000000004,2.305000000000007,2.3700000000000045,2.430000000000007,2.489999999999995,2.1500000000000057,2.069999999999993,2.2970000000000055,2.3337500000000055,2.3337500000000055,2.489999999999995,14.69999999999998,18.374999999999986,33.99999999999892,26.375000000001236,25.99999999999909,24.000000000000888
2025-07-21,1.855000000000004,1.9249999999999967,2.0,2.0799999999999983,2.155000000000001,2.2249999999999943,2.2900000000000063,2.3499999999999943,2.4099999999999966,2.0799999999999983,2.0,2.219999999999999,2.254999999999999,2.254999999999999,2.4099999999999966,14.000000000000057,17.50000000000007,32.99999999999983,25.4999999999999,25.499999999999545,22.49999999999943
2025-07-22,1.8349999999999935,1.9099999999999968,1.9849999999999997,2.0649999999999977,2.140000000000001,2.2099999999999937,2.2750000000000057,2.3349999999999937,2.390000000000001,2.0649999999999977,1.9849999999999997,2.2049999999999983,2.2399999999999984,2.2399999999999984,2.390000000000001,14.000000000000057,17.50000000000007,32.50000000000033,25.49999999999988,25.0,23.00000000000042
2025-07-23,1.8299999999999983,1.9050000000000007,1.980000000000004,2.0600000000000023,2.140000000000001,2.2150000000000034,2.280000000000001,2.3400000000000034,2.4000000000000057,2.0600000000000023,1.980000000000004,2.207000000000002,2.243750000000002,2.243750000000002,2.4000000000000057,14.69999999999998,18.374999999999986,34.00000000000034,26.374999999999815,26.00000000000047,23.000000000000398
2025-07-24,1.9449999999999927,2.019999999999996,2.094999999999999,2.174999999999997,2.25,2.319999999999993,2.3799999999999955,2.4350000000000023,2.489999999999995,2.174999999999997,2.094999999999999,2.3119999999999976,2.3462499999999977,2.3462499999999977,2.489999999999995,13.700000000000045,17.125000000000057,31.499999999999773,25.124999999999886,23.99999999999949,23.00000000000044
2025-07-25,1.9899999999999949,2.0649999999999977,2.140000000000001,2.2150000000000034,2.2900000000000063,2.355000000000004,2.4150000000000063,2.469999999999999,2.519999999999996,2.2150000000000034,2.140000000000001,2.3490000000000038,2.382500000000004,2.382500000000004,2.519999999999996,13.400000000000034,16.750000000000043,30.49999999999926,24.250000000000284,22.999999999998977,22.500000000000853
2025-07-28,1.9449999999999927,2.019999999999996,2.094999999999999,2.174999999999997,2.25,2.3149999999999977,2.375,2.430000000000007,2.480000000000004,2.174999999999997,2.094999999999999,2.309,2.342500000000001,2.342500000000001,2.480000000000004,13.4000000000003,16.750000000000398,30.500000000000682,24.750000000000227,23.000000000000398,23.00000000000044
2025-07-29,1.9599999999999935,2.0349999999999966,2.1099999999999994,2.1899999999999977,2.265000000000001,2.3299999999999983,2.390000000000001,2.444999999999993,2.4950000000000045,2.1899999999999977,2.1099999999999994,2.323999999999998,2.357499999999998,2.357499999999998,2.4950000000000045,13.400000000000034,16.750000000000043,30.500000000000682,24.749999999999872,23.000000000000355,23.00000000000042
2025-07-30,1.9849999999999997,2.0600000000000023,2.1299999999999955,2.2049999999999983,2.280000000000001,2.344999999999999,2.405000000000001,2.4549999999999983,2.5049999999999955,2.2049999999999983,2.1299999999999955,2.3379999999999996,2.37125,2.37125,2.5049999999999955,13.300000000000134,16.625000000000156,29.999999999999716,24.12500000000044,22.49999999999943,21.999999999999865
2025-07-31,2.0,2.069999999999993,2.140000000000001,2.2099999999999937,2.280000000000001,2.3400000000000034,2.394999999999996,2.444999999999993,2.489999999999995,2.2099999999999937,2.140000000000001,2.3339999999999974,2.3649999999999984,2.3649999999999984,2.489999999999995,12.400000000000366,15.500000000000469,28.000000000000114,22.499999999999744,20.999999999999375,20.999999999999375
2025-08-01,1.9549999999999983,2.0250000000000057,2.094999999999999,2.1700000000000017,2.239999999999995,2.305000000000007,2.3599999999999994,2.4099999999999966,2.4599999999999937,2.1700000000000017,2.094999999999999,2.2969999999999997,2.3287499999999994,2.3287499999999994,2.4599999999999937,12.6999999999998,15.874999999999773,28.999999999999204,23.375000000000057,21.999999999999886,21.50000000000034
2025-08-04,1.9300000000000068,2.0,2.069999999999993,2.140000000000001,2.2099999999999937,2.269999999999996,2.325000000000003,2.375,2.424999999999997,2.140000000000001,2.069999999999993,2.2639999999999985,2.294999999999998,2.294999999999998,2.424999999999997,12.399999999999745,15.499999999999714,28.499999999999616,22.500000000000497,21.50000000000034,20.999999999999417
2025-08-05,1.9300000000000068,1.9950000000000043,2.0600000000000023,2.1299999999999955,2.200000000000003,2.260000000000005,2.3149999999999977,2.364999999999995,2.4099999999999966,2.1299999999999955,2.0600000000000023,2.253999999999999,2.285,2.285,2.4099999999999966,12.400000000000366,15.500000000000469,28.000000000000114,22.499999999999787,20.999999999999375,19.999999999998863
2025-08-06,1.9300000000000068,1.9950000000000043,2.0649999999999977,2.135000000000005,2.2049999999999983,2.265000000000001,2.325000000000003,2.375,2.424999999999997,2.135000000000005,2.0649999999999977,2.2610000000000015,2.2925000000000004,2.2925000000000004,2.424999999999997,12.599999999999634,15.749999999999531,28.999999999999204,22.75000000000027,21.999999999999886,20.49999999999983
2025-08-07,1.9449999999999927,2.010000000000005,2.075000000000003,2.144999999999996,2.2150000000000034,2.2750000000000057,2.3299999999999983,2.375,2.4200000000000017,2.144999999999996,2.075000000000003,2.2680000000000007,2.298750000000002,2.298750000000002,2.4200000000000017,12.300000000000466,15.375000000000583,27.50000000000057,22.3749999999999,20.49999999999983,20.000000000000327
2025-08-08,1.980000000000004,2.049999999999997,2.1200000000000045,2.1899999999999977,2.2549999999999955,2.3149999999999977,2.3700000000000045,2.4200000000000017,2.4650000000000034,2.1899999999999977,2.1200000000000045,2.3099999999999996,2.34,2.34,2.4650000000000034,12.000000000000188,15.000000000000213,27.50000000000057,21.99999999999953,21.000000000000796,20.999999999999375
2025-08-11,1.9849999999999997,2.049999999999997,2.114999999999995,2.1850000000000023,2.2549999999999955,2.3149999999999977,2.3700000000000045,2.4200000000000017,2.4650000000000034,2.1850000000000023,2.114999999999995,2.309,2.34,2.34,2.4650000000000034,12.399999999999789,15.499999999999758,28.000000000000114,22.500000000000497,21.000000000000796,20.000000000000263
2025-08-12,1.9849999999999997,2.055000000000007,2.125,2.200000000000003,2.269999999999996,2.3349999999999937,2.394999999999996,2.444999999999993,2.4950000000000045,2.200000000000003,2.125,2.328999999999996,2.3612499999999947,2.3612499999999947,2.4950000000000045,12.899999999999334,16.12499999999919,29.50000000000017,23.624999999999474,22.500000000000853,21.50000000000032
2025-08-13,1.9300000000000068,1.9950000000000043,2.0649999999999977,2.135000000000005,2.2049999999999983,2.265000000000001,2.325000000000003,2.375,2.424999999999997,2.135000000000005,2.0649999999999977,2.2610000000000015,2.2925000000000004,2.2925000000000004,2.424999999999997,12.599999999999634,15.749999999999531,28.999999999999204,22.75000000000027,21.999999999999886,20.49999999999983
2025-08-14,1.9549999999999983,2.019999999999996,2.0900000000000034,2.1650000000000063,2.2349999999999994,2.2950000000000017,2.355000000000004,2.405000000000001,2.450000000000003,2.1650000000000063,2.0900000000000034,2.2910000000000026,2.3225000000000016,2.3225000000000016,2.450000000000003,12.599999999999634,15.749999999999531,28.49999999999966,23.249999999999815,21.50000000000034,21.000000000000796
2025-08-15,1.980000000000004,2.049999999999997,2.125,2.200000000000003,2.2750000000000057,2.344999999999999,2.405000000000001,2.4599999999999937,2.510000000000005,2.200000000000003,2.125,2.3370000000000006,2.37125,2.37125,2.510000000000005,13.699999999999779,17.1249999999997,31.000000000000227,24.624999999999986,23.499999999999943,21.999999999999886
2025-08-18,1.9749999999999943,2.0450000000000017,2.114999999999995,2.1899999999999977,2.265000000000001,2.3299999999999983,2.390000000000001,2.444999999999993,2.4950000000000045,2.1899999999999977,2.114999999999995,2.323999999999998,2.357499999999998,2.357499999999998,2.4950000000000045,13.400000000000034,16.750000000000043,30.500000000000682,24.250000000000327,23.000000000000355,21.50000000000034
2025-08-19,1.9599999999999935,2.0250000000000057,2.094999999999999,2.1650000000000063,2.2349999999999994,2.299999999999997,2.3599999999999994,2.4099999999999966,2.4599999999999937,2.1650000000000063,2.094999999999999,2.2939999999999996,2.326249999999998,2.326249999999998,2.4599999999999937,12.899999999999334,16.12499999999919,29.49999999999875,23.12499999999993,22.49999999999943,20.500000000001272
2025-08-20,1.9300000000000068,1.9950000000000043,2.0649999999999977,2.135000000000005,2.2049999999999983,2.269999999999996,2.3299999999999983,2.3799999999999955,2.430000000000007,2.135000000000005,2.0649999999999977,2.2639999999999985,2.296249999999997,2.296249999999997,2.430000000000007,12.899999999999334,16.12499999999919,29.50000000000017,23.12499999999993,22.500000000000853,20.49999999999983
2025-08-21,1.9849999999999997,2.049999999999997,2.1200000000000045,2.1899999999999977,2.260000000000005,2.319999999999993,2.375,2.424999999999997,2.4749999999999943,2.1899999999999977,2.1200000000000045,2.3139999999999987,2.344999999999999,2.344999999999999,2.4749999999999943,12.4000000000001,15.500000000000114,28.49999999999966,22.49999999999943,21.49999999999892,20.499999999999808
2025-08-22,1.9549999999999983,2.015000000000001,2.0799999999999983,2.1500000000000057,2.219999999999999,2.280000000000001,2.3349999999999937,2.385000000000005,2.4350000000000023,2.1500000000000057,2.0799999999999983,2.274000000000001,2.3049999999999997,2.3049999999999997,2.4350000000000023,12.399999999999523,15.499999999999403,28.49999999999966,22.500000000000142,21.50000000000034,19.50000000000074
2025-08-25,1.9849999999999997,2.049999999999997,2.1200000000000045,2.194999999999993,2.265000000000001,2.3299999999999983,2.385000000000005,2.4350000000000023,2.480000000000004,2.194999999999993,2.1200000000000045,2.322,2.3537500000000016,2.3537500000000016,2.480000000000004,12.700000000000689,15.875000000000838,28.50000000000108,23.3749999999997,21.5000000000003,20.999999999999353
2025-08-26,1.9500000000000028,2.015000000000001,2.0849999999999937,2.155000000000001,2.2249999999999943,2.2849999999999966,2.3400000000000034,2.390000000000001,2.4399999999999977,2.155000000000001,2.0849999999999937,2.278999999999999,2.3099999999999987,2.3099999999999987,2.4399999999999977,12.399999999999789,15.499999999999758,28.49999999999966,22.500000000000497,21.50000000000034,20.49999999999983
2025-08-27,1.9050000000000007,1.9650000000000036,2.030000000000001,2.0999999999999943,2.1700000000000017,2.2349999999999994,2.2900000000000063,2.3400000000000034,2.390000000000001,2.0999999999999943,2.030000000000001,2.227000000000001,2.2587500000000027,2.2587500000000027,2.390000000000001,12.700000000000689,15.875000000000838,29.000000000000668,22.875000000000156,21.99999999999993,19.49999999999936
2025-08-28,1.9300000000000068,1.9899999999999949,2.049999999999997,2.114999999999995,2.1850000000000023,2.2450000000000045,2.305000000000007,2.355000000000004,2.4000000000000057,2.114999999999995,2.049999999999997,2.2410000000000023,2.2725000000000044,2.2725000000000044,2.4000000000000057,12.600000000000744,15.750000000000952,28.50000000000108,22.250000000000725,21.50000000000034,18.499999999998806
2025-08-29,1.9249999999999967,1.9849999999999997,2.049999999999997,2.1200000000000045,2.1899999999999977,2.2549999999999955,2.3100000000000023,2.3599999999999994,2.4099999999999966,2.1200000000000045,2.049999999999997,2.247,2.2787499999999987,2.2787499999999987,2.4099999999999966,12.699999999999534,15.874999999999417,28.999999999999204,22.875000000000156,21.999999999999886,19.50000000000078
2025-09-01,1.9399999999999975,2.0,2.069999999999993,2.140000000000001,2.2099999999999937,2.2750000000000057,2.3349999999999937,2.385000000000005,2.4350000000000023,2.140000000000001,2.069999999999993,2.2689999999999997,2.3012499999999996,2.3012499999999996,2.4350000000000023,12.899999999999867,16.124999999999858,29.500000000000128,23.12500000000064,22.500000000000853,20.00000000000035
2025-09-02,1.9699999999999989,2.030000000000001,2.094999999999999,2.1650000000000063,2.2349999999999994,2.299999999999997,2.3599999999999994,2.4150000000000063,2.4650000000000034,2.1650000000000063,2.094999999999999,2.2950000000000017,2.3275000000000006,2.3275000000000006,2.4650000000000034,12.999999999999545,16.24999999999943,29.999999999999716,23.25000000000017,23.000000000000398,19.50000000000074
2025-09-03,1.9500000000000028,2.0049999999999955,2.069999999999993,2.135000000000005,2.2049999999999983,2.265000000000001,2.319999999999993,2.3700000000000045,2.4200000000000017,2.135000000000005,2.069999999999993,2.2590000000000003,2.289999999999999,2.289999999999999,2.4200000000000017,12.399999999999523,15.499999999999403,28.49999999999966,22.000000000000597,21.50000000000034,18.500000000000227
2025-09-04,1.9500000000000028,2.0049999999999955,2.0649999999999977,2.1299999999999955,2.194999999999993,2.2549999999999955,2.3100000000000023,2.3599999999999994,2.4099999999999966,2.1299999999999955,2.0649999999999977,2.2499999999999973,2.2799999999999976,2.2799999999999976,2.4099999999999966,12.000000000000188,15.000000000000213,28.000000000000114,21.499999999999986,21.50000000000034,17.99999999999926
2025-09-05,1.9099999999999968,1.9599999999999935,2.015000000000001,2.075000000000003,2.140000000000001,2.200000000000003,2.2549999999999955,2.305000000000007,2.355000000000004,2.075000000000003,2.015000000000001,2.1950000000000016,2.2250000000000014,2.2250000000000014,2.355000000000004,11.999999999999877,14.999999999999858,28.000000000000114,21.000000000000043,21.5000000000003,16.500000000000604
2025-09-08,1.9050000000000007,1.9500000000000028,2.0049999999999955,2.0649999999999977,2.125,2.1850000000000023,2.239999999999995,2.2849999999999966,2.3349999999999937,2.0649999999999977,2.0049999999999955,2.1799999999999984,2.2087499999999984,2.2087499999999984,2.3349999999999937,11.500000000000066,14.375000000000071,26.999999999999602,20.3750000000003,20.999999999999375,15.999999999999703
2025-09-09,1.9300000000000068,1.980000000000004,2.0349999999999966,2.0900000000000034,2.1500000000000057,2.2099999999999937,2.265000000000001,2.3149999999999977,2.3599999999999994,2.0900000000000034,2.0349999999999966,2.2060000000000004,2.2349999999999994,2.2349999999999994,2.3599999999999994,11.5999999999997,14.499999999999602,26.999999999999602,20.000000000000284,20.999999999999375,15.999999999999659
2025-09-10,1.9449999999999927,1.9950000000000043,2.049999999999997,2.105000000000004,2.1599999999999966,2.2150000000000034,2.265000000000001,2.3100000000000023,2.355000000000004,2.105000000000004,2.049999999999997,2.211000000000001,2.2375000000000007,2.2375000000000007,2.355000000000004,10.59999999999972,13.249999999999673,25.0,18.750000000000355,19.50000000000074,16.000000000001123
2025-09-11,1.9849999999999997,2.0349999999999966,2.0849999999999937,2.135000000000005,2.1850000000000023,2.2349999999999994,2.2849999999999966,2.3299999999999983,2.3700000000000045,2.135000000000005,2.0849999999999937,2.2340000000000004,2.258749999999999,2.258749999999999,2.3700000000000045,9.899999999999531,12.374999999999403,23.499999999999943,17.37500000000054,18.500000000000227,15.000000000000547
2025-09-12,2.019999999999996,2.069999999999993,2.125,2.180000000000007,2.2349999999999994,2.2849999999999966,2.3349999999999937,2.3799999999999955,2.424999999999997,2.180000000000007,2.125,2.2829999999999986,2.3087499999999963,2.3087499999999963,2.424999999999997,10.299999999999176,12.874999999998948,24.499999999999034,18.37499999999963,18.999999999999773,16.00000000000108
2025-09-15,2.015000000000001,2.069999999999993,2.1200000000000045,2.1700000000000017,2.2249999999999943,2.2750000000000057,2.319999999999993,2.364999999999995,2.405000000000001,2.1700000000000017,2.1200000000000045,2.270999999999998,2.296249999999997,2.296249999999997,2.405000000000001,10.099999999999643,12.624999999999531,23.499999999999943,17.624999999999247,18.000000000000682,15.50000000000007
2025-09-16,2.010000000000005,2.0649999999999977,2.114999999999995,2.1650000000000063,2.2150000000000034,2.265000000000001,2.3149999999999977,2.3599999999999994,2.405000000000001,2.1650000000000063,2.114999999999995,2.2640000000000016,2.2887500000000003,2.2887500000000003,2.405000000000001,9.899999999999531,12.374999999999403,23.99999999999949,17.37500000000054,18.999999999999773,15.500000000000114
2025-09-17,2.010000000000005,2.0649999999999977,2.1200000000000045,2.1700000000000017,2.219999999999999,2.269999999999996,2.319999999999993,2.364999999999995,2.405000000000001,2.1700000000000017,2.1200000000000045,2.268999999999997,2.2937499999999957,2.2937499999999957,2.405000000000001,9.899999999999531,12.374999999999403,23.499999999999943,17.37499999999912,18.500000000000227,15.999999999999659
2025-09-18,2.0049999999999955,2.0649999999999977,2.125,2.180000000000007,2.2349999999999994,2.2900000000000063,2.3400000000000034,2.390000000000001,2.4350000000000023,2.180000000000007,2.125,2.2870000000000035,2.3137500000000024,2.3137500000000024,2.4350000000000023,10.699999999999665,13.37499999999956,25.499999999999545,18.87500000000024,20.000000000000284,17.500000000001137
2025-09-19,2.019999999999996,2.0799999999999983,2.140000000000001,2.200000000000003,2.260000000000005,2.3149999999999977,2.364999999999995,2.4150000000000063,2.4599999999999937,2.200000000000003,2.140000000000001,2.3110000000000013,2.338750000000001,2.338750000000001,2.4599999999999937,11.099999999999843,13.874999999999815,25.99999999999909,19.875,19.999999999998863,18.000000000000682
2025-09-22,2.010000000000005,2.0649999999999977,2.125,2.1850000000000023,2.2450000000000045,2.299999999999997,2.3499999999999943,2.4000000000000057,2.444999999999993,2.1850000000000023,2.125,2.2960000000000007,2.3237500000000004,2.3237500000000004,2.444999999999993,11.099999999999843,13.874999999999815,25.99999999999909,19.875000000000043,19.999999999998863,17.499999999999716
2025-09-23,2.0250000000000057,2.0849999999999937,2.1500000000000057,2.2099999999999937,2.269999999999996,2.325000000000003,2.375,2.424999999999997,2.469999999999999,2.2099999999999937,2.1500000000000057,2.320999999999998,2.348749999999999,2.348749999999999,2.469999999999999,11.10000000000042,13.875000000000526,26.00000000000051,19.874999999999332,20.000000000000284,18.499999999998806
2025-09-24,2.019999999999996,2.0799999999999983,2.144999999999996,2.2049999999999983,2.265000000000001,2.325000000000003,2.3799999999999955,2.430000000000007,2.4749999999999943,2.2049999999999983,2.144999999999996,2.3210000000000006,2.3500000000000014,2.3500000000000014,2.4749999999999943,11.600000000000232,14.500000000000313,26.999999999999602,20.50000000000054,20.999999999999332,18.500000000000227
2025-09-25,2.049999999999997,2.1099999999999994,2.174999999999997,2.239999999999995,2.305000000000007,2.364999999999995,2.4200000000000017,2.469999999999999,2.515000000000001,2.239999999999995,2.174999999999997,2.3599999999999994,2.3900000000000006,2.3900000000000006,2.515000000000001,12.000000000000455,15.000000000000568,27.50000000000061,21.50000000000034,20.999999999999417,18.999999999999773
2025-09-26,2.0400000000000063,2.0999999999999943,2.1650000000000063,2.230000000000004,2.2950000000000017,2.355000000000004,2.405000000000001,2.4549999999999983,2.4950000000000045,2.230000000000004,2.1650000000000063,2.3480000000000016,2.3775000000000013,2.3775000000000013,2.4950000000000045,11.799999999999766,14.74999999999973,26.500000000000057,21.249999999999503,20.000000000000284,18.999999999999773
2025-09-29,2.0250000000000057,2.0849999999999937,2.144999999999996,2.2049999999999983,2.265000000000001,2.319999999999993,2.3700000000000045,2.4200000000000017,2.4599999999999937,2.2049999999999983,2.144999999999996,2.316,2.34375,2.34375,2.4599999999999937,11.100000000000154,13.87500000000017,25.499999999999545,19.875000000000398,19.499999999999275,17.99999999999926
2025-09-30,2.0250000000000057,2.0849999999999937,2.144999999999996,2.2049999999999983,2.265000000000001,2.319999999999993,2.3700000000000045,2.4150000000000063,2.4549999999999983,2.2049999999999983,2.144999999999996,2.3150000000000004,2.342500000000001,2.342500000000001,2.4549999999999983,11.00000000000021,13.750000000000284,25.0,19.75000000000051,18.99999999999973,17.99999999999926
2025-10-01,2.010000000000005,2.0649999999999977,2.125,2.1850000000000023,2.239999999999995,2.2950000000000017,2.3499999999999943,2.394999999999996,2.4399999999999977,2.1850000000000023,2.125,2.292999999999998,2.3199999999999967,2.3199999999999967,2.4399999999999977,10.799999999999566,13.499999999999446,25.499999999999545,19.499999999999673,20.000000000000284,17.499999999999716
2025-10-02,2.019999999999996,2.075000000000003,2.1299999999999955,2.1899999999999977,2.2450000000000045,2.299999999999997,2.355000000000004,2.4000000000000057,2.444999999999993,2.1899999999999977,2.1299999999999955,2.298000000000002,2.325000000000003,2.325000000000003,2.444999999999993,10.80000000000041,13.500000000000512,25.499999999999545,19.50000000000074,19.999999999998863,17.00000000000017
2025-10-03,2.019999999999996,2.075000000000003,2.1299999999999955,2.1899999999999977,2.2450000000000045,2.299999999999997,2.355000000000004,2.4000000000000057,2.444999999999993,2.1899999999999977,2.1299999999999955,2.298000000000002,2.325000000000003,2.325000000000003,2.444999999999993,10.80000000000041,13.500000000000512,25.499999999999545,19.50000000000074,19.999999999998863,17.00000000000017
2025-10-06,2.010000000000005,2.0649999999999977,2.1200000000000045,2.180000000000007,2.239999999999995,2.299999999999997,2.355000000000004,2.405000000000001,2.450000000000003,2.180000000000007,2.1200000000000045,2.2960000000000007,2.3249999999999993,2.3249999999999993,2.450000000000003,11.599999999999389,14.499999999999247,26.999999999999602,20.499999999999474,21.000000000000796,17.00000000000017
2025-10-07,2.010000000000005,2.0649999999999977,2.125,2.1850000000000023,2.2450000000000045,2.305000000000007,2.3599999999999994,2.4099999999999966,2.4549999999999983,2.1850000000000023,2.125,2.301000000000002,2.330000000000002,2.330000000000002,2.4549999999999983,11.599999999999966,14.499999999999957,26.999999999999602,20.500000000000185,20.999999999999375,17.499999999999716
2025-10-08,1.980000000000004,2.0349999999999966,2.0900000000000034,2.144999999999996,2.2049999999999983,2.260000000000005,2.3149999999999977,2.364999999999995,2.4099999999999966,2.144999999999996,2.0900000000000034,2.2579999999999982,2.286249999999999,2.286249999999999,2.4099999999999966,11.300000000000221,14.125000000000298,26.500000000000057,19.62499999999956,20.49999999999983,16.499999999999204
2025-10-09,1.9899999999999949,2.0450000000000017,2.105000000000004,2.1650000000000063,2.2249999999999943,2.2849999999999966,2.344999999999999,2.4000000000000057,2.444999999999993,2.1650000000000063,2.105000000000004,2.2840000000000003,2.313749999999999,2.313749999999999,2.444999999999993,11.8999999999994,14.874999999999261,27.999999999998693,20.87499999999949,21.999999999999886,17.500000000001137
2025-10-10,1.9549999999999983,2.0049999999999955,2.0600000000000023,2.114999999999995,2.174999999999997,2.230000000000004,2.2849999999999966,2.3349999999999937,2.3799999999999955,2.114999999999995,2.0600000000000023,2.227999999999997,2.256249999999998,2.256249999999998,2.3799999999999955,11.300000000000221,14.125000000000298,26.500000000000057,19.62499999999956,20.49999999999983,15.999999999999659
2025-10-13,1.9300000000000068,1.980000000000004,2.030000000000001,2.0849999999999937,2.144999999999996,2.2049999999999983,2.260000000000005,2.3100000000000023,2.3599999999999994,2.0849999999999937,2.030000000000001,2.200999999999999,2.2300000000000004,2.2300000000000004,2.3599999999999994,11.600000000000543,14.500000000000668,27.50000000000057,19.99999999999993,21.50000000000034,15.499999999998693
2025-10-14,1.9200000000000017,1.9650000000000036,2.015000000000001,2.069999999999993,2.125,2.1850000000000023,2.239999999999995,2.2900000000000063,2.3400000000000034,2.069999999999993,2.015000000000001,2.1819999999999995,2.210000000000001,2.210000000000001,2.3400000000000034,11.200000000000632,14.000000000000767,27.000000000001023,19.499999999999986,21.50000000000034,14.999999999999147
2025-10-15,1.894999999999996,1.9300000000000068,1.9749999999999943,2.0250000000000057,2.0799999999999983,2.135000000000005,2.1899999999999977,2.239999999999995,2.2900000000000063,2.0250000000000057,1.9749999999999943,2.1340000000000003,2.161249999999999,2.161249999999999,2.2900000000000063,10.899999999999466,13.624999999999332,26.500000000000057,18.62500000000047,21.000000000000796,13.000000000000966
2025-10-16,1.894999999999996,1.9300000000000068,1.9749999999999943,2.0250000000000057,2.0799999999999983,2.135000000000005,2.1899999999999977,2.239999999999995,2.2900000000000063,2.0250000000000057,1.9749999999999943,2.1340000000000003,2.161249999999999,2.161249999999999,2.2900000000000063,10.899999999999466,13.624999999999332,26.500000000000057,18.62500000000047,21.000000000000796,13.000000000000966
2025-10-17,1.885000000000005,1.9249999999999967,1.9699999999999989,2.0250000000000057,2.0799999999999983,2.135000000000005,2.1899999999999977,2.239999999999995,2.2900000000000063,2.0250000000000057,1.9699999999999989,2.1340000000000003,2.161249999999999,2.161249999999999,2.2900000000000063,10.899999999999466,13.624999999999332,26.500000000000057,19.125000000000014,21.000000000000796,14.000000000000078
2025-10-20,1.894999999999996,1.9350000000000025,1.9849999999999997,2.0349999999999966,2.0900000000000034,2.1500000000000057,2.2049999999999983,2.2549999999999955,2.299999999999997,2.0349999999999966,1.9849999999999997,2.147,2.1750000000000007,2.1750000000000007,2.299999999999997,11.20000000000032,14.000000000000412,26.500000000000057,19.000000000000107,20.999999999999375,14.000000000000057
2025-10-21,1.885000000000005,1.9249999999999967,1.9699999999999989,2.019999999999996,2.075000000000003,2.1299999999999955,2.1850000000000023,2.2349999999999994,2.280000000000001,2.019999999999996,1.9699999999999989,2.128999999999999,2.15625,2.15625,2.280000000000001,10.90000000000031,13.625000000000398,26.00000000000051,18.625000000000114,20.49999999999983,13.499999999999112
2025-10-22,1.894999999999996,1.9350000000000025,1.980000000000004,2.030000000000001,2.0849999999999937,2.140000000000001,2.194999999999993,2.2450000000000045,2.2900000000000063,2.030000000000001,1.980000000000004,2.1389999999999985,2.166249999999998,2.166249999999998,2.2900000000000063,10.899999999999732,13.624999999999687,26.00000000000051,18.624999999999403,20.50000000000125,13.500000000000512
2025-10-23,1.9099999999999968,1.9500000000000028,1.9950000000000043,2.0450000000000017,2.0999999999999943,2.155000000000001,2.2099999999999937,2.260000000000005,2.305000000000007,2.0450000000000017,1.9950000000000043,2.153999999999999,2.1812499999999986,2.1812499999999986,2.305000000000007,10.899999999999732,13.624999999999687,26.00000000000051,18.624999999999424,20.50000000000125,13.50000000000049
2025-10-24,1.9549999999999983,2.0,2.049999999999997,2.0999999999999943,2.155000000000001,2.2150000000000034,2.269999999999996,2.319999999999993,2.364999999999995,2.0999999999999943,2.049999999999997,2.2119999999999975,2.2399999999999984,2.2399999999999984,2.364999999999995,11.20000000000032,14.000000000000412,26.500000000000057,19.000000000000128,20.999999999999375,14.499999999999602
2025-10-27,1.9599999999999935,2.0049999999999955,2.055000000000007,2.105000000000004,2.155000000000001,2.2099999999999937,2.260000000000005,2.305000000000007,2.3499999999999943,2.105000000000004,2.055000000000007,2.207000000000002,2.2325000000000017,2.2325000000000017,2.3499999999999943,10.19999999999981,12.749999999999773,24.499999999999034,17.74999999999949,19.499999999999318,14.500000000001044
2025-10-28,1.9599999999999935,2.0049999999999955,2.055000000000007,2.105000000000004,2.155000000000001,2.2099999999999937,2.260000000000005,2.3100000000000023,2.355000000000004,2.105000000000004,2.055000000000007,2.208000000000001,2.2337500000000006,2.2337500000000006,2.355000000000004,10.29999999999971,12.874999999999659,25.0,17.874999999999375,20.000000000000284,14.500000000001044
2025-10-29,1.9549999999999983,1.9950000000000043,2.0450000000000017,2.0999999999999943,2.155000000000001,2.2099999999999937,2.265000000000001,2.3149999999999977,2.3599999999999994,2.0999999999999943,2.0450000000000017,2.2089999999999974,2.2362499999999983,2.2362499999999983,2.3599999999999994,10.90000000000031,13.625000000000398,26.00000000000051,19.12499999999966,20.49999999999983,14.499999999999602
2025-10-30,1.980000000000004,2.0250000000000057,2.075000000000003,2.1299999999999955,2.1850000000000023,2.239999999999995,2.2900000000000063,2.3349999999999937,2.3799999999999955,2.1299999999999955,2.075000000000003,2.2359999999999984,2.2624999999999993,2.2624999999999993,2.3799999999999955,10.600000000000298,13.250000000000384,25.0,18.749999999999645,19.499999999999318,14.999999999999147
2025-10-31,1.9599999999999935,2.0049999999999955,2.055000000000007,2.1099999999999994,2.1650000000000063,2.219999999999999,2.269999999999996,2.319999999999993,2.364999999999995,2.1099999999999994,2.055000000000007,2.2169999999999987,2.2437499999999986,2.2437499999999986,2.364999999999995,10.699999999999932,13.374999999999915,25.499999999999545,18.874999999999176,19.999999999998863,15.00000000000059
2025-11-03,1.9899999999999949,2.0349999999999966,2.0900000000000034,2.144999999999996,2.200000000000003,2.2549999999999955,2.305000000000007,2.355000000000004,2.4000000000000057,2.144999999999996,2.0900000000000034,2.252000000000001,2.2787500000000023,2.2787500000000023,2.4000000000000057,10.700000000000509,13.375000000000625,25.500000000000966,18.874999999999886,20.000000000000284,15.500000000000114
2025-11-04,1.980000000000004,2.0250000000000057,2.075000000000003,2.1299999999999955,2.1850000000000023,2.239999999999995,2.2900000000000063,2.3400000000000034,2.385000000000005,2.1299999999999955,2.075000000000003,2.2370000000000005,2.2637500000000017,2.2637500000000017,2.385000000000005,10.700000000000509,13.375000000000625,25.500000000000966,18.874999999999886,20.000000000000284,14.999999999999147
2025-11-05,1.9899999999999949,2.0349999999999966,2.0900000000000034,2.144999999999996,2.200000000000003,2.2549999999999955,2.3100000000000023,2.3599999999999994,2.405000000000001,2.144999999999996,2.0900000000000034,2.253999999999999,2.28125,2.28125,2.405000000000001,10.90000000000031,13.625000000000398,26.00000000000051,19.12499999999966,20.49999999999983,15.500000000000114
2025-11-06,1.9849999999999997,2.030000000000001,2.0799999999999983,2.1299999999999955,2.1850000000000023,2.239999999999995,2.2950000000000017,2.344999999999999,2.390000000000001,2.1299999999999955,2.0799999999999983,2.2389999999999985,2.2662499999999994,2.2662499999999994,2.390000000000001,10.90000000000031,13.625000000000398,26.000000000000554,18.625000000000114,20.499999999999872,14.49999999999958
2025-11-07,1.9749999999999943,2.019999999999996,2.075000000000003,2.1299999999999955,2.1850000000000023,2.2450000000000045,2.299999999999997,2.355000000000004,2.405000000000001,2.1299999999999955,2.075000000000003,2.2430000000000008,2.271250000000002,2.271250000000002,2.405000000000001,11.300000000000532,14.125000000000654,27.50000000000057,19.624999999999915,21.999999999999886,15.500000000000114
2025-11-10,1.9899999999999949,2.030000000000001,2.0799999999999983,2.1299999999999955,2.1850000000000023,2.2450000000000045,2.299999999999997,2.3499999999999943,2.4000000000000057,2.1299999999999955,2.0799999999999983,2.2419999999999987,2.2699999999999996,2.2699999999999996,2.4000000000000057,11.20000000000032,14.000000000000412,27.000000000001023,19.000000000000128,21.50000000000034,14.000000000000057
2025-11-11,1.9849999999999997,2.0250000000000057,2.075000000000003,2.125,2.174999999999997,2.230000000000004,2.2849999999999966,2.3349999999999937,2.385000000000005,2.125,2.075000000000003,2.229999999999998,2.256249999999998,2.256249999999998,2.385000000000005,10.49999999999982,13.124999999999787,26.00000000000051,18.124999999999503,21.000000000000796,14.000000000000036
2025-11-12,1.9899999999999949,2.030000000000001,2.0799999999999983,2.1299999999999955,2.180000000000007,2.2349999999999994,2.2849999999999966,2.3349999999999937,2.385000000000005,2.1299999999999955,2.0799999999999983,2.2329999999999983,2.258749999999999,2.258749999999999,2.385000000000005,10.300000000000287,12.87500000000037,25.500000000000966,17.875000000000085,20.49999999999983,14.000000000000057
2025-11-13,2.019999999999996,2.0649999999999977,2.114999999999995,2.1650000000000063,2.219999999999999,2.2750000000000057,2.3299999999999983,2.3799999999999955,2.424999999999997,2.1650000000000063,2.114999999999995,2.274000000000001,2.3012499999999996,2.3012499999999996,2.424999999999997,10.899999999999466,13.624999999999332,25.99999999999909,18.62500000000047,20.49999999999983,14.500000000001023
2025-11-14,2.0349999999999966,2.0799999999999983,2.135000000000005,2.1899999999999977,2.2450000000000045,2.305000000000007,2.3599999999999994,2.4099999999999966,2.4549999999999983,2.1899999999999977,2.135000000000005,2.302000000000001,2.330000000000002,2.330000000000002,2.4549999999999983,11.20000000000032,14.000000000000412,26.500000000000057,19.499999999999673,20.999999999999375,15.500000000000114
2025-11-17,2.049999999999997,2.094999999999999,2.144999999999996,2.200000000000003,2.2549999999999955,2.3149999999999977,2.3700000000000045,2.4150000000000063,2.4599999999999937,2.200000000000003,2.144999999999996,2.3110000000000013,2.338750000000001,2.338750000000001,2.4599999999999937,11.099999999999843,13.874999999999815,25.99999999999909,19.375000000000497,20.49999999999983,15.000000000000568
2025-11-18,2.019999999999996,2.069999999999993,2.125,2.180000000000007,2.2349999999999994,2.2950000000000017,2.355000000000004,2.405000000000001,2.450000000000003,2.180000000000007,2.125,2.2940000000000027,2.3225000000000016,2.3225000000000016,2.450000000000003,11.399999999999588,14.249999999999474,26.999999999999602,19.750000000000156,21.50000000000034,16.00000000000108
2025-11-19,2.015000000000001,2.0649999999999977,2.1200000000000045,2.174999999999997,2.2349999999999994,2.2950000000000017,2.355000000000004,2.4099999999999966,2.4599999999999937,2.174999999999997,2.1200000000000045,2.2939999999999996,2.3237500000000004,2.3237500000000004,2.4599999999999937,11.900000000000244,14.875000000000327,28.49999999999966,20.374999999999588,22.49999999999943,15.999999999999615
2025-11-20,2.010000000000005,2.055000000000007,2.1099999999999994,2.1650000000000063,2.2249999999999943,2.2900000000000063,2.3499999999999943,2.405000000000001,2.4549999999999983,2.1650000000000063,2.1099999999999994,2.2870000000000004,2.317499999999999,2.317499999999999,2.4549999999999983,12.199999999999411,15.249999999999275,28.999999999999204,20.749999999999957,23.000000000000398,15.500000000000114
2025-11-21,1.9849999999999997,2.030000000000001,2.0849999999999937,2.140000000000001,2.194999999999993,2.260000000000005,2.319999999999993,2.375,2.424999999999997,2.140000000000001,2.0849999999999937,2.2579999999999982,2.287499999999998,2.287499999999998,2.424999999999997,11.799999999999722,14.749999999999686,28.499999999999616,20.250000000000412,23.000000000000398,15.500000000000135
2025-11-24,1.9950000000000043,2.0400000000000063,2.094999999999999,2.1500000000000057,2.2049999999999983,2.269999999999996,2.3299999999999983,2.385000000000005,2.4350000000000023,2.1500000000000057,2.094999999999999,2.2680000000000007,2.2974999999999994,2.2974999999999994,2.4350000000000023,11.7999999999995,14.749999999999375,28.49999999999966,20.250000000000057,23.000000000000398,15.500000000000135
2025-11-25,1.9950000000000043,2.0400000000000063,2.0900000000000034,2.140000000000001,2.194999999999993,2.2549999999999955,2.3100000000000023,2.364999999999995,2.4099999999999966,2.140000000000001,2.0900000000000034,2.2529999999999974,2.2812499999999964,2.2812499999999964,2.4099999999999966,11.299999999999644,14.124999999999543,26.99999999999956,19.124999999999304,21.50000000000034,14.49999999999967
2025-11-26,2.0,2.0400000000000063,2.0900000000000034,2.140000000000001,2.194999999999993,2.2549999999999955,2.3100000000000023,2.3599999999999994,2.405000000000001,2.140000000000001,2.0900000000000034,2.251999999999998,2.2799999999999976,2.2799999999999976,2.405000000000001,11.199999999999699,13.999999999999657,26.500000000000014,18.999999999999417,21.000000000000796,14.000000000000101
2025-11-27,2.0049999999999955,2.0450000000000017,2.094999999999999,2.144999999999996,2.194999999999993,2.2549999999999955,2.3100000000000023,2.364999999999995,2.4099999999999966,2.144999999999996,2.094999999999999,2.2539999999999965,2.2812499999999964,2.2812499999999964,2.4099999999999966,10.900000000000043,13.625000000000043,26.500000000000057,18.62499999999976,21.50000000000034,14.000000000000057
2025-11-28,2.015000000000001,2.055000000000007,2.105000000000004,2.155000000000001,2.2099999999999937,2.269999999999996,2.325000000000003,2.3799999999999955,2.424999999999997,2.155000000000001,2.105000000000004,2.267999999999998,2.296249999999997,2.296249999999997,2.424999999999997,11.299999999999688,14.124999999999588,26.999999999999602,19.124999999999304,21.50000000000034,14.000000000000012
2025-12-01,2.0400000000000063,2.0849999999999937,2.135000000000005,2.1899999999999977,2.2450000000000045,2.305000000000007,2.364999999999995,2.4200000000000017,2.469999999999999,2.1899999999999977,2.135000000000005,2.305000000000001,2.333750000000002,2.333750000000002,2.469999999999999,11.500000000000332,14.375000000000426,28.000000000000114,19.874999999999687,22.49999999999943,14.999999999999147
2025-12-02,2.0250000000000057,2.075000000000003,2.1299999999999955,2.1850000000000023,2.239999999999995,2.305000000000007,2.364999999999995,2.4200000000000017,2.469999999999999,2.1850000000000023,2.1299999999999955,2.303,2.3324999999999996,2.3324999999999996,2.469999999999999,11.799999999999766,14.74999999999973,28.49999999999966,20.250000000000412,23.000000000000398,15.999999999999659
2025-12-03,2.0250000000000057,2.075000000000003,2.125,2.180000000000007,2.2349999999999994,2.299999999999997,2.3599999999999994,2.4150000000000063,2.4650000000000034,2.180000000000007,2.125,2.298000000000002,2.3275000000000006,2.3275000000000006,2.4650000000000034,11.7999999999995,14.749999999999375,28.49999999999966,20.250000000000057,23.000000000000398,15.500000000000114
2025-12-04,2.0400000000000063,2.0900000000000034,2.144999999999996,2.200000000000003,2.260000000000005,2.319999999999993,2.3799999999999955,2.4350000000000023,2.4849999999999994,2.200000000000003,2.144999999999996,2.319,2.348749999999999,2.348749999999999,2.4849999999999994,11.89999999999971,14.874999999999616,28.49999999999966,20.3750000000003,22.49999999999943,15.999999999999659
2025-12-05,2.069999999999993,2.125,2.1850000000000023,2.2450000000000045,2.305000000000007,2.364999999999995,2.424999999999997,2.480000000000004,2.530000000000001,2.2450000000000045,2.1850000000000023,2.3640000000000017,2.3937500000000007,2.3937500000000007,2.530000000000001,11.89999999999971,14.874999999999616,28.49999999999966,20.874999999999844,22.49999999999943,17.500000000001137
2025-12-08,2.1650000000000063,2.239999999999995,2.3100000000000023,2.375,2.4399999999999977,2.5049999999999955,2.5649999999999977,2.6200000000000045,2.6650000000000063,2.375,2.3100000000000023,2.500999999999999,2.532499999999999,2.532499999999999,2.6650000000000063,12.5999999999999,15.749999999999886,29.000000000000625,22.24999999999966,22.500000000000853,20.999999999999375
2025-12-09,2.144999999999996,2.2150000000000034,2.2849999999999966,2.3499999999999943,2.4099999999999966,2.4749999999999943,2.5349999999999966,2.5849999999999937,2.6299999999999955,2.3499999999999943,2.2849999999999966,2.470999999999995,2.5012499999999953,2.5012499999999953,2.6299999999999955,12.100000000000088,15.1250000000001,28.000000000000114,21.624999999999872,21.999999999999886,20.49999999999983
2025-12-10,2.174999999999997,2.25,2.3149999999999977,2.3799999999999955,2.4399999999999977,2.5,2.555000000000007,2.605000000000004,2.644999999999996,2.3799999999999955,2.3149999999999977,2.496000000000001,2.525000000000002,2.525000000000002,2.644999999999996,11.600000000000543,14.500000000000668,26.500000000000057,21.00000000000044,20.49999999999983,20.49999999999983
2025-12-11,2.1599999999999966,2.230000000000004,2.2950000000000017,2.3599999999999994,2.4200000000000017,2.480000000000004,2.5349999999999966,2.5849999999999937,2.625,2.3599999999999994,2.2950000000000017,2.475999999999999,2.504999999999999,2.504999999999999,2.625,11.599999999999966,14.499999999999957,26.500000000000057,20.99999999999973,20.49999999999983,20.000000000000284
2025-12-12,2.144999999999996,2.219999999999999,2.2900000000000063,2.355000000000004,2.4150000000000063,2.480000000000004,2.5400000000000063,2.594999999999999,2.640000000000001,2.355000000000004,2.2900000000000063,2.477000000000004,2.507500000000004,2.507500000000004,2.640000000000001,12.199999999999989,15.249999999999986,28.4999999999997,21.74999999999976,22.499999999999474,21.000000000000796
2025-12-15,2.140000000000001,2.2099999999999937,2.280000000000001,2.3499999999999943,2.4150000000000063,2.4749999999999943,2.5349999999999966,2.5900000000000034,2.640000000000001,2.3499999999999943,2.280000000000001,2.472999999999999,2.50375,2.50375,2.640000000000001,12.300000000000466,15.375000000000583,29.000000000000668,22.3749999999999,22.499999999999474,20.999999999999332
2025-12-16,2.1299999999999955,2.200000000000003,2.269999999999996,2.3400000000000034,2.405000000000001,2.469999999999999,2.5349999999999966,2.5900000000000034,2.640000000000001,2.3400000000000034,2.269999999999996,2.468000000000001,2.5,2.5,2.640000000000001,12.799999999999745,15.999999999999659,29.99999999999976,23.000000000000398,23.499999999999986,21.000000000000796
2025-12-17,2.1299999999999955,2.200000000000003,2.269999999999996,2.3400000000000034,2.4099999999999966,2.480000000000004,2.5450000000000017,2.5999999999999943,2.6500000000000057,2.3400000000000034,2.269999999999996,2.475,2.508749999999999,2.508749999999999,2.6500000000000057,13.499999999999668,16.874999999999574,31.000000000000227,23.875000000000313,24.00000000000091,21.000000000000796
2025-12-18,2.1299999999999955,2.194999999999993,2.260000000000005,2.325000000000003,2.390000000000001,2.4549999999999983,2.515000000000001,2.569999999999993,2.6200000000000045,2.325000000000003,2.260000000000005,2.450999999999999,2.482499999999998,2.482499999999998,2.6200000000000045,12.599999999999634,15.749999999999531,29.50000000000017,22.249999999999304,23.000000000000355,19.50000000000074
2025-12-19,2.144999999999996,2.2150000000000034,2.2849999999999966,2.3499999999999943,2.4150000000000063,2.4749999999999943,2.5349999999999966,2.5900000000000034,2.640000000000001,2.3499999999999943,2.2849999999999966,2.472999999999999,2.50375,2.50375,2.640000000000001,12.300000000000466,15.375000000000583,29.000000000000668,21.875000000000355,22.499999999999474,20.49999999999983
2025-12-22,2.1500000000000057,2.2249999999999943,2.299999999999997,2.3700000000000045,2.4399999999999977,2.5049999999999955,2.5649999999999977,2.625,2.674999999999997,2.3700000000000045,2.299999999999997,2.500999999999999,2.5337499999999977,2.5337499999999977,2.674999999999997,13.099999999999445,16.374999999999318,30.49999999999926,23.375000000000057,23.499999999999943,21.999999999999886
2025-12-23,2.135000000000005,2.2049999999999983,2.2750000000000057,2.344999999999999,2.4099999999999966,2.4749999999999943,2.5400000000000063,2.594999999999999,2.644999999999996,2.344999999999999,2.2750000000000057,2.472999999999999,2.504999999999999,2.504999999999999,2.644999999999996,12.800000000000011,16.000000000000014,29.999999999999716,22.999999999999332,23.499999999999943,20.999999999999375
2025-12-24,2.135000000000005,2.200000000000003,2.269999999999996,2.3349999999999937,2.4000000000000057,2.4599999999999937,2.519999999999996,2.5799999999999983,2.6299999999999955,2.3349999999999937,2.269999999999996,2.4589999999999974,2.4899999999999984,2.4899999999999984,2.6299999999999955,12.400000000000366,15.500000000000469,29.50000000000017,22.00000000000024,22.999999999998977,19.999999999998863
2025-12-29,2.105000000000004,2.1700000000000017,2.2349999999999994,2.299999999999997,2.364999999999995,2.430000000000007,2.489999999999995,2.549999999999997,2.605000000000004,2.299999999999997,2.2349999999999994,2.4269999999999983,2.4587499999999984,2.4587499999999984,2.605000000000004,12.700000000000111,15.875000000000128,30.500000000000682,22.3749999999999,24.00000000000091,19.499999999999318
2025-12-30,2.105000000000004,2.1700000000000017,2.239999999999995,2.3100000000000023,2.375,2.4399999999999977,2.5049999999999955,2.5649999999999977,2.614999999999995,2.3100000000000023,2.239999999999995,2.4389999999999987,2.4712499999999977,2.4712499999999977,2.614999999999995,12.899999999999645,16.124999999999545,30.49999999999926,23.125000000000284,23.99999999999949,20.49999999999983
2025-12-31,2.105000000000004,2.1700000000000017,2.239999999999995,2.3100000000000023,2.375,2.4399999999999977,2.5049999999999955,2.5649999999999977,2.614999999999995,2.3100000000000023,2.239999999999995,2.4389999999999987,2.4712499999999977,2.4712499999999977,2.614999999999995,12.899999999999645,16.124999999999545,30.49999999999926,23.125000000000284,23.99999999999949,20.49999999999983
2026-01-02,2.114999999999995,2.1850000000000023,2.2549999999999955,2.325000000000003,2.394999999999996,2.4599999999999937,2.5250000000000057,2.5900000000000034,2.644999999999996,2.325000000000003,2.2549999999999955,2.4590000000000005,2.4924999999999997,2.4924999999999997,2.644999999999996,13.399999999999768,16.749999999999687,31.999999999999318,23.750000000000426,25.0,21.000000000000796
2026-01-05,2.1099999999999994,2.174999999999997,2.2450000000000045,2.3100000000000023,2.375,2.4399999999999977,2.5,2.5600000000000023,2.614999999999995,2.3100000000000023,2.2450000000000045,2.4370000000000003,2.46875,2.46875,2.614999999999995,12.6999999999998,15.874999999999773,30.49999999999926,22.374999999999545,23.99999999999949,20.000000000000284
2026-01-06,2.075000000000003,2.135000000000005,2.2049999999999983,2.2750000000000057,2.3400000000000034,2.4099999999999966,2.4749999999999943,2.5349999999999966,2.5900000000000034,2.2750000000000057,2.2049999999999983,2.406999999999999,2.4399999999999977,2.4399999999999977,2.5900000000000034,13.199999999999346,16.499999999999204,31.499999999999773,23.499999999999943,25.0,20.000000000000284
2026-01-07,2.049999999999997,2.105000000000004,2.1700000000000017,2.2349999999999994,2.299999999999997,2.364999999999995,2.424999999999997,2.480000000000004,2.5349999999999966,2.2349999999999994,2.1700000000000017,2.3609999999999984,2.3924999999999983,2.3924999999999983,2.5349999999999966,12.5999999999999,15.749999999999886,29.999999999999716,22.24999999999966,23.499999999999943,18.500000000000227
2026-01-08,2.0649999999999977,2.125,2.1899999999999977,2.260000000000005,2.325000000000003,2.385000000000005,2.444999999999993,2.5049999999999955,2.5600000000000023,2.260000000000005,2.1899999999999977,2.3840000000000003,2.414999999999999,2.414999999999999,2.5600000000000023,12.399999999999523,15.499999999999403,29.999999999999716,22.500000000000142,23.499999999999943,19.50000000000074
2026-01-09,2.069999999999993,2.1299999999999955,2.194999999999993,2.260000000000005,2.325000000000003,2.390000000000001,2.450000000000003,2.5049999999999955,2.5600000000000023,2.260000000000005,2.194999999999993,2.3860000000000015,2.4175000000000004,2.4175000000000004,2.5600000000000023,12.599999999999634,15.749999999999531,29.999999999999716,22.250000000000725,23.499999999999943,19.000000000001194
2026-01-12,2.0649999999999977,2.1200000000000045,2.1850000000000023,2.25,2.3100000000000023,2.3700000000000045,2.430000000000007,2.4849999999999994,2.5349999999999966,2.25,2.1850000000000023,2.3690000000000024,2.3987500000000033,2.3987500000000033,2.5349999999999966,11.900000000000244,14.875000000000327,28.49999999999966,21.3750000000001,22.49999999999943,18.500000000000227
2026-01-13,2.0600000000000023,2.1200000000000045,2.180000000000007,2.2450000000000045,2.3100000000000023,2.3700000000000045,2.430000000000007,2.4849999999999994,2.5400000000000063,2.2450000000000045,2.180000000000007,2.3680000000000034,2.3987500000000033,2.3987500000000033,2.5400000000000063,12.299999999999889,15.374999999999872,29.50000000000017,21.874999999999645,23.000000000000398,18.500000000000227
2026-01-14,2.049999999999997,2.105000000000004,2.1650000000000063,2.230000000000004,2.2900000000000063,2.3499999999999943,2.405000000000001,2.4599999999999937,2.515000000000001,2.230000000000004,2.1650000000000063,2.347,2.376249999999999,2.376249999999999,2.515000000000001,11.6999999999996,14.624999999999488,28.4999999999997,21.12499999999926,22.499999999999474,18.000000000000682
2026-01-15,2.075000000000003,2.1299999999999955,2.194999999999993,2.2549999999999955,2.3149999999999977,2.375,2.430000000000007,2.480000000000004,2.530000000000001,2.2549999999999955,2.194999999999993,2.371000000000001,2.400000000000002,2.400000000000002,2.530000000000001,11.600000000000543,14.500000000000668,27.50000000000057,20.500000000000895,21.50000000000034,17.99999999999926
2026-01-16,2.0900000000000034,2.1500000000000057,2.219999999999999,2.2849999999999966,2.344999999999999,2.405000000000001,2.4599999999999937,2.515000000000001,2.5649999999999977,2.2849999999999966,2.219999999999999,2.4019999999999984,2.4312499999999986,2.4312499999999986,2.5649999999999977,11.700000000000177,14.625000000000199,28.000000000000114,21.12499999999997,21.999999999999886,19.499999999999318
2026-01-19,2.055000000000007,2.114999999999995,2.1850000000000023,2.25,2.319999999999993,2.3799999999999955,2.4399999999999977,2.5,2.549999999999997,2.25,2.1850000000000023,2.3779999999999974,2.4099999999999966,2.4099999999999966,2.549999999999997,12.799999999999745,15.999999999999659,29.999999999999716,22.49999999999943,23.000000000000398,19.499999999999318
2026-01-20,2.0400000000000063,2.0999999999999943,2.1700000000000017,2.239999999999995,2.3100000000000023,2.375,2.4399999999999977,2.5,2.555000000000007,2.239999999999995,2.1700000000000017,2.372999999999999,2.40625,2.40625,2.555000000000007,13.3000000000004,16.62500000000051,31.500000000001194,23.62499999999983,24.500000000000455,19.999999999998863
2026-01-21,2.055000000000007,2.1200000000000045,2.1899999999999977,2.265000000000001,2.3349999999999937,2.4000000000000057,2.4599999999999937,2.519999999999996,2.575000000000003,2.265000000000001,2.1899999999999977,2.395999999999998,2.4287499999999973,2.4287499999999973,2.575000000000003,13.099999999999712,16.37499999999963,31.000000000000185,23.874999999999957,24.00000000000091,20.999999999999417
2026-01-22,2.075000000000003,2.140000000000001,2.2099999999999937,2.2849999999999966,2.355000000000004,2.4200000000000017,2.480000000000004,2.5349999999999966,2.5900000000000034,2.2849999999999966,2.2099999999999937,2.4150000000000005,2.4475000000000016,2.4475000000000016,2.5900000000000034,13.000000000000389,16.250000000000497,30.500000000000682,23.75000000000078,23.499999999999943,20.999999999999375
2026-01-23,2.094999999999999,2.1650000000000063,2.239999999999995,2.3149999999999977,2.3799999999999955,2.4399999999999977,2.5,2.555000000000007,2.605000000000004,2.3149999999999977,2.239999999999995,2.4379999999999997,2.46875,2.46875,2.605000000000004,12.3000000000002,15.375000000000227,29.000000000000625,22.87500000000051,22.500000000000853,21.999999999999886
2026-01-26,2.075000000000003,2.140000000000001,2.2099999999999937,2.280000000000001,2.344999999999999,2.405000000000001,2.4650000000000034,2.519999999999996,2.569999999999993,2.280000000000001,2.2099999999999937,2.403,2.43375,2.43375,2.569999999999993,12.299999999999889,15.374999999999872,28.999999999999204,22.37500000000061,22.49999999999943,20.49999999999983
2026-01-27,2.0600000000000023,2.125,2.194999999999993,2.265000000000001,2.3299999999999983,2.394999999999996,2.4549999999999983,2.510000000000005,2.5600000000000023,2.265000000000001,2.194999999999993,2.3909999999999996,2.4224999999999994,2.4224999999999994,2.5600000000000023,12.599999999999856,15.749999999999842,29.500000000000128,22.750000000000625,23.000000000000398,20.499999999999872
2026-01-28,2.030000000000001,2.0900000000000034,2.1599999999999966,2.230000000000004,2.299999999999997,2.364999999999995,2.424999999999997,2.480000000000004,2.5349999999999966,2.230000000000004,2.1599999999999966,2.3599999999999994,2.3924999999999983,2.3924999999999983,2.5349999999999966,12.999999999999545,16.24999999999943,30.49999999999926,23.25000000000017,23.499999999999943,20.000000000000284
2026-01-29,2.010000000000005,2.0649999999999977,2.1299999999999955,2.194999999999993,2.2549999999999955,2.3149999999999977,2.375,2.4350000000000023,2.489999999999995,2.194999999999993,2.1299999999999955,2.3149999999999977,2.344999999999999,2.344999999999999,2.489999999999995,12.000000000000455,15.000000000000568,29.50000000000017,21.50000000000034,23.499999999999943,18.499999999998806
2026-01-30,2.0250000000000057,2.0799999999999983,2.144999999999996,2.2099999999999937,2.2750000000000057,2.3349999999999937,2.394999999999996,2.4549999999999983,2.510000000000005,2.2099999999999937,2.144999999999996,2.3339999999999974,2.3649999999999984,2.3649999999999984,2.510000000000005,12.400000000000366,15.500000000000469,30.000000000001137,22.00000000000024,23.499999999999943,18.499999999998806
2026-02-02,2.049999999999997,2.1099999999999994,2.174999999999997,2.239999999999995,2.305000000000007,2.364999999999995,2.424999999999997,2.480000000000004,2.5349999999999966,2.239999999999995,2.174999999999997,2.3629999999999995,2.3937500000000007,2.3937500000000007,2.5349999999999966,12.300000000000466,15.375000000000583,29.50000000000017,21.875000000000355,22.999999999998977,18.999999999999773
2026-02-03,2.0600000000000023,2.1200000000000045,2.1850000000000023,2.2549999999999955,2.319999999999993,2.385000000000005,2.444999999999993,2.5,2.555000000000007,2.2549999999999955,2.1850000000000023,2.3809999999999976,2.412499999999998,2.412499999999998,2.555000000000007,12.600000000000211,15.750000000000242,30.000000000001137,22.74999999999956,23.500000000001364,19.499999999999318
2026-02-04,2.0349999999999966,2.094999999999999,2.1599999999999966,2.2249999999999943,2.2900000000000063,2.3499999999999943,2.4099999999999966,2.469999999999999,2.5250000000000057,2.2249999999999943,2.1599999999999966,2.348999999999998,2.379999999999999,2.379999999999999,2.5250000000000057,12.400000000000366,15.500000000000469,30.000000000001137,22.00000000000024,23.499999999999943,18.999999999999773
2026-02-05,2.0250000000000057,2.0799999999999983,2.144999999999996,2.2099999999999937,2.2750000000000057,2.3349999999999937,2.394999999999996,2.450000000000003,2.5049999999999955,2.2099999999999937,2.144999999999996,2.3329999999999984,2.3637499999999996,2.3637499999999996,2.5049999999999955,12.300000000000466,15.375000000000583,29.50000000000017,21.875000000000355,22.999999999998977,18.499999999998806
2026-02-06,2.0250000000000057,2.075000000000003,2.135000000000005,2.200000000000003,2.265000000000001,2.325000000000003,2.385000000000005,2.4399999999999977,2.4950000000000045,2.200000000000003,2.135000000000005,2.3230000000000017,2.3537500000000016,2.3537500000000016,2.4950000000000045,12.299999999999889,15.374999999999872,29.50000000000017,21.874999999999645,23.000000000000355,17.499999999999716
2026-02-09,2.0049999999999955,2.049999999999997,2.1099999999999994,2.174999999999997,2.2349999999999994,2.2950000000000017,2.355000000000004,2.4150000000000063,2.469999999999999,2.174999999999997,2.1099999999999994,2.2950000000000017,2.325000000000003,2.325000000000003,2.469999999999999,12.000000000000455,15.000000000000568,29.50000000000017,21.50000000000034,23.499999999999943,17.00000000000017
2026-02-10,2.0,2.0450000000000017,2.0999999999999943,2.1599999999999966,2.219999999999999,2.280000000000001,2.3400000000000034,2.394999999999996,2.450000000000003,2.1599999999999966,2.0999999999999943,2.278999999999999,2.30875,2.30875,2.450000000000003,11.900000000000244,14.875000000000327,29.000000000000625,20.875000000000554,23.000000000000398,15.999999999999659
2026-02-11,2.0049999999999955,2.049999999999997,2.105000000000004,2.1700000000000017,2.230000000000004,2.2900000000000063,2.344999999999999,2.4000000000000057,2.4549999999999983,2.1700000000000017,2.105000000000004,2.2870000000000035,2.3162500000000037,2.3162500000000037,2.4549999999999983,11.700000000000177,14.625000000000199,28.49999999999966,21.12499999999997,22.49999999999943,16.500000000000625
2026-02-12,2.0,2.0400000000000063,2.0900000000000034,2.144999999999996,2.2049999999999983,2.265000000000001,2.319999999999993,2.375,2.430000000000007,2.144999999999996,2.0900000000000034,2.261999999999998,2.291249999999998,2.291249999999998,2.430000000000007,11.700000000000177,14.625000000000199,28.50000000000108,20.12499999999946,22.500000000000853,14.499999999999602
2026-02-13,1.9749999999999943,2.010000000000005,2.0600000000000023,2.114999999999995,2.1700000000000017,2.230000000000004,2.2849999999999966,2.3400000000000034,2.390000000000001,2.114999999999995,2.0600000000000023,2.228,2.2562500000000014,2.2562500000000014,2.390000000000001,11.300000000000532,14.125000000000654,27.50000000000061,19.624999999999915,21.99999999999993,14.000000000000057
2026-02-16,1.980000000000004,2.015000000000001,2.0600000000000023,2.1099999999999994,2.1650000000000063,2.2249999999999943,2.280000000000001,2.3349999999999937,2.385000000000005,2.1099999999999994,2.0600000000000023,2.222999999999999,2.251249999999999,2.251249999999999,2.385000000000005,11.299999999999955,14.124999999999943,27.50000000000057,19.12499999999966,21.999999999999886,12.999999999999545
2026-02-17,1.9749999999999943,2.0049999999999955,2.049999999999997,2.105000000000004,2.1599999999999966,2.2150000000000034,2.269999999999996,2.325000000000003,2.375,2.105000000000004,2.049999999999997,2.2150000000000007,2.2424999999999997,2.2424999999999997,2.375,10.999999999999677,13.749999999999574,26.999999999999602,19.250000000000256,21.50000000000034,13.000000000000966
2026-02-18,1.9899999999999949,2.019999999999996,2.0649999999999977,2.1200000000000045,2.174999999999997,2.230000000000004,2.2849999999999966,2.3349999999999937,2.385000000000005,2.1200000000000045,2.0649999999999977,2.228999999999999,2.256249999999998,2.256249999999998,2.385000000000005,10.899999999999466,13.624999999999332,26.500000000000057,19.125000000000014,21.000000000000796,13.000000000000966
2026-02-19,1.9950000000000043,2.030000000000001,2.075000000000003,2.1299999999999955,2.1850000000000023,2.239999999999995,2.2950000000000017,2.3499999999999943,2.4000000000000057,2.1299999999999955,2.075000000000003,2.2399999999999975,2.2674999999999983,2.2674999999999983,2.4000000000000057,11.00000000000021,13.750000000000284,27.000000000001023,19.249999999999545,21.50000000000034,13.499999999999112
2026-02-20,2.0049999999999955,2.0400000000000063,2.0900000000000034,2.140000000000001,2.1899999999999977,2.2450000000000045,2.299999999999997,2.3499999999999943,2.394999999999996,2.140000000000001,2.0900000000000034,2.2449999999999988,2.2712499999999984,2.2712499999999984,2.394999999999996,10.499999999999776,13.124999999999742,25.499999999999503,18.124999999999503,20.49999999999983,13.500000000000556
2026-02-23,1.9899999999999949,2.015000000000001,2.055000000000007,2.0999999999999943,2.1500000000000057,2.2049999999999983,2.2549999999999955,2.305000000000007,2.355000000000004,2.0999999999999943,2.055000000000007,2.2030000000000003,2.2287500000000016,2.2287500000000016,2.355000000000004,10.300000000000598,12.875000000000725,25.500000000000966,17.374999999999474,20.49999999999983,10.999999999999943
2026-02-24,2.010000000000005,2.030000000000001,2.0649999999999977,2.105000000000004,2.1500000000000057,2.200000000000003,2.25,2.299999999999997,2.344999999999999,2.105000000000004,2.0649999999999977,2.201000000000002,2.2250000000000014,2.2250000000000014,2.344999999999999,9.599999999999786,11.999999999999744,23.99999999999949,16.00000000000037,19.499999999999318,9.499999999999886
2026-02-25,2.010000000000005,2.0349999999999966,2.069999999999993,2.1099999999999994,2.1500000000000057,2.200000000000003,2.25,2.299999999999997,2.344999999999999,2.1099999999999994,2.069999999999993,2.202000000000001,2.2250000000000014,2.2250000000000014,2.344999999999999,9.200000000000141,11.500000000000199,23.499999999999943,15.500000000000824,19.499999999999318,9.999999999999432
2026-02-26,2.0049999999999955,2.0250000000000057,2.0600000000000023,2.0999999999999943,2.144999999999996,2.194999999999993,2.2450000000000045,2.2950000000000017,2.3400000000000034,2.0999999999999943,2.0600000000000023,2.195999999999998,2.219999999999999,2.219999999999999,2.3400000000000034,9.600000000000364,12.000000000000455,24.00000000000091,15.999999999999659,19.50000000000074,9.499999999999886
2026-02-27,1.9749999999999943,1.9899999999999949,2.019999999999996,2.055000000000007,2.094999999999999,2.140000000000001,2.1899999999999977,2.239999999999995,2.2900000000000063,2.055000000000007,2.019999999999996,2.1439999999999997,2.166249999999998,2.166249999999998,2.2900000000000063,8.899999999999286,11.124999999999119,23.499999999999943,14.625000000000199,19.50000000000074,8.00000000000125
2026-03-02,2.0649999999999977,2.0900000000000034,2.1200000000000045,2.155000000000001,2.1899999999999977,2.230000000000004,2.269999999999996,2.3149999999999977,2.3599999999999994,2.155000000000001,2.1200000000000045,2.2319999999999993,2.251249999999999,2.251249999999999,2.3599999999999994,7.699999999999818,9.624999999999773,20.49999999999983,13.124999999999432,17.00000000000017,9.000000000000341
2026-03-03,2.1850000000000023,2.219999999999999,2.25,2.280000000000001,2.3100000000000023,2.344999999999999,2.385000000000005,2.424999999999997,2.4650000000000034,2.280000000000001,2.25,2.349000000000001,2.366250000000001,2.366250000000001,2.4650000000000034,6.899999999999995,8.624999999999972,18.500000000000227,11.625000000000085,15.500000000000114,9.499999999999886
2026-03-04,2.114999999999995,2.140000000000001,2.1700000000000017,2.2049999999999983,2.239999999999995,2.280000000000001,2.325000000000003,2.3700000000000045,2.4150000000000063,2.2049999999999983,2.1700000000000017,2.2840000000000003,2.303750000000001,2.303750000000001,2.4150000000000063,7.900000000000196,9.875000000000256,21.000000000000796,13.374999999999915,17.500000000001137,9.000000000000341
2026-03-05,2.25,2.2900000000000063,2.319999999999993,2.3499999999999943,2.385000000000005,2.424999999999997,2.4650000000000034,2.5049999999999955,2.5450000000000017,2.3499999999999943,2.319999999999993,2.4259999999999993,2.4450000000000003,2.4450000000000003,2.5450000000000017,7.600000000000495,9.500000000000597,19.50000000000074,12.50000000000071,15.999999999999659,9.999999999999432
2026-03-06,2.355000000000004,2.4099999999999966,2.4399999999999977,2.4549999999999983,2.4749999999999943,2.5049999999999955,2.5400000000000063,2.575000000000003,2.6099999999999994,2.4549999999999983,2.4399999999999977,2.5099999999999993,2.5237499999999997,2.5237499999999997,2.6099999999999994,5.500000000000105,6.875000000000142,15.500000000000114,8.375000000000199,13.500000000000512,9.999999999999432
2026-03-09,2.430000000000007,2.4749999999999943,2.489999999999995,2.489999999999995,2.4950000000000045,2.515000000000001,2.5450000000000017,2.575000000000003,2.605000000000004,2.489999999999995,2.489999999999995,2.524000000000001,2.5325000000000024,2.5325000000000024,2.605000000000004,3.4000000000006025,4.250000000000753,11.50000000000091,4.250000000000753,10.999999999999943,5.999999999998806
2026-03-10,2.2900000000000063,2.3299999999999983,2.3499999999999943,2.3599999999999994,2.3799999999999955,2.4099999999999966,2.444999999999993,2.4849999999999994,2.5250000000000057,2.3599999999999994,2.3499999999999943,2.415999999999997,2.429999999999996,2.429999999999996,2.5250000000000057,5.5999999999997385,6.999999999999673,16.500000000000625,8.000000000000185,14.500000000001023,6.999999999999318
2026-03-11,2.4950000000000045,2.5349999999999966,2.5450000000000017,2.5400000000000063,2.5450000000000017,2.5600000000000023,2.5849999999999937,2.614999999999995,2.644999999999996,2.5400000000000063,2.5450000000000017,2.569,2.576249999999998,2.576249999999998,2.644999999999996,2.8999999999993697,3.62499999999919,10.499999999998977,3.1249999999996447,9.999999999999432,4.5000000000001705
2026-03-12,2.530000000000001,2.5799999999999983,2.5900000000000034,2.5799999999999983,2.575000000000003,2.5799999999999983,2.5999999999999943,2.625,2.6500000000000057,2.5799999999999983,2.5900000000000034,2.5919999999999987,2.594999999999999,2.594999999999999,2.6500000000000057,1.2000000000000455,1.5000000000000568,7.000000000000739,0.49999999999954525,7.500000000000284,4.999999999999716
2026-03-13,2.5450000000000017,2.594999999999999,2.605000000000004,2.594999999999999,2.5900000000000034,2.5999999999999943,2.6200000000000045,2.644999999999996,2.6650000000000063,2.594999999999999,2.605000000000004,2.6099999999999994,2.6137499999999996,2.6137499999999996,2.6650000000000063,1.5000000000000568,1.875000000000071,7.000000000000739,0.8749999999995595,7.500000000000284,4.999999999999716
2026-03-16,2.515000000000001,2.555000000000007,2.5600000000000023,2.549999999999997,2.549999999999997,2.5649999999999977,2.5849999999999937,2.614999999999995,2.640000000000001,2.549999999999997,2.5600000000000023,2.572999999999996,2.578749999999996,2.578749999999996,2.640000000000001,2.29999999999988,2.874999999999872,9.000000000000385,1.8749999999993605,9.000000000000385,3.4999999999996145
2026-03-17,2.4749999999999943,2.519999999999996,2.530000000000001,2.5250000000000057,2.519999999999996,2.5349999999999966,2.5600000000000023,2.5900000000000034,2.614999999999995,2.5250000000000057,2.530000000000001,2.5460000000000007,2.5512499999999996,2.5512499999999996,2.614999999999995,2.0999999999995023,2.624999999999389,8.99999999999892,2.1249999999998437,9.499999999999886,5.000000000001137
2026-03-18,2.575000000000003,2.614999999999995,2.6200000000000045,2.605000000000004,2.594999999999999,2.5999999999999943,2.614999999999995,2.640000000000001,2.6599999999999966,2.605000000000004,2.6200000000000045,2.6109999999999984,2.612499999999997,2.612499999999997,2.6599999999999966,0.5999999999994454,0.7499999999993179,5.499999999999261,-0.750000000000739,6.499999999999773,3.0000000000001137
2026-03-19,2.7549999999999955,2.7849999999999966,2.75,2.700000000000003,2.6599999999999966,2.644999999999996,2.644999999999996,2.655000000000001,2.6650000000000063,2.700000000000003,2.75,2.6609999999999987,2.6512499999999974,2.6512499999999974,2.6650000000000063,-3.9000000000004142,-4.87500000000054,-3.499999999999659,-9.875000000000256,0.5000000000009663,-5.499999999999261
2026-03-20,2.875,2.9200000000000017,2.864999999999995,2.7849999999999966,2.730000000000004,2.719999999999999,2.7249999999999943,2.7450000000000045,2.765000000000001,2.7849999999999966,2.864999999999995,2.7409999999999997,2.7300000000000004,2.7300000000000004,2.765000000000001,-4.399999999999693,-5.499999999999616,-1.9999999999995577,-13.499999999999446,3.4999999999997033,-9.000000000000341
2026-03-23,2.7750000000000057,2.8149999999999977,2.780000000000001,2.719999999999999,2.674999999999997,2.6850000000000023,2.7049999999999983,2.730000000000004,2.7549999999999955,2.719999999999999,2.780000000000001,2.7030000000000003,2.6987500000000004,2.6987500000000004,2.7549999999999955,-1.6999999999998572,-2.1249999999998437,3.499999999999659,-8.125000000000071,7.9999999999998295,-5.500000000000682
2026-03-24,2.8700000000000045,2.905000000000001,2.864999999999995,2.7900000000000063,2.730000000000004,2.7249999999999943,2.7349999999999994,2.7549999999999955,2.7750000000000057,2.7900000000000063,2.864999999999995,2.747,2.7362499999999983,2.7362499999999983,2.7750000000000057,-4.300000000000637,-5.375000000000796,-1.5000000000000568,-12.874999999999659,4.5000000000001705,-7.9999999999998295
2026-03-25,2.7900000000000063,2.8299999999999983,2.799999999999997,2.730000000000004,2.6700000000000017,2.6650000000000063,2.6700000000000017,2.6899999999999977,2.7150000000000034,2.730000000000004,2.799999999999997,2.6850000000000023,2.673750000000002,2.673750000000002,2.7150000000000034,-4.5000000000001705,-5.625000000000213,-1.5000000000000568,-12.624999999999531,4.5000000000001705,-6.000000000000227
2026-03-26,2.9000000000000057,2.950000000000003,2.924999999999997,2.8499999999999943,2.7900000000000063,2.780000000000001,2.780000000000001,2.7950000000000017,2.8149999999999977,2.8499999999999943,2.924999999999997,2.799000000000001,2.7862500000000026,2.7862500000000026,2.8149999999999977,-5.0999999999993495,-6.374999999999176,-3.499999999999659,-13.87499999999946,2.4999999999991473,-5.000000000001137
2026-03-27,2.9099999999999966,2.969999999999999,2.9599999999999937,2.894999999999996,2.8349999999999937,2.825000000000003,2.8299999999999983,2.844999999999999,2.8700000000000045,2.894999999999996,2.9599999999999937,2.845999999999998,2.8337499999999984,2.8337499999999984,2.8700000000000045,-4.899999999999816,-6.124999999999758,-2.4999999999991473,-12.624999999999531,3.50000000000108,-1.5000000000000568
2026-03-30,2.825000000000003,2.864999999999995,2.8499999999999943,2.7900000000000063,2.730000000000004,2.7249999999999943,2.7349999999999994,2.7549999999999955,2.780000000000001,2.7900000000000063,2.8499999999999943,2.747,2.7362499999999983,2.7362499999999983,2.780000000000001,-4.300000000000637,-5.375000000000796,-1.0000000000005116,-11.374999999999602,4.999999999999716,-3.499999999999659
2026-03-31,2.819999999999993,2.8499999999999943,2.8299999999999983,2.769999999999996,2.7150000000000034,2.7049999999999983,2.7150000000000034,2.730000000000004,2.75,2.769999999999996,2.8299999999999983,2.727000000000001,2.7162500000000023,2.7162500000000023,2.75,-4.299999999999482,-5.374999999999375,-1.999999999999602,-11.374999999999602,3.499999999999659,-4.999999999999716
2026-04-01,2.7549999999999955,2.7900000000000063,2.780000000000001,2.7349999999999994,2.6850000000000023,2.680000000000007,2.6850000000000023,2.700000000000003,2.719999999999999,2.7349999999999994,2.780000000000001,2.6970000000000027,2.6875000000000036,2.6875000000000036,2.719999999999999,-3.7999999999996703,-4.749999999999588,-1.5000000000000568,-9.249999999999758,3.499999999999659,-1.999999999999602
2026-04-02,2.7950000000000017,2.825000000000003,2.799999999999997,2.7450000000000045,2.6899999999999977,2.674999999999997,2.680000000000007,2.6899999999999977,2.7099999999999937,2.7450000000000045,2.799999999999997,2.6960000000000006,2.68375,2.68375,2.7099999999999937,-4.900000000000393,-6.125000000000469,-3.50000000000108,-11.62499999999973,1.999999999999602,-4.999999999999716
2026-04-07,2.930000000000007,2.969999999999999,2.950000000000003,2.890000000000001,2.8299999999999983,2.8149999999999977,2.8149999999999977,2.819999999999993,2.8299999999999983,2.890000000000001,2.950000000000003,2.8339999999999974,2.8199999999999967,2.8199999999999967,2.8299999999999983,-5.60000000000036,-7.000000000000428,-6.000000000000272,-13.000000000000611,0.0,-4.000000000000581
2026-04-08,2.605000000000004,2.6200000000000045,2.6099999999999994,2.5849999999999937,2.5600000000000023,2.569999999999993,2.594999999999999,2.6200000000000045,2.6500000000000057,2.5849999999999937,2.6099999999999994,2.5859999999999985,2.5862499999999997,2.5862499999999997,2.6500000000000057,0.10000000000047748,0.12500000000059686,6.500000000001194,-2.3749999999999716,9.000000000000341,-2.000000000001023
2026-04-09,2.6899999999999977,2.719999999999999,2.7150000000000034,2.6850000000000023,2.6599999999999966,2.6650000000000063,2.6850000000000023,2.7049999999999983,2.730000000000004,2.6850000000000023,2.7150000000000034,2.680000000000001,2.678750000000001,2.678750000000001,2.730000000000004,-0.5000000000001226,-0.6250000000001421,4.5000000000001705,-3.625000000000256,7.000000000000739,-0.49999999999954525
2026-04-10,2.7049999999999983,2.730000000000004,2.719999999999999,2.6899999999999977,2.6599999999999966,2.6650000000000063,2.680000000000007,2.700000000000003,2.7249999999999943,2.6899999999999977,2.719999999999999,2.679000000000002,2.676250000000003,2.676250000000003,2.7249999999999943,-1.099999999999568,-1.37499999999946,3.499999999999659,-4.374999999999574,6.499999999999773,-1.5000000000000568
2026-04-13,2.780000000000001,2.8149999999999977,2.799999999999997,2.760000000000005,2.719999999999999,2.7150000000000034,2.730000000000004,2.75,2.769999999999996,2.760000000000005,2.799999999999997,2.735000000000002,2.7287500000000016,2.7287500000000016,2.769999999999996,-2.500000000000302,-3.1250000000003553,0.9999999999990905,-7.1249999999995595,4.999999999999716,-1.999999999999602
2026-04-14,2.6650000000000063,2.6899999999999977,2.680000000000007,2.6500000000000057,2.625,2.6299999999999955,2.655000000000001,2.680000000000007,2.7099999999999937,2.6500000000000057,2.680000000000007,2.648000000000002,2.647500000000001,2.647500000000001,2.7099999999999937,-0.20000000000037765,-0.25000000000048317,5.999999999998806,-3.250000000000597,8.499999999999375,-1.5000000000000568
2026-04-15,2.6500000000000057,2.680000000000007,2.6700000000000017,2.640000000000001,2.614999999999995,2.6200000000000045,2.644999999999996,2.674999999999997,2.7049999999999983,2.640000000000001,2.6700000000000017,2.6389999999999985,2.638749999999998,2.638749999999998,2.7049999999999983,-0.10000000000025544,-0.125000000000286,6.499999999999728,-3.1250000000003553,9.000000000000341,-1.0000000000004672
2026-04-16,2.625,2.6599999999999966,2.655000000000001,2.6299999999999955,2.6099999999999994,2.625,2.6500000000000057,2.680000000000007,2.7099999999999937,2.6299999999999955,2.655000000000001,2.6390000000000016,2.641250000000003,2.641250000000003,2.7099999999999937,0.9000000000006114,1.1250000000007532,7.9999999999998295,-1.3749999999998153,9.999999999999432,0.49999999999954525
2026-04-17,2.5,2.530000000000001,2.530000000000001,2.515000000000001,2.5049999999999955,2.5250000000000057,2.5600000000000023,2.594999999999999,2.6299999999999955,2.515000000000001,2.530000000000001,2.5400000000000005,2.5462500000000006,2.5462500000000006,2.6299999999999955,2.4999999999999467,3.1249999999999556,11.499999999999444,1.6249999999999432,12.5,1.5000000000001013
2026-04-20,2.5450000000000017,2.575000000000003,2.569999999999993,2.549999999999997,2.5349999999999966,2.549999999999997,2.5799999999999983,2.6099999999999994,2.640000000000001,2.549999999999997,2.569999999999993,2.5649999999999977,2.568749999999998,2.568749999999998,2.640000000000001,1.5000000000000568,1.875000000000071,9.000000000000385,-0.12499999999953104,10.500000000000442,0.49999999999954525
2026-04-21,2.614999999999995,2.644999999999996,2.640000000000001,2.6099999999999994,2.5900000000000034,2.5999999999999943,2.6200000000000045,2.644999999999996,2.674999999999997,2.6099999999999994,2.640000000000001,2.6129999999999995,2.6137499999999996,2.6137499999999996,2.674999999999997,0.30000000000001137,0.3750000000000142,6.499999999999773,-2.625000000000144,8.499999999999375,-0.49999999999954525
2026-04-22,2.6599999999999966,2.694999999999993,2.6899999999999977,2.655000000000001,2.625,2.625,2.644999999999996,2.6650000000000063,2.6899999999999977,2.655000000000001,2.6899999999999977,2.6430000000000007,2.6400000000000006,2.6400000000000006,2.6899999999999977,-1.2000000000000455,-1.5000000000000568,3.499999999999659,-4.999999999999716,6.499999999999773,-0.49999999999954525
2026-04-23,2.674999999999997,2.7150000000000034,2.7049999999999983,2.6650000000000063,2.635000000000005,2.635000000000005,2.655000000000001,2.680000000000007,2.7049999999999983,2.6650000000000063,2.7049999999999983,2.654000000000005,2.6512500000000045,2.6512500000000045,2.7049999999999983,-1.1000000000001453,-1.3750000000001705,3.999999999999204,-5.374999999999375,6.999999999999318,-0.9999999999990905
2026-04-24,2.6850000000000023,2.7249999999999943,2.7150000000000034,2.6700000000000017,2.635000000000005,2.635000000000005,2.655000000000001,2.674999999999997,2.700000000000003,2.6700000000000017,2.7150000000000034,2.654000000000002,2.650000000000002,2.650000000000002,2.700000000000003,-1.599999999999957,-1.9999999999999574,3.0000000000001137,-6.500000000000128,6.499999999999773,-1.5000000000000568
2026-04-27,2.694999999999993,2.7349999999999994,2.730000000000004,2.6850000000000023,2.644999999999996,2.644999999999996,2.6650000000000063,2.6899999999999977,2.7150000000000034,2.6850000000000023,2.730000000000004,2.6659999999999995,2.661249999999999,2.661249999999999,2.7150000000000034,-1.9000000000002792,-2.375000000000327,3.0000000000001137,-6.875000000000497,7.000000000000739,-0.9999999999990905
2026-04-28,2.7849999999999966,2.819999999999993,2.799999999999997,2.7450000000000045,2.694999999999993,2.6850000000000023,2.700000000000003,2.719999999999999,2.7450000000000045,2.7450000000000045,2.799999999999997,2.7090000000000005,2.6999999999999993,2.6999999999999993,2.7450000000000045,-3.600000000000403,-4.500000000000526,0.0,-9.999999999999787,5.000000000001137,-3.999999999999204
2026-04-29,2.885000000000005,2.924999999999997,2.9000000000000057,2.8299999999999983,2.769999999999996,2.7549999999999955,2.760000000000005,2.769999999999996,2.7849999999999966,2.8299999999999983,2.9000000000000057,2.7769999999999984,2.763749999999998,2.763749999999998,2.7849999999999966,-5.299999999999994,-6.625000000000014,-4.5000000000001705,-13.625000000000753,1.5000000000000568,-5.500000000000682
2026-04-30,2.825000000000003,2.8599999999999994,2.8299999999999983,2.7549999999999955,2.694999999999993,2.674999999999997,2.680000000000007,2.6899999999999977,2.7049999999999983,2.7549999999999955,2.8299999999999983,2.698999999999998,2.6849999999999987,2.6849999999999987,2.7049999999999983,-5.5999999999997385,-6.999999999999673,-4.999999999999716,-14.499999999999957,1.0000000000005116,-7.000000000000739
2026-05-04,2.8799999999999955,2.924999999999997,2.894999999999996,2.8149999999999977,2.7450000000000045,2.719999999999999,2.719999999999999,2.730000000000004,2.7450000000000045,2.8149999999999977,2.894999999999996,2.746000000000001,2.7287500000000016,2.7287500000000016,2.7450000000000045,-6.899999999999684,-8.624999999999616,-6.999999999999318,-16.624999999999446,0.0,-6.499999999999773
2026-05-05,2.864999999999995,2.9150000000000063,2.885000000000005,2.805000000000007,2.7349999999999994,2.7099999999999937,2.7099999999999937,2.719999999999999,2.739999999999995,2.805000000000007,2.885000000000005,2.7359999999999984,2.7187499999999964,2.7187499999999964,2.739999999999995,-6.900000000000839,-8.625000000001037,-6.500000000001194,-16.625000000000867,0.49999999999954525,-5.999999999998806
2026-05-06,2.6899999999999977,2.7249999999999943,2.7099999999999937,2.655000000000001,2.6099999999999994,2.605000000000004,2.614999999999995,2.6299999999999955,2.655000000000001,2.655000000000001,2.7099999999999937,2.622999999999999,2.6149999999999984,2.6149999999999984,2.655000000000001,-3.200000000000225,-4.00000000000027,0.0,-9.499999999999531,4.5000000000001705,-3.499999999999659
2026-05-07,2.6899999999999977,2.7249999999999943,2.7099999999999937,2.6599999999999966,2.614999999999995,2.6099999999999994,2.6200000000000045,2.635000000000005,2.655000000000001,2.6599999999999966,2.7099999999999937,2.628,2.620000000000001,2.620000000000001,2.655000000000001,-3.1999999999996476,-3.9999999999995595,-0.49999999999954525,-8.999999999999275,4.000000000000625,-3.0000000000001137
2026-05-08,2.719999999999999,2.7549999999999955,2.739999999999995,2.6850000000000023,2.635000000000005,2.625,2.6299999999999955,2.644999999999996,2.6599999999999966,2.6850000000000023,2.739999999999995,2.6439999999999997,2.633749999999999,2.633749999999999,2.6599999999999966,-4.100000000000259,-5.125000000000313,-2.5000000000005684,-10.624999999999574,2.4999999999991473,-3.499999999999659
2026-05-11,2.7900000000000063,2.8400000000000034,2.825000000000003,2.765000000000001,2.7099999999999937,2.6899999999999977,2.6850000000000023,2.6899999999999977,2.700000000000003,2.765000000000001,2.825000000000003,2.7079999999999984,2.693749999999998,2.693749999999998,2.700000000000003,-5.70000000000026,-7.125000000000314,-6.499999999999817,-13.125000000000497,-0.9999999999990905,-2.500000000000524
2026-05-12,2.8400000000000034,2.9000000000000057,2.890000000000001,2.8299999999999983,2.7750000000000057,2.7549999999999955,2.7549999999999955,2.760000000000005,2.7750000000000057,2.8299999999999983,2.890000000000001,2.775,2.7612500000000004,2.7612500000000004,2.7750000000000057,-5.499999999999838,-6.874999999999787,-5.499999999999261,-12.875000000000059,0.0,-1.0000000000005116
2026-05-13,2.8400000000000034,2.9099999999999966,2.9000000000000057,2.844999999999999,2.7900000000000063,2.769999999999996,2.769999999999996,2.780000000000001,2.7900000000000063,2.844999999999999,2.9000000000000057,2.7909999999999995,2.7775,2.7775,2.7900000000000063,-5.399999999999938,-6.7499999999999005,-5.499999999999261,-12.250000000000583,0.0,0.49999999999954525
2026-05-14,2.780000000000001,2.8400000000000034,2.8349999999999937,2.7849999999999966,2.7349999999999994,2.719999999999999,2.7249999999999943,2.7349999999999994,2.7450000000000045,2.7849999999999966,2.8349999999999937,2.7399999999999975,2.728749999999998,2.728749999999998,2.7450000000000045,-4.499999999999904,-5.624999999999858,-3.999999999999204,-10.624999999999574,1.0000000000005116,0.49999999999954525
2026-05-15,2.8400000000000034,2.9200000000000017,2.924999999999997,2.8799999999999955,2.8299999999999983,2.8149999999999977,2.8149999999999977,2.825000000000003,2.8400000000000034,2.8799999999999955,2.924999999999997,2.8329999999999984,2.821249999999999,2.821249999999999,2.8400000000000034,-4.699999999999704,-5.8749999999996305,-3.999999999999204,-10.374999999999801,1.0000000000005116,3.999999999999204
2026-05-18,2.819999999999993,2.905000000000001,2.9099999999999966,2.875,2.8299999999999983,2.819999999999993,2.825000000000003,2.8349999999999937,2.855000000000004,2.875,2.9099999999999966,2.8369999999999975,2.827499999999997,2.827499999999997,2.855000000000004,-3.8000000000002476,-4.750000000000298,-1.999999999999602,-8.249999999999957,2.5000000000005684,5.500000000000682
2026-05-19,2.8349999999999937,2.930000000000007,2.950000000000003,2.9150000000000063,2.8700000000000045,2.855000000000004,2.855000000000004,2.8599999999999994,2.875,2.9150000000000063,2.950000000000003,2.8710000000000035,2.860000000000003,2.860000000000003,2.875,-4.40000000000027,-5.500000000000327,-4.000000000000625,-8.999999999999986,0.49999999999954525,8.00000000000125
2026-05-20,2.7450000000000045,2.819999999999993,2.8349999999999937,2.805000000000007,2.765000000000001,2.75,2.7549999999999955,2.769999999999996,2.7900000000000063,2.805000000000007,2.8349999999999937,2.7689999999999997,2.759999999999998,2.759999999999998,2.7900000000000063,-3.6000000000007137,-4.500000000000881,-1.5000000000000568,-7.499999999999574,2.500000000000524,6.000000000000227
2026-05-21,2.7750000000000057,2.855000000000004,2.8599999999999994,2.819999999999993,2.7750000000000057,2.760000000000005,2.765000000000001,2.7750000000000057,2.7950000000000017,2.819999999999993,2.8599999999999994,2.779000000000002,2.7687500000000043,2.7687500000000043,2.7950000000000017,-4.099999999999104,-5.1249999999988916,-2.4999999999991473,-9.124999999999517,1.999999999999602,4.4999999999987494
2026-05-22,2.7349999999999994,2.805000000000007,2.805000000000007,2.765000000000001,2.7150000000000034,2.694999999999993,2.694999999999993,2.7049999999999983,2.7249999999999943,2.765000000000001,2.805000000000007,2.7149999999999976,2.702499999999997,2.702499999999997,2.7249999999999943,-5.0000000000003375,-6.2500000000004,-4.00000000000067,-10.25000000000098,0.9999999999990905,3.000000000000158
2026-05-25,2.614999999999995,2.6650000000000063,2.6599999999999966,2.625,2.5849999999999937,2.5799999999999983,2.5900000000000034,2.605000000000004,2.6299999999999955,2.625,2.6599999999999966,2.597,2.59,2.59,2.6299999999999955,-2.8000000000000025,-3.500000000000014,0.49999999999954525,-6.999999999999673,4.5000000000001705,1.0000000000005116
2026-05-26,2.6899999999999977,2.739999999999995,2.7349999999999994,2.694999999999993,2.6500000000000057,2.635000000000005,2.640000000000001,2.6500000000000057,2.6650000000000063,2.694999999999993,2.7349999999999994,2.654000000000002,2.6437500000000043,2.6437500000000043,2.6650000000000063,-4.099999999999104,-5.1249999999988916,-2.9999999999986926,-9.124999999999517,1.5000000000000568,0.49999999999954525
2026-05-27,2.6700000000000017,2.7150000000000034,2.7049999999999983,2.6599999999999966,2.614999999999995,2.5999999999999943,2.6099999999999994,2.625,2.6500000000000057,2.6599999999999966,2.7049999999999983,2.621999999999997,2.612499999999997,2.612499999999997,2.6500000000000057,-3.7999999999999368,-4.749999999999943,-0.9999999999990905,-9.250000000000114,3.50000000000108,-1.0000000000005116
2026-05-28,2.640000000000001,2.674999999999997,2.6650000000000063,2.625,2.5799999999999983,2.5649999999999977,2.569999999999993,2.5900000000000034,2.614999999999995,2.625,2.6650000000000063,2.5859999999999985,2.576249999999998,2.576249999999998,2.614999999999995,-3.900000000000148,-4.875000000000185,-1.0000000000005116,-8.87500000000081,3.499999999999659,-1.5000000000001013
2026-05-29,2.614999999999995,2.655000000000001,2.644999999999996,2.5999999999999943,2.549999999999997,2.530000000000001,2.5349999999999966,2.555000000000007,2.5799999999999983,2.5999999999999943,2.644999999999996,2.5539999999999994,2.5425000000000004,2.5425000000000004,2.5799999999999983,-4.599999999999493,-5.749999999999389,-1.999999999999602,-10.24999999999956,3.0000000000001137,-1.5000000000000568
2026-06-01,2.739999999999995,2.7950000000000017,2.7849999999999966,2.730000000000004,2.6650000000000063,2.635000000000005,2.6299999999999955,2.640000000000001,2.6599999999999966,2.730000000000004,2.7849999999999966,2.6600000000000024,2.642500000000002,2.642500000000002,2.6599999999999966,-7.000000000000162,-8.750000000000213,-7.000000000000739,-14.249999999999474,-0.5000000000009663,-0.9999999999990905
2026-06-02,2.719999999999999,2.765000000000001,2.7549999999999955,2.700000000000003,2.635000000000005,2.5999999999999943,2.594999999999999,2.605000000000004,2.625,2.700000000000003,2.7549999999999955,2.627000000000001,2.6087500000000006,2.6087500000000006,2.625,-7.300000000000173,-9.125000000000227,-7.500000000000284,-14.624999999999488,-1.0000000000005116,-1.999999999999602
2026-06-03,2.7549999999999955,2.819999999999993,2.825000000000003,2.780000000000001,2.719999999999999,2.680000000000007,2.6700000000000017,2.674999999999997,2.694999999999993,2.780000000000001,2.825000000000003,2.705000000000001,2.686250000000001,2.686250000000001,2.694999999999993,-7.500000000000018,-9.375,-8.500000000000796,-13.87500000000017,-2.5000000000005684,2.5000000000005684
2026-06-04,2.730000000000004,2.7950000000000017,2.799999999999997,2.760000000000005,2.7049999999999983,2.6700000000000017,2.6599999999999966,2.6650000000000063,2.6850000000000023,2.760000000000005,2.799999999999997,2.6920000000000015,2.6750000000000007,2.6750000000000007,2.6850000000000023,-6.800000000000361,-8.50000000000044,-7.500000000000284,-12.499999999999645,-1.999999999999602,3.0000000000001137
2026-06-05,2.760000000000005,2.825000000000003,2.8299999999999983,2.7900000000000063,2.7349999999999994,2.7049999999999983,2.7049999999999983,2.7150000000000034,2.7349999999999994,2.7900000000000063,2.8299999999999983,2.7300000000000013,2.715,2.715,2.7349999999999994,-6.000000000000494,-7.5000000000006395,-5.500000000000682,-11.499999999999844,0.0,3.0000000000001137
2026-06-08,2.7750000000000057,2.8400000000000034,2.844999999999999,2.8149999999999977,2.765000000000001,2.7349999999999994,2.730000000000004,2.739999999999995,2.7549999999999955,2.8149999999999977,2.844999999999999,2.7569999999999992,2.7424999999999997,2.7424999999999997,2.7549999999999955,-5.79999999999985,-7.249999999999801,-6.000000000000227,-10.249999999999915,-1.000000000000556,3.999999999999204
2026-06-09,2.75,2.8100000000000023,2.8149999999999977,2.780000000000001,2.7349999999999994,2.7099999999999937,2.7049999999999983,2.7150000000000034,2.7349999999999994,2.780000000000001,2.8149999999999977,2.728999999999999,2.7162499999999987,2.7162499999999987,2.7349999999999994,-5.100000000000193,-6.375000000000242,-4.5000000000001705,-9.8749999999999,0.0,3.0000000000001137
2026-06-10,2.780000000000001,2.844999999999999,2.8499999999999943,2.819999999999993,2.769999999999996,2.739999999999995,2.730000000000004,2.7349999999999994,2.75,2.819999999999993,2.8499999999999943,2.7589999999999977,2.7437499999999986,2.7437499999999986,2.75,-6.09999999999955,-7.62499999999946,-6.999999999999318,-10.624999999999574,-1.999999999999602,3.999999999999204
2026-06-11,2.7349999999999994,2.7900000000000063,2.7900000000000063,2.7549999999999955,2.7049999999999983,2.674999999999997,2.6700000000000017,2.680000000000007,2.700000000000003,2.7549999999999955,2.7900000000000063,2.697,2.682500000000001,2.682500000000001,2.700000000000003,-5.799999999999539,-7.249999999999446,-5.499999999999261,-10.750000000000526,-0.49999999999954525,1.999999999999602
2026-06-12,2.6850000000000023,2.730000000000004,2.7349999999999994,2.7099999999999937,2.6700000000000017,2.6500000000000057,2.6500000000000057,2.6650000000000063,2.6850000000000023,2.7099999999999937,2.7349999999999994,2.6690000000000027,2.658750000000005,2.658750000000005,2.6850000000000023,-4.099999999999104,-5.1249999999988916,-2.4999999999991473,-7.62499999999946,1.5000000000000568,2.4999999999991473
2026-06-15,2.640000000000001,2.674999999999997,2.6700000000000017,2.640000000000001,2.5999999999999943,2.5849999999999937,2.5900000000000034,2.605000000000004,2.6299999999999955,2.640000000000001,2.6700000000000017,2.603999999999999,2.594999999999999,2.594999999999999,2.6299999999999955,-3.600000000000181,-4.500000000000215,-1.000000000000556,-7.500000000000284,3.0000000000001137,0.0
2026-06-16,2.6500000000000057,2.6899999999999977,2.6850000000000023,2.6500000000000057,2.605000000000004,2.5849999999999937,2.5849999999999937,2.594999999999999,2.614999999999995,2.6500000000000057,2.6850000000000023,2.603999999999999,2.5924999999999976,2.5924999999999976,2.614999999999995,-4.600000000000648,-5.75000000000081,-3.50000000000108,-9.250000000000469,0.9999999999990905,0.0
2026-06-17,2.655000000000001,2.694999999999993,2.6899999999999977,2.655000000000001,2.614999999999995,2.594999999999999,2.594999999999999,2.605000000000004,2.6200000000000045,2.655000000000001,2.6899999999999977,2.6129999999999995,2.602499999999999,2.602499999999999,2.6200000000000045,-4.200000000000159,-5.250000000000199,-3.499999999999659,-8.749999999999858,0.5000000000009663,0.0
2026-06-18,2.6599999999999966,2.7049999999999983,2.700000000000003,2.6650000000000063,2.6200000000000045,2.5999999999999943,2.5999999999999943,2.6099999999999994,2.625,2.6650000000000063,2.700000000000003,2.6189999999999998,2.607499999999998,2.607499999999998,2.625,-4.600000000000648,-5.75000000000081,-4.000000000000625,-9.250000000000469,0.49999999999954525,0.5000000000009663
2026-06-19,2.7049999999999983,2.7549999999999955,2.7549999999999955,2.7249999999999943,2.680000000000007,2.6599999999999966,2.655000000000001,2.6650000000000063,2.680000000000007,2.7249999999999943,2.7549999999999955,2.677000000000001,2.6650000000000027,2.6650000000000027,2.680000000000007,-4.799999999999338,-5.999999999999162,-4.4999999999987494,-8.999999999999275,0.0,1.999999999999602
2026-06-22,2.6500000000000057,2.694999999999993,2.6899999999999977,2.6599999999999966,2.6200000000000045,2.605000000000004,2.605000000000004,2.614999999999995,2.635000000000005,2.6599999999999966,2.6899999999999977,2.621000000000001,2.611250000000002,2.611250000000002,2.635000000000005,-3.8999999999995705,-4.874999999999474,-2.4999999999991473,-7.874999999999588,1.5000000000000568,0.9999999999990905
2026-06-23,2.635000000000005,2.674999999999997,2.6700000000000017,2.635000000000005,2.594999999999999,2.575000000000003,2.575000000000003,2.5799999999999983,2.5999999999999943,2.635000000000005,2.6700000000000017,2.5920000000000014,2.5812500000000007,2.5812500000000007,2.5999999999999943,-4.30000000000037,-5.3750000000004405,-3.50000000000108,-8.8750000000001,0.49999999999954525,0.0
2026-06-24,2.605000000000004,2.644999999999996,2.640000000000001,2.6099999999999994,2.569999999999993,2.5450000000000017,2.5400000000000063,2.5450000000000017,2.5600000000000023,2.6099999999999994,2.640000000000001,2.5620000000000003,2.5500000000000007,2.5500000000000007,2.5600000000000023,-4.7999999999999154,-5.999999999999872,-4.999999999999716,-9.00000000000003,-0.9999999999990905,0.49999999999954525
2026-06-25,2.594999999999999,2.625,2.6200000000000045,2.5900000000000034,2.555000000000007,2.5349999999999966,2.5349999999999966,2.5450000000000017,2.5600000000000023,2.5900000000000034,2.6200000000000045,2.552000000000001,2.5425000000000004,2.5425000000000004,2.5600000000000023,-3.8000000000002476,-4.750000000000298,-3.0000000000001137,-7.750000000000412,0.49999999999954525,-0.49999999999954525
2026-06-26,2.5649999999999977,2.5900000000000034,2.5799999999999983,2.555000000000007,2.519999999999996,2.5049999999999955,2.5049999999999955,2.519999999999996,2.5400000000000063,2.555000000000007,2.5799999999999983,2.520999999999998,2.5124999999999957,2.5124999999999957,2.5400000000000063,-3.400000000000869,-4.2500000000011084,-1.5000000000000568,-6.750000000000256,2.000000000001023,-0.9999999999990905
2026-06-29,2.5900000000000034,2.6200000000000045,2.614999999999995,2.5849999999999937,2.5450000000000017,2.5250000000000057,2.5250000000000057,2.5349999999999966,2.549999999999997,2.5849999999999937,2.614999999999995,2.5430000000000006,2.5325000000000024,2.5325000000000024,2.549999999999997,-4.199999999999315,-5.249999999999133,-3.499999999999659,-8.249999999999247,0.49999999999954525,-0.5000000000009663
2026-06-30,2.5799999999999983,2.614999999999995,2.6099999999999994,2.5799999999999983,2.5450000000000017,2.530000000000001,2.530000000000001,2.5400000000000063,2.555000000000007,2.5799999999999983,2.6099999999999994,2.5450000000000017,2.5362500000000026,2.5362500000000026,2.555000000000007,-3.499999999999659,-4.374999999999574,-2.4999999999991473,-7.374999999999687,1.0000000000005116,0.0
2026-07-01,2.5450000000000017,2.575000000000003,2.5799999999999983,2.5600000000000023,2.5349999999999966,2.5250000000000057,2.5349999999999966,2.549999999999997,2.569999999999993,2.5600000000000023,2.5799999999999983,2.5409999999999995,2.536249999999999,2.536249999999999,2.569999999999993,-1.9000000000002792,-2.375000000000327,0.9999999999990905,-4.374999999999929,3.499999999999659,1.5000000000000568
2026-07-02,2.510000000000005,2.5450000000000017,2.555000000000007,2.5450000000000017,2.530000000000001,2.530000000000001,2.5400000000000063,2.5600000000000023,2.5849999999999937,2.5450000000000017,2.555000000000007,2.5410000000000026,2.5400000000000027,2.5400000000000027,2.5849999999999937,-0.39999999999991154,-0.4999999999999005,3.999999999999204,-1.5000000000004121,5.499999999999261,3.499999999999659
2026-07-03,2.5400000000000063,2.5799999999999983,2.5999999999999943,2.5999999999999943,2.5900000000000034,2.594999999999999,2.605000000000004,2.6200000000000045,2.640000000000001,2.5999999999999943,2.5999999999999943,2.602000000000001,2.6025000000000027,2.6025000000000027,2.640000000000001,0.20000000000068852,0.25000000000083844,4.00000000000067,0.25000000000083844,4.99999999999976,5.999999999998806
2026-07-06,2.5450000000000017,2.5849999999999937,2.5999999999999943,2.594999999999999,2.5799999999999983,2.5799999999999983,2.5900000000000034,2.6099999999999994,2.6299999999999955,2.594999999999999,2.5999999999999943,2.5909999999999997,2.59,2.59,2.6299999999999955,-0.39999999999991154,-0.4999999999999005,3.499999999999659,-0.9999999999994458,4.999999999999716,4.999999999999716
2026-07-07,2.5900000000000034,2.640000000000001,2.6599999999999966,2.655000000000001,2.635000000000005,2.635000000000005,2.644999999999996,2.6599999999999966,2.680000000000007,2.655000000000001,2.6599999999999966,2.646000000000001,2.6437500000000007,2.6437500000000007,2.680000000000007,-0.9000000000000341,-1.1250000000000426,2.5000000000005684,-1.6249999999995879,4.5000000000001705,6.499999999999773
2026-07-08,2.7150000000000034,2.7900000000000063,2.8100000000000023,2.7950000000000017,2.765000000000001,2.760000000000005,2.765000000000001,2.780000000000001,2.7950000000000017,2.7950000000000017,2.8100000000000023,2.773000000000002,2.767500000000002,2.767500000000002,2.7950000000000017,-2.1999999999999797,-2.749999999999986,0.0,-4.250000000000043,3.0000000000000693,7.9999999999998295
2026-07-09,2.674999999999997,2.739999999999995,2.7549999999999955,2.739999999999995,2.7099999999999937,2.7049999999999983,2.7150000000000034,2.730000000000004,2.75,2.739999999999995,2.7549999999999955,2.719999999999999,2.715,2.715,2.75,-1.999999999999602,-2.4999999999995026,1.0000000000005116,-3.9999999999995595,4.000000000000625,6.499999999999773
2026-07-10,2.6700000000000017,2.7349999999999994,2.75,2.7349999999999994,2.7099999999999937,2.7049999999999983,2.7150000000000034,2.730000000000004,2.75,2.7349999999999994,2.75,2.719,2.715,2.715,2.75,-1.599999999999957,-1.9999999999999574,1.5000000000000568,-3.500000000000014,4.000000000000625,6.499999999999773
2026-07-13,2.739999999999995,2.8100000000000023,2.825000000000003,2.8100000000000023,2.780000000000001,2.769999999999996,2.769999999999996,2.7750000000000057,2.7900000000000063,2.8100000000000023,2.825000000000003,2.781,2.7737499999999997,2.7737499999999997,2.7900000000000063,-2.9000000000002135,-3.625000000000256,-1.999999999999602,-5.125000000000313,1.0000000000005116,7.000000000000739
2026-07-14,2.7450000000000045,2.825000000000003,2.844999999999999,2.8299999999999983,2.7950000000000017,2.780000000000001,2.780000000000001,2.7849999999999966,2.799999999999997,2.8299999999999983,2.844999999999999,2.7939999999999996,2.785,2.785,2.799999999999997,-3.59999999999987,-4.499999999999815,-3.0000000000001137,-5.999999999999872,0.49999999999954525,8.499999999999375
2026-07-15,2.739999999999995,2.825000000000003,2.8499999999999943,2.8349999999999937,2.799999999999997,2.7849999999999966,2.7849999999999966,2.7900000000000063,2.805000000000007,2.8349999999999937,2.8499999999999943,2.798999999999998,2.789999999999999,2.789999999999999,2.805000000000007,-3.599999999999559,-4.49999999999946,-2.9999999999986926,-5.999999999999517,0.5000000000009663,9.499999999999886
2026-07-16,2.769999999999996,2.864999999999995,2.894999999999996,2.8799999999999955,2.8400000000000034,2.819999999999993,2.8149999999999977,2.819999999999993,2.8349999999999937,2.8799999999999955,2.894999999999996,2.8349999999999964,2.823749999999997,2.823749999999997,2.8349999999999937,-4.499999999999904,-5.624999999999858,-4.5000000000001705,-7.124999999999915,-0.5000000000009663,10.999999999999943
2026-07-17,2.7849999999999966,2.890000000000001,2.9150000000000063,2.9000000000000057,2.8599999999999994,2.8400000000000034,2.8299999999999983,2.8299999999999983,2.8349999999999937,2.9000000000000057,2.9150000000000063,2.852000000000001,2.84,2.84,2.8349999999999937,-4.800000000000448,-6.000000000000583,-6.500000000001194,-7.5000000000006395,-2.5000000000005684,11.50000000000091
2026-07-20,2.7900000000000063,2.894999999999996,2.9200000000000017,2.905000000000001,2.8700000000000045,2.8499999999999943,2.844999999999999,2.8499999999999943,2.8599999999999994,2.905000000000001,2.9200000000000017,2.8639999999999985,2.853749999999998,2.853749999999998,2.8599999999999994,-4.100000000000259,-5.125000000000313,-4.5000000000001705,-6.6250000000003695,-1.0000000000005116,11.499999999999488
2026-07-21,2.7900000000000063,2.9099999999999966,2.950000000000003,2.9399999999999977,2.905000000000001,2.885000000000005,2.8799999999999955,2.885000000000005,2.894999999999996,2.9399999999999977,2.950000000000003,2.899000000000001,2.8887500000000017,2.8887500000000017,2.894999999999996,-4.099999999999682,-5.124999999999602,-4.5000000000001705,-6.125000000000114,-1.0000000000005116,14.999999999999147
2026-07-22,2.825000000000003,2.9650000000000034,3.010000000000005,2.9950000000000045,2.9549999999999983,2.924999999999997,2.9099999999999966,2.905000000000001,2.9099999999999966,2.9950000000000045,3.010000000000005,2.9379999999999997,2.9237499999999983,2.9237499999999983,2.9099999999999966,-5.7000000000004825,-7.125000000000625,-8.500000000000796,-8.625000000000682,-4.5000000000001705,17.00000000000017
2026-07-23,2.844999999999999,3.0049999999999955,3.069999999999993,3.069999999999993,3.030000000000001,2.9950000000000045,2.9749999999999943,2.9599999999999937,2.9599999999999937,3.069999999999993,3.069999999999993,3.0059999999999976,2.9899999999999984,2.9899999999999984,2.9599999999999937,-6.399999999999562,-7.999999999999474,-10.999999999999943,-7.999999999999474,-7.000000000000739,22.49999999999943
2026-07-24,2.8100000000000023,2.950000000000003,3.0,2.9950000000000045,2.9549999999999983,2.930000000000007,2.9150000000000063,2.9099999999999966,2.9150000000000063,2.9950000000000045,3.0,2.9410000000000025,2.927500000000002,2.927500000000002,2.9150000000000063,-5.400000000000205,-6.750000000000256,-7.9999999999998295,-7.249999999999801,-3.999999999999204,18.500000000000227
2026-07-27,2.7750000000000057,2.890000000000001,2.924999999999997,2.9150000000000063,2.8799999999999955,2.855000000000004,2.844999999999999,2.844999999999999,2.855000000000004,2.9150000000000063,2.924999999999997,2.8680000000000008,2.8562499999999993,2.8562499999999993,2.855000000000004,-4.700000000000548,-5.875000000000696,-6.000000000000227,-6.874999999999787,-2.4999999999991473,14.000000000000057
2026-07-28,2.7549999999999955,2.8599999999999994,2.890000000000001,2.8799999999999955,2.844999999999999,2.825000000000003,2.819999999999993,2.825000000000003,2.8349999999999937,2.8799999999999955,2.890000000000001,2.8389999999999986,2.8287499999999994,2.8287499999999994,2.8349999999999937,-4.099999999999682,-5.124999999999602,-4.5000000000001705,-6.125000000000158,-1.0000000000005116,12.5
2026-07-29,2.799999999999997,2.9200000000000017,2.9549999999999983,2.944999999999993,2.9150000000000063,2.894999999999996,2.885000000000005,2.885000000000005,2.890000000000001,2.944999999999993,2.9549999999999983,2.905000000000001,2.895000000000003,2.895000000000003,2.890000000000001,-3.999999999999204,-4.999999999999005,-5.499999999999217,-5.999999999999517,-2.500000000000524,14.499999999999602
2026-07-30,2.765000000000001,2.875,2.9200000000000017,2.9200000000000017,2.894999999999996,2.8799999999999955,2.875,2.8799999999999955,2.890000000000001,2.9200000000000017,2.9200000000000017,2.889999999999998,2.8824999999999967,2.8824999999999967,2.890000000000001,-3.00000000000038,-3.7500000000004974,-3.0000000000000693,-3.7500000000004974,-0.49999999999950084,15.50000000000007
2026-07-31,2.7849999999999966,2.905000000000001,2.9549999999999983,2.9549999999999983,2.930000000000007,2.9150000000000063,2.9099999999999966,2.9099999999999966,2.9150000000000063,2.9549999999999983,2.9549999999999983,2.924000000000001,2.9162500000000016,2.9162500000000016,2.9150000000000063,-3.0999999999997474,-3.874999999999673,-3.999999999999204,-3.874999999999673,-1.5000000000000568,17.00000000000017
2026-08-03,2.7549999999999955,2.8599999999999994,2.9000000000000057,2.894999999999996,2.8700000000000045,2.855000000000004,2.8499999999999943,2.855000000000004,2.864999999999995,2.894999999999996,2.9000000000000057,2.8650000000000007,2.8575000000000017,2.8575000000000017,2.864999999999995,-2.9999999999995364,-3.7499999999994316,-3.0000000000001137,-4.250000000000398,-0.5000000000009663,14.000000000000057
2026-08-04,2.7249999999999943,2.8149999999999977,2.844999999999999,2.8400000000000034,2.8149999999999977,2.805000000000007,2.805000000000007,2.8100000000000023,2.819999999999993,2.8400000000000034,2.844999999999999,2.8150000000000035,2.8087500000000034,2.8087500000000034,2.819999999999993,-2.499999999999991,-3.125,-2.000000000001023,-3.6249999999995453,0.49999999999954525,11.50000000000091
2026-08-05,2.7099999999999937,2.799999999999997,2.8349999999999937,2.8349999999999937,2.8100000000000023,2.799999999999997,2.799999999999997,2.805000000000007,2.8149999999999977,2.8349999999999937,2.8349999999999937,2.8099999999999996,2.803750000000001,2.803750000000001,2.8149999999999977,-2.499999999999414,-3.1249999999992895,-1.999999999999602,-3.1249999999992895,0.49999999999954525,12.5
2026-08-06,2.7150000000000034,2.8149999999999977,2.855000000000004,2.8599999999999994,2.8400000000000034,2.8299999999999983,2.8299999999999983,2.8299999999999983,2.8400000000000034,2.8599999999999994,2.855000000000004,2.8379999999999996,2.8324999999999996,2.8324999999999996,2.8400000000000034,-2.1999999999999797,-2.749999999999986,-1.999999999999602,-2.2500000000004405,0.0,14.499999999999602
2026-08-07,2.7150000000000034,2.8149999999999977,2.8599999999999994,2.864999999999995,2.8499999999999943,2.8400000000000034,2.8349999999999937,2.8349999999999937,2.844999999999999,2.864999999999995,2.8599999999999994,2.844999999999996,2.8399999999999963,2.8399999999999963,2.844999999999999,-1.9999999999998685,-2.499999999999858,-1.999999999999602,-2.0000000000003126,-0.49999999999954525,14.999999999999147
2026-08-10,2.7450000000000045,2.8599999999999994,2.9150000000000063,2.930000000000007,2.9150000000000063,2.905000000000001,2.9000000000000057,2.9000000000000057,2.905000000000001,2.930000000000007,2.9150000000000063,2.910000000000005,2.9050000000000047,2.9050000000000047,2.905000000000001,-2.0000000000001794,-2.500000000000213,-2.5000000000005684,-1.0000000000001563,-1.0000000000005116,18.500000000000227
2026-08-11,2.739999999999995,2.8499999999999943,2.9000000000000057,2.9099999999999966,2.890000000000001,2.875,2.8700000000000045,2.8700000000000045,2.875,2.9099999999999966,2.9000000000000057,2.8830000000000013,2.8762500000000024,2.8762500000000024,2.875,-2.699999999999525,-3.3749999999994174,-3.499999999999659,-2.375000000000327,-1.5000000000001013,17.00000000000017
2026-08-12,2.7549999999999955,2.8599999999999994,2.905000000000001,2.9099999999999966,2.890000000000001,2.875,2.8700000000000045,2.8700000000000045,2.8799999999999955,2.9099999999999966,2.905000000000001,2.8830000000000013,2.8762500000000024,2.8762500000000024,2.8799999999999955,-2.699999999999525,-3.3749999999994174,-3.0000000000001137,-2.874999999999872,-1.000000000000556,15.500000000000114
2026-08-13,2.739999999999995,2.8400000000000034,2.8799999999999955,2.8799999999999955,2.855000000000004,2.8400000000000034,2.8349999999999937,2.8349999999999937,2.844999999999999,2.8799999999999955,2.8799999999999955,2.848999999999998,2.8412499999999987,2.8412499999999987,2.844999999999999,-3.0999999999997474,-3.874999999999673,-3.499999999999659,-3.874999999999673,-1.0000000000005116,14.000000000000057
2026-08-14,2.760000000000005,2.8700000000000045,2.9200000000000017,2.924999999999997,2.905000000000001,2.894999999999996,2.894999999999996,2.9000000000000057,2.9099999999999966,2.924999999999997,2.9200000000000017,2.903999999999999,2.8987499999999997,2.8987499999999997,2.9099999999999966,-2.099999999999813,-2.624999999999744,-1.5000000000000568,-2.125000000000199,0.49999999999954525,16.499999999999204
2026-08-17,2.760000000000005,2.864999999999995,2.9150000000000063,2.9200000000000017,2.905000000000001,2.894999999999996,2.894999999999996,2.905000000000001,2.9200000000000017,2.9200000000000017,2.9150000000000063,2.903999999999999,2.8999999999999986,2.8999999999999986,2.9200000000000017,-1.6000000000002679,-2.0000000000003126,0.0,-1.5000000000007674,1.5000000000000568,15.999999999999659
2026-08-18,2.7900000000000063,2.9150000000000063,2.9749999999999943,2.9849999999999994,2.969999999999999,2.9599999999999937,2.9549999999999983,2.9549999999999983,2.9650000000000034,2.9849999999999994,2.9749999999999943,2.9649999999999976,2.9599999999999973,2.9599999999999973,2.9650000000000034,-2.0000000000001794,-2.500000000000213,-1.999999999999602,-1.4999999999997016,-0.49999999999954525,19.499999999999318
2026-08-19,2.799999999999997,2.9350000000000023,3.0,3.010000000000005,2.989999999999995,2.9749999999999943,2.969999999999999,2.969999999999999,2.980000000000004,3.010000000000005,3.0,2.9829999999999983,2.9762499999999967,2.9762499999999967,2.980000000000004,-2.7000000000006796,-3.3750000000008384,-3.0000000000001137,-2.375000000000327,-0.9999999999990905,21.000000000000796
2026-08-20,2.7849999999999966,2.9099999999999966,2.969999999999999,2.980000000000004,2.9599999999999937,2.950000000000003,2.944999999999993,2.950000000000003,2.9599999999999937,2.980000000000004,2.969999999999999,2.9569999999999994,2.951249999999998,2.951249999999998,2.9599999999999937,-2.3000000000004572,-2.8750000000005826,-2.000000000001023,-1.875000000000071,0.0,19.50000000000074
2026-08-21,2.780000000000001,2.9000000000000057,2.9599999999999937,2.969999999999999,2.9549999999999983,2.944999999999993,2.944999999999993,2.950000000000003,2.9599999999999937,2.969999999999999,2.9599999999999937,2.952999999999997,2.948749999999997,2.948749999999997,2.9599999999999937,-1.700000000000168,-2.125000000000199,-1.0000000000005116,-1.1249999999996874,0.49999999999954525,18.999999999999773
2026-08-24,2.8100000000000023,2.944999999999993,3.010000000000005,3.019999999999996,2.9950000000000045,2.980000000000004,2.969999999999999,2.969999999999999,2.9749999999999943,3.019999999999996,3.010000000000005,2.9870000000000005,2.9787500000000016,2.9787500000000016,2.9749999999999943,-3.2999999999995477,-4.124999999999446,-4.5000000000001705,-3.1250000000003553,-2.000000000001023,20.999999999999375
2026-08-25,2.780000000000001,2.890000000000001,2.944999999999993,2.950000000000003,2.930000000000007,2.9150000000000063,2.9099999999999966,2.9099999999999966,2.9200000000000017,2.950000000000003,2.944999999999993,2.923000000000002,2.9162500000000016,2.9162500000000016,2.9200000000000017,-2.7000000000001023,-3.375000000000128,-3.0000000000001137,-2.8749999999991616,-1.0000000000005116,17.00000000000017
2026-08-26,2.7849999999999966,2.9000000000000057,2.9549999999999983,2.9599999999999937,2.9399999999999977,2.924999999999997,2.9200000000000017,2.924999999999997,2.9399999999999977,2.9599999999999937,2.9549999999999983,2.9339999999999975,2.9274999999999984,2.9274999999999984,2.9399999999999977,-2.599999999999625,-3.249999999999531,-1.999999999999602,-2.749999999999986,0.0,17.499999999999716
2026-08-27,2.7900000000000063,2.9150000000000063,2.980000000000004,2.9950000000000045,2.9749999999999943,2.9599999999999937,2.9549999999999983,2.9549999999999983,2.9650000000000034,2.9950000000000045,2.980000000000004,2.9679999999999978,2.961249999999996,2.961249999999996,2.9650000000000034,-2.7000000000006796,-3.3750000000008384,-3.0000000000001137,-1.8750000000007816,-0.9999999999990905,20.49999999999983
2026-08-28,2.8100000000000023,2.950000000000003,3.030000000000001,3.055000000000007,3.0349999999999966,3.015000000000001,3.0049999999999955,3.0,3.0049999999999955,3.055000000000007,3.030000000000001,3.022,3.013749999999998,3.013749999999998,3.0049999999999955,-3.3000000000007024,-4.125000000000867,-5.000000000001137,-1.6250000000002984,-3.0000000000001137,24.500000000000455
2026-08-31,2.8149999999999977,2.9749999999999943,3.0649999999999977,3.094999999999999,3.0799999999999983,3.0649999999999977,3.055000000000007,3.049999999999997,3.055000000000007,3.094999999999999,3.0649999999999977,3.069,3.0625,3.0625,3.055000000000007,-2.5999999999998913,-3.2499999999998863,-3.999999999999204,-0.24999999999977263,-2.4999999999991473,28.000000000000114
2026-09-01,2.8349999999999937,3.0,3.094999999999999,3.125,3.1099999999999994,3.0900000000000034,3.0799999999999983,3.075000000000003,3.0799999999999983,3.125,3.094999999999999,3.096000000000001,3.088750000000001,3.088750000000001,3.0799999999999983,-2.8999999999999027,-3.6249999999999005,-4.5000000000001705,-0.6249999999997868,-3.0000000000001137,29.000000000000625
2026-09-02,2.864999999999995,3.055000000000007,3.155000000000001,3.180000000000007,3.1599999999999966,3.140000000000001,3.1299999999999955,3.125,3.1299999999999955,3.180000000000007,3.155000000000001,3.147,3.138749999999998,3.138749999999998,3.1299999999999955,-3.3000000000007024,-4.125000000000867,-5.000000000001137,-1.6250000000002984,-3.0000000000001137,31.500000000001194
2026-09-03,2.844999999999999,3.019999999999996,3.1099999999999994,3.1299999999999955,3.1099999999999994,3.0900000000000034,3.0799999999999983,3.0799999999999983,3.0849999999999937,3.1299999999999955,3.1099999999999994,3.097999999999999,3.09,3.09,3.0849999999999937,-3.1999999999996476,-3.9999999999995595,-4.5000000000001705,-1.9999999999999574,-2.5000000000005684,28.49999999999966
2026-09-04,2.8299999999999983,3.0049999999999955,3.094999999999999,3.114999999999995,3.094999999999999,3.075000000000003,3.069999999999993,3.075000000000003,3.0849999999999937,3.114999999999995,3.094999999999999,3.0859999999999985,3.0787499999999994,3.0787499999999994,3.0849999999999937,-2.899999999999636,-3.6249999999995453,-3.0000000000001137,-1.6249999999999432,-1.0000000000005116,28.49999999999966
2026-09-07,2.855000000000004,3.0450000000000017,3.144999999999996,3.174999999999997,3.1599999999999966,3.140000000000001,3.1299999999999955,3.1299999999999955,3.140000000000001,3.174999999999997,3.144999999999996,3.146999999999997,3.139999999999997,3.139999999999997,3.140000000000001,-2.8000000000000025,-3.500000000000014,-3.4999999999996145,-0.4999999999999005,-1.9999999999995577,31.999999999999318
2026-09-08,2.844999999999999,3.0349999999999966,3.135000000000005,3.1650000000000063,3.155000000000001,3.140000000000001,3.1299999999999955,3.1299999999999955,3.135000000000005,3.1650000000000063,3.135000000000005,3.1439999999999997,3.138749999999998,3.138749999999998,3.135000000000005,-2.100000000000657,-2.62500000000081,-3.0000000000001137,0.37499999999930367,-1.999999999999602,32.00000000000074
2026-09-09,2.875,3.094999999999999,3.219999999999999,3.265000000000001,3.265000000000001,3.25,3.2349999999999994,3.230000000000004,3.230000000000004,3.265000000000001,3.219999999999999,3.249000000000001,3.245000000000001,3.245000000000001,3.230000000000004,-1.6000000000000014,-2.0000000000000018,-3.4999999999997033,2.500000000000213,-3.4999999999997033,39.0000000000001
2026-09-10,3.010000000000005,3.299999999999997,3.444999999999993,3.4849999999999994,3.4599999999999937,3.4200000000000017,3.385000000000005,3.364999999999995,3.3499999999999943,3.4849999999999994,3.444999999999993,3.422999999999999,3.407499999999999,3.407499999999999,3.3499999999999943,-6.200000000000028,-7.750000000000057,-13.500000000000512,-3.7499999999994316,-10.999999999999943,47.49999999999943
2026-09-11,3.0250000000000057,3.3100000000000023,3.4350000000000023,3.4650000000000034,3.4350000000000023,3.394999999999996,3.364999999999995,3.3499999999999943,3.344999999999999,3.4650000000000034,3.4350000000000023,3.4019999999999984,3.386249999999997,3.386249999999997,3.344999999999999,-6.300000000000505,-7.875000000000654,-12.000000000000455,-4.87500000000054,-9.000000000000341,43.99999999999977
2026-09-14,3.075000000000003,3.405000000000001,3.555000000000007,3.594999999999999,3.5649999999999977,3.515000000000001,3.469999999999999,3.444999999999993,3.424999999999997,3.594999999999999,3.555000000000007,3.517999999999998,3.4987499999999976,3.4987499999999976,3.424999999999997,-7.7000000000000846,-9.625000000000128,-17.00000000000017,-5.625000000000924,-14.000000000000057,51.9999999999996
2026-09-15,3.019999999999996,3.3400000000000034,3.480000000000004,3.5250000000000057,3.510000000000005,3.4749999999999943,3.4399999999999977,3.4200000000000017,3.4099999999999966,3.5250000000000057,3.480000000000004,3.474000000000001,3.4612499999999997,3.4612499999999997,3.4099999999999966,-5.10000000000046,-6.375000000000597,-11.50000000000091,-1.8750000000004263,-10.000000000000853,50.500000000000966
2026-09-16,3.0,3.299999999999997,3.430000000000007,3.4599999999999937,3.4350000000000023,3.4000000000000057,3.375,3.3599999999999994,3.355000000000004,3.4599999999999937,3.430000000000007,3.406,3.392500000000002,3.392500000000002,3.355000000000004,-5.399999999999361,-6.74999999999919,-10.499999999998977,-3.7500000000004974,-7.9999999999998295,45.999999999999375
2026-09-17,3.015000000000001,3.3149999999999977,3.450000000000003,3.480000000000004,3.450000000000003,3.4099999999999966,3.3799999999999955,3.3599999999999994,3.3499999999999943,3.480000000000004,3.450000000000003,3.4159999999999995,3.3999999999999986,3.3999999999999986,3.3499999999999943,-6.40000000000045,-8.00000000000054,-13.000000000000966,-5.000000000000426,-10.000000000000853,46.5000000000003
2026-09-18,3.049999999999997,3.3799999999999955,3.5400000000000063,3.5849999999999937,3.5649999999999977,3.530000000000001,3.4950000000000045,3.469999999999999,3.4549999999999983,3.5849999999999937,3.5400000000000063,3.528999999999999,3.5150000000000006,3.5150000000000006,3.4549999999999983,-5.599999999999472,-6.999999999999318,-12.999999999999545,-2.5000000000005684,-10.999999999999943,53.49999999999966
