date,Z26,H27,M27,U27,Z27,H28,M28,U28,Z28,peak_U,peak_M,y1y1_incl,y1y1_post,y1y1_reds,z28,spread_A_payU27_recv_1y1y_incl,spread_B_payU27_recv_post1y,spread_C_payU27_recv_Z28,spread_D_payM27_recv_post1y,spread_z7z8,spread_u27z26,d_U27,d_M27,d_Z26,d_Z27,d_Z28,d_y1y1_incl,d_y1y1_post,d_peak_U,d_peak_M,d_z28,dspr_A_payU27_recv_1y1y_incl,pnl_A_payU27_recv_1y1y_incl,dspr_B_payU27_recv_post1y,pnl_B_payU27_recv_post1y,dspr_C_payU27_recv_Z28,pnl_C_payU27_recv_Z28,dspr_D_payM27_recv_post1y,pnl_D_payM27_recv_post1y,d_z7z8,pnl_z7z8,d_u27z26,pnl_u27z26_recv
2026-01-02,2.114999999999995,2.1850000000000023,2.2549999999999955,2.325000000000003,2.394999999999996,2.4599999999999937,2.5250000000000057,2.5900000000000034,2.644999999999996,2.325000000000003,2.2549999999999955,2.4590000000000005,2.4924999999999997,2.4924999999999997,2.644999999999996,13.399999999999768,16.749999999999687,31.999999999999318,23.750000000000426,25.0,21.000000000000796,,,,,,,,,,,,,,,,,,,,,,
2026-01-05,2.1099999999999994,2.174999999999997,2.2450000000000045,2.3100000000000023,2.375,2.4399999999999977,2.5,2.5600000000000023,2.614999999999995,2.3100000000000023,2.2450000000000045,2.4370000000000003,2.46875,2.46875,2.614999999999995,12.6999999999998,15.874999999999773,30.49999999999926,22.374999999999545,23.99999999999949,20.000000000000284,-1.5000000000000568,-0.9999999999990905,-0.49999999999954525,-1.999999999999602,-3.0000000000001137,-2.200000000000024,-2.3749999999999716,-1.5000000000000568,-0.9999999999990905,-3.0000000000001137,-0.6999999999999673,0.6999999999999673,-0.8749999999999147,0.8749999999999147,-1.5000000000000568,1.5000000000000568,-1.375000000000881,1.375000000000881,-1.0000000000005116,1.0000000000005116,-1.0000000000005116,1.0000000000005116
2026-01-06,2.075000000000003,2.135000000000005,2.2049999999999983,2.2750000000000057,2.3400000000000034,2.4099999999999966,2.4749999999999943,2.5349999999999966,2.5900000000000034,2.2750000000000057,2.2049999999999983,2.406999999999999,2.4399999999999977,2.4399999999999977,2.5900000000000034,13.199999999999346,16.499999999999204,31.499999999999773,23.499999999999943,25.0,20.000000000000284,-3.499999999999659,-4.000000000000625,-3.499999999999659,-3.499999999999659,-2.4999999999991473,-3.0000000000001137,-2.8750000000002274,-3.499999999999659,-4.000000000000625,-2.4999999999991473,0.49999999999954525,-0.49999999999954525,0.6249999999994316,-0.6249999999994316,1.0000000000005116,-1.0000000000005116,1.125000000000398,-1.125000000000398,1.0000000000005116,-1.0000000000005116,0.0,-0.0
2026-01-07,2.049999999999997,2.105000000000004,2.1700000000000017,2.2349999999999994,2.299999999999997,2.364999999999995,2.424999999999997,2.480000000000004,2.5349999999999966,2.2349999999999994,2.1700000000000017,2.3609999999999984,2.3924999999999983,2.3924999999999983,2.5349999999999966,12.5999999999999,15.749999999999886,29.999999999999716,22.24999999999966,23.499999999999943,18.500000000000227,-4.000000000000625,-3.499999999999659,-2.5000000000005684,-4.000000000000625,-5.500000000000682,-4.600000000000071,-4.749999999999943,-4.000000000000625,-3.499999999999659,-5.500000000000682,-0.5999999999994454,0.5999999999994454,-0.7499999999993179,0.7499999999993179,-1.5000000000000568,1.5000000000000568,-1.2500000000002842,1.2500000000002842,-1.5000000000000568,1.5000000000000568,-1.5000000000000568,1.5000000000000568
2026-01-08,2.0649999999999977,2.125,2.1899999999999977,2.260000000000005,2.325000000000003,2.385000000000005,2.444999999999993,2.5049999999999955,2.5600000000000023,2.260000000000005,2.1899999999999977,2.3840000000000003,2.414999999999999,2.414999999999999,2.5600000000000023,12.399999999999523,15.499999999999403,29.999999999999716,22.500000000000142,23.499999999999943,19.50000000000074,2.5000000000005684,1.999999999999602,1.5000000000000568,2.5000000000005684,2.5000000000005684,2.300000000000191,2.2500000000000853,2.5000000000005684,1.999999999999602,2.5000000000005684,-0.20000000000037765,0.20000000000037765,-0.25000000000048317,0.25000000000048317,0.0,-0.0,0.25000000000048317,-0.25000000000048317,0.0,-0.0,1.0000000000005116,-1.0000000000005116
2026-01-09,2.069999999999993,2.1299999999999955,2.194999999999993,2.260000000000005,2.325000000000003,2.390000000000001,2.450000000000003,2.5049999999999955,2.5600000000000023,2.260000000000005,2.194999999999993,2.3860000000000015,2.4175000000000004,2.4175000000000004,2.5600000000000023,12.599999999999634,15.749999999999531,29.999999999999716,22.250000000000725,23.499999999999943,19.000000000001194,0.0,0.49999999999954525,0.49999999999954525,0.0,0.0,0.2000000000001112,0.2500000000001279,0.0,0.49999999999954525,0.0,0.2000000000001112,-0.2000000000001112,0.2500000000001279,-0.2500000000001279,0.0,-0.0,-0.24999999999941735,0.24999999999941735,0.0,-0.0,-0.49999999999954525,0.49999999999954525
2026-01-12,2.0649999999999977,2.1200000000000045,2.1850000000000023,2.25,2.3100000000000023,2.3700000000000045,2.430000000000007,2.4849999999999994,2.5349999999999966,2.25,2.1850000000000023,2.3690000000000024,2.3987500000000033,2.3987500000000033,2.5349999999999966,11.900000000000244,14.875000000000327,28.49999999999966,21.3750000000001,22.49999999999943,18.500000000000227,-1.0000000000005116,-0.9999999999990905,-0.49999999999954525,-1.5000000000000568,-2.5000000000005684,-1.6999999999999016,-1.8749999999997158,-1.0000000000005116,-0.9999999999990905,-2.5000000000005684,-0.69999999999939,0.69999999999939,-0.8749999999992042,0.8749999999992042,-1.5000000000000568,1.5000000000000568,-0.8750000000006253,0.8750000000006253,-1.0000000000005116,1.0000000000005116,-0.5000000000009663,0.5000000000009663
2026-01-13,2.0600000000000023,2.1200000000000045,2.180000000000007,2.2450000000000045,2.3100000000000023,2.3700000000000045,2.430000000000007,2.4849999999999994,2.5400000000000063,2.2450000000000045,2.180000000000007,2.3680000000000034,2.3987500000000033,2.3987500000000033,2.5400000000000063,12.299999999999889,15.374999999999872,29.50000000000017,21.874999999999645,23.000000000000398,18.500000000000227,-0.49999999999954525,-0.49999999999954525,-0.49999999999954525,0.0,0.5000000000009663,-0.09999999999990017,0.0,-0.49999999999954525,-0.49999999999954525,0.5000000000009663,0.3999999999996451,-0.3999999999996451,0.49999999999954525,-0.49999999999954525,1.0000000000005116,-1.0000000000005116,0.49999999999954525,-0.49999999999954525,0.5000000000009663,-0.5000000000009663,0.0,-0.0
2026-01-14,2.049999999999997,2.105000000000004,2.1650000000000063,2.230000000000004,2.2900000000000063,2.3499999999999943,2.405000000000001,2.4599999999999937,2.515000000000001,2.230000000000004,2.1650000000000063,2.347,2.376249999999999,2.376249999999999,2.515000000000001,11.6999999999996,14.624999999999488,28.4999999999997,21.12499999999926,22.499999999999474,18.000000000000682,-1.5000000000000568,-1.5000000000000568,-1.0000000000005116,-1.999999999999602,-2.500000000000524,-2.100000000000346,-2.2500000000004405,-1.5000000000000568,-1.5000000000000568,-2.500000000000524,-0.6000000000002892,0.6000000000002892,-0.7500000000003837,0.7500000000003837,-1.000000000000469,1.000000000000469,-0.7500000000003837,0.7500000000003837,-0.5000000000009237,0.5000000000009237,-0.49999999999954525,0.49999999999954525
2026-01-15,2.075000000000003,2.1299999999999955,2.194999999999993,2.2549999999999955,2.3149999999999977,2.375,2.430000000000007,2.480000000000004,2.530000000000001,2.2549999999999955,2.194999999999993,2.371000000000001,2.400000000000002,2.400000000000002,2.530000000000001,11.600000000000543,14.500000000000668,27.50000000000057,20.500000000000895,21.50000000000034,17.99999999999926,2.4999999999991473,2.9999999999986926,2.5000000000005684,2.4999999999991473,1.5000000000000124,2.400000000000091,2.375000000000327,2.4999999999991473,2.9999999999986926,1.5000000000000124,-0.0999999999990564,0.0999999999990564,-0.1249999999988205,0.1249999999988205,-0.9999999999991331,0.9999999999991331,-0.6249999999983658,0.6249999999983658,-0.9999999999991331,0.9999999999991331,-1.4210854715202004e-12,1.4210854715202004e-12
2026-01-16,2.0900000000000034,2.1500000000000057,2.219999999999999,2.2849999999999966,2.344999999999999,2.405000000000001,2.4599999999999937,2.515000000000001,2.5649999999999977,2.2849999999999966,2.219999999999999,2.4019999999999984,2.4312499999999986,2.4312499999999986,2.5649999999999977,11.700000000000177,14.625000000000199,28.000000000000114,21.12499999999997,21.999999999999886,19.499999999999318,3.0000000000001137,2.5000000000005684,1.5000000000000568,3.0000000000001137,3.499999999999659,3.0999999999997474,3.1249999999996447,3.0000000000001137,2.5000000000005684,3.499999999999659,0.09999999999963372,-0.09999999999963372,0.12499999999953104,-0.12499999999953104,0.49999999999954525,-0.49999999999954525,0.6249999999990763,-0.6249999999990763,0.49999999999954525,-0.49999999999954525,1.5000000000000568,-1.5000000000000568
2026-01-19,2.055000000000007,2.114999999999995,2.1850000000000023,2.25,2.319999999999993,2.3799999999999955,2.4399999999999977,2.5,2.549999999999997,2.25,2.1850000000000023,2.3779999999999974,2.4099999999999966,2.4099999999999966,2.549999999999997,12.799999999999745,15.999999999999659,29.999999999999716,22.49999999999943,23.000000000000398,19.499999999999318,-3.499999999999659,-3.499999999999659,-3.499999999999659,-2.5000000000005684,-1.5000000000000568,-2.400000000000091,-2.125000000000199,-3.499999999999659,-3.499999999999659,-1.5000000000000568,1.099999999999568,-1.099999999999568,1.37499999999946,-1.37499999999946,1.999999999999602,-1.999999999999602,1.37499999999946,-1.37499999999946,1.0000000000005116,-1.0000000000005116,0.0,-0.0
2026-01-20,2.0400000000000063,2.0999999999999943,2.1700000000000017,2.239999999999995,2.3100000000000023,2.375,2.4399999999999977,2.5,2.555000000000007,2.239999999999995,2.1700000000000017,2.372999999999999,2.40625,2.40625,2.555000000000007,13.3000000000004,16.62500000000051,31.500000000001194,23.62499999999983,24.500000000000455,19.999999999998863,-1.0000000000005116,-1.5000000000000568,-1.5000000000000568,-0.9999999999990905,0.5000000000009663,-0.4999999999998561,-0.37499999999965894,-1.0000000000005116,-1.5000000000000568,0.5000000000009663,0.5000000000006555,-0.5000000000006555,0.6250000000008527,-0.6250000000008527,1.500000000001478,-1.500000000001478,1.125000000000398,-1.125000000000398,1.5000000000000568,-1.5000000000000568,0.49999999999954525,-0.49999999999954525
2026-01-21,2.055000000000007,2.1200000000000045,2.1899999999999977,2.265000000000001,2.3349999999999937,2.4000000000000057,2.4599999999999937,2.519999999999996,2.575000000000003,2.265000000000001,2.1899999999999977,2.395999999999998,2.4287499999999973,2.4287499999999973,2.575000000000003,13.099999999999712,16.37499999999963,31.000000000000185,23.874999999999957,24.00000000000091,20.999999999999417,2.500000000000613,1.999999999999602,1.5000000000000568,2.4999999999991473,1.999999999999602,2.2999999999999243,2.24999999999973,2.500000000000613,1.999999999999602,1.999999999999602,-0.20000000000068852,0.20000000000068852,-0.2500000000008811,0.2500000000008811,-0.500000000001009,0.500000000001009,0.2500000000001279,-0.2500000000001279,-0.49999999999954525,0.49999999999954525,1.0000000000005542,-1.0000000000005542
2026-01-22,2.075000000000003,2.140000000000001,2.2099999999999937,2.2849999999999966,2.355000000000004,2.4200000000000017,2.480000000000004,2.5349999999999966,2.5900000000000034,2.2849999999999966,2.2099999999999937,2.4150000000000005,2.4475000000000016,2.4475000000000016,2.5900000000000034,13.000000000000389,16.250000000000497,30.500000000000682,23.75000000000078,23.499999999999943,20.999999999999375,1.9999999999995577,1.999999999999602,1.999999999999602,2.000000000001023,1.5000000000000568,1.9000000000002348,1.8750000000004263,1.9999999999995577,1.999999999999602,1.5000000000000568,-0.09999999999932285,0.09999999999932285,-0.12499999999913314,0.12499999999913314,-0.4999999999995026,0.4999999999995026,-0.12499999999917577,0.12499999999917577,-0.5000000000009663,0.5000000000009663,-4.263256414560601e-14,4.263256414560601e-14
2026-01-23,2.094999999999999,2.1650000000000063,2.239999999999995,2.3149999999999977,2.3799999999999955,2.4399999999999977,2.5,2.555000000000007,2.605000000000004,2.3149999999999977,2.239999999999995,2.4379999999999997,2.46875,2.46875,2.605000000000004,12.3000000000002,15.375000000000227,29.000000000000625,22.87500000000051,22.500000000000853,21.999999999999886,3.0000000000001137,3.0000000000001137,1.999999999999602,2.4999999999991473,1.5000000000000568,2.2999999999999243,2.1249999999998437,3.0000000000001137,3.0000000000001137,1.5000000000000568,-0.7000000000001894,0.7000000000001894,-0.87500000000027,0.87500000000027,-1.5000000000000568,1.5000000000000568,-0.87500000000027,0.87500000000027,-0.9999999999990905,0.9999999999990905,1.0000000000005116,-1.0000000000005116
2026-01-26,2.075000000000003,2.140000000000001,2.2099999999999937,2.280000000000001,2.344999999999999,2.405000000000001,2.4650000000000034,2.519999999999996,2.569999999999993,2.280000000000001,2.2099999999999937,2.403,2.43375,2.43375,2.569999999999993,12.299999999999889,15.374999999999872,28.999999999999204,22.37500000000061,22.49999999999943,20.49999999999983,-3.499999999999659,-3.0000000000001137,-1.999999999999602,-3.499999999999659,-3.50000000000108,-3.49999999999997,-3.500000000000014,-3.499999999999659,-3.0000000000001137,-3.50000000000108,-3.1086244689504383e-13,3.1086244689504383e-13,-3.552713678800501e-13,3.552713678800501e-13,-1.4210854715202004e-12,1.4210854715202004e-12,-0.4999999999999005,0.4999999999999005,-1.4210854715202004e-12,1.4210854715202004e-12,-1.5000000000000568,1.5000000000000568
2026-01-27,2.0600000000000023,2.125,2.194999999999993,2.265000000000001,2.3299999999999983,2.394999999999996,2.4549999999999983,2.510000000000005,2.5600000000000023,2.265000000000001,2.194999999999993,2.3909999999999996,2.4224999999999994,2.4224999999999994,2.5600000000000023,12.599999999999856,15.749999999999842,29.500000000000128,22.750000000000625,23.000000000000398,20.499999999999872,-1.5000000000000124,-1.5000000000000568,-1.5000000000000568,-1.5000000000000568,-0.9999999999990905,-1.2000000000000455,-1.1250000000000426,-1.5000000000000124,-1.5000000000000568,-0.9999999999990905,0.29999999999996696,-0.29999999999996696,0.3749999999999698,-0.3749999999999698,0.5000000000009237,-0.5000000000009237,0.3750000000000142,-0.3750000000000142,0.5000000000009663,-0.5000000000009663,4.263256414560601e-14,-4.263256414560601e-14
2026-01-28,2.030000000000001,2.0900000000000034,2.1599999999999966,2.230000000000004,2.299999999999997,2.364999999999995,2.424999999999997,2.480000000000004,2.5349999999999966,2.230000000000004,2.1599999999999966,2.3599999999999994,2.3924999999999983,2.3924999999999983,2.5349999999999966,12.999999999999545,16.24999999999943,30.49999999999926,23.25000000000017,23.499999999999943,20.000000000000284,-3.4999999999997033,-3.499999999999659,-3.0000000000001137,-3.0000000000001137,-2.5000000000005684,-3.100000000000014,-3.0000000000001137,-3.4999999999997033,-3.499999999999659,-2.5000000000005684,0.3999999999996895,-0.3999999999996895,0.49999999999958966,-0.49999999999958966,0.9999999999991331,-0.9999999999991331,0.49999999999954525,-0.49999999999954525,0.49999999999954525,-0.49999999999954525,-0.4999999999995879,0.4999999999995879
2026-01-29,2.010000000000005,2.0649999999999977,2.1299999999999955,2.194999999999993,2.2549999999999955,2.3149999999999977,2.375,2.4350000000000023,2.489999999999995,2.194999999999993,2.1299999999999955,2.3149999999999977,2.344999999999999,2.344999999999999,2.489999999999995,12.000000000000455,15.000000000000568,29.50000000000017,21.50000000000034,23.499999999999943,18.499999999998806,-3.50000000000108,-3.0000000000001137,-1.999999999999602,-4.5000000000001705,-4.5000000000001705,-4.5000000000001705,-4.749999999999943,-3.50000000000108,-3.0000000000001137,-4.5000000000001705,-0.9999999999990905,0.9999999999990905,-1.2499999999988631,1.2499999999988631,-0.9999999999990905,0.9999999999990905,-1.7499999999998295,1.7499999999998295,0.0,-0.0,-1.500000000001478,1.500000000001478
2026-01-30,2.0250000000000057,2.0799999999999983,2.144999999999996,2.2099999999999937,2.2750000000000057,2.3349999999999937,2.394999999999996,2.4549999999999983,2.510000000000005,2.2099999999999937,2.144999999999996,2.3339999999999974,2.3649999999999984,2.3649999999999984,2.510000000000005,12.400000000000366,15.500000000000469,30.000000000001137,22.00000000000024,23.499999999999943,18.499999999998806,1.5000000000000568,1.5000000000000568,1.5000000000000568,2.000000000001023,2.000000000001023,1.8999999999999684,1.9999999999999574,1.5000000000000568,1.5000000000000568,2.000000000001023,0.39999999999991154,-0.39999999999991154,0.4999999999999005,-0.4999999999999005,0.5000000000009663,-0.5000000000009663,0.4999999999999005,-0.4999999999999005,0.0,-0.0,0.0,-0.0
2026-02-02,2.049999999999997,2.1099999999999994,2.174999999999997,2.239999999999995,2.305000000000007,2.364999999999995,2.424999999999997,2.480000000000004,2.5349999999999966,2.239999999999995,2.174999999999997,2.3629999999999995,2.3937500000000007,2.3937500000000007,2.5349999999999966,12.300000000000466,15.375000000000583,29.50000000000017,21.875000000000355,22.999999999998977,18.999999999999773,3.0000000000001137,3.0000000000001137,2.4999999999991473,3.0000000000001137,2.4999999999991473,2.9000000000002135,2.8750000000002274,3.0000000000001137,3.0000000000001137,2.4999999999991473,-0.09999999999990017,0.09999999999990017,-0.12499999999988631,0.12499999999988631,-0.5000000000009663,0.5000000000009663,-0.12499999999988631,0.12499999999988631,-0.5000000000009663,0.5000000000009663,0.5000000000009663,-0.5000000000009663
2026-02-03,2.0600000000000023,2.1200000000000045,2.1850000000000023,2.2549999999999955,2.319999999999993,2.385000000000005,2.444999999999993,2.5,2.555000000000007,2.2549999999999955,2.1850000000000023,2.3809999999999976,2.412499999999998,2.412499999999998,2.555000000000007,12.600000000000211,15.750000000000242,30.000000000001137,22.74999999999956,23.500000000001364,19.499999999999318,1.5000000000000568,1.0000000000005116,1.0000000000005116,1.4999999999986358,2.000000000001023,1.7999999999998018,1.8749999999997158,1.5000000000000568,1.0000000000005116,2.000000000001023,0.2999999999997449,-0.2999999999997449,0.37499999999965894,-0.37499999999965894,0.5000000000009663,-0.5000000000009663,0.8749999999992042,-0.8749999999992042,0.5000000000023874,-0.5000000000023874,0.49999999999954525,-0.49999999999954525
2026-02-04,2.0349999999999966,2.094999999999999,2.1599999999999966,2.2249999999999943,2.2900000000000063,2.3499999999999943,2.4099999999999966,2.469999999999999,2.5250000000000057,2.2249999999999943,2.1599999999999966,2.348999999999998,2.379999999999999,2.379999999999999,2.5250000000000057,12.400000000000366,15.500000000000469,30.000000000001137,22.00000000000024,23.499999999999943,18.999999999999773,-3.0000000000001137,-2.5000000000005684,-2.5000000000005684,-2.9999999999986926,-3.0000000000001137,-3.1999999999999584,-3.2499999999998863,-3.0000000000001137,-2.5000000000005684,-3.0000000000001137,-0.19999999999984475,0.19999999999984475,-0.24999999999977263,0.24999999999977263,0.0,-0.0,-0.7499999999993179,0.7499999999993179,-1.4210854715202004e-12,1.4210854715202004e-12,-0.49999999999954525,0.49999999999954525
2026-02-05,2.0250000000000057,2.0799999999999983,2.144999999999996,2.2099999999999937,2.2750000000000057,2.3349999999999937,2.394999999999996,2.450000000000003,2.5049999999999955,2.2099999999999937,2.144999999999996,2.3329999999999984,2.3637499999999996,2.3637499999999996,2.5049999999999955,12.300000000000466,15.375000000000583,29.50000000000017,21.875000000000355,22.999999999998977,18.499999999998806,-1.5000000000000568,-1.5000000000000568,-0.9999999999990905,-1.5000000000000568,-2.000000000001023,-1.599999999999957,-1.6249999999999432,-1.5000000000000568,-1.5000000000000568,-2.000000000001023,-0.09999999999990017,0.09999999999990017,-0.12499999999988631,0.12499999999988631,-0.5000000000009663,0.5000000000009663,-0.12499999999988631,0.12499999999988631,-0.5000000000009663,0.5000000000009663,-0.5000000000009663,0.5000000000009663
2026-02-06,2.0250000000000057,2.075000000000003,2.135000000000005,2.200000000000003,2.265000000000001,2.325000000000003,2.385000000000005,2.4399999999999977,2.4950000000000045,2.200000000000003,2.135000000000005,2.3230000000000017,2.3537500000000016,2.3537500000000016,2.4950000000000045,12.299999999999889,15.374999999999872,29.50000000000017,21.874999999999645,23.000000000000355,17.499999999999716,-0.9999999999990905,-0.9999999999990905,0.0,-1.0000000000004672,-0.9999999999990905,-0.9999999999996678,-0.999999999999801,-0.9999999999990905,-0.9999999999990905,-0.9999999999990905,-5.773159728050814e-13,5.773159728050814e-13,-7.105427357601002e-13,7.105427357601002e-13,0.0,-0.0,-7.105427357601002e-13,7.105427357601002e-13,1.3784529073745944e-12,-1.3784529073745944e-12,-0.9999999999990905,0.9999999999990905
2026-02-09,2.0049999999999955,2.049999999999997,2.1099999999999994,2.174999999999997,2.2349999999999994,2.2950000000000017,2.355000000000004,2.4150000000000063,2.469999999999999,2.174999999999997,2.1099999999999994,2.2950000000000017,2.325000000000003,2.325000000000003,2.469999999999999,12.000000000000455,15.000000000000568,29.50000000000017,21.50000000000034,23.499999999999943,17.00000000000017,-2.5000000000005684,-2.5000000000005684,-2.000000000001023,-3.000000000000158,-2.5000000000005684,-2.8000000000000025,-2.874999999999872,-2.5000000000005684,-2.5000000000005684,-2.5000000000005684,-0.29999999999943405,0.29999999999943405,-0.37499999999930367,0.37499999999930367,0.0,-0.0,-0.37499999999930367,0.37499999999930367,0.4999999999995879,-0.4999999999995879,-0.49999999999954525,0.49999999999954525
2026-02-10,2.0,2.0450000000000017,2.0999999999999943,2.1599999999999966,2.219999999999999,2.280000000000001,2.3400000000000034,2.394999999999996,2.450000000000003,2.1599999999999966,2.0999999999999943,2.278999999999999,2.30875,2.30875,2.450000000000003,11.900000000000244,14.875000000000327,29.000000000000625,20.875000000000554,23.000000000000398,15.999999999999659,-1.5000000000000568,-1.0000000000005116,-0.49999999999954525,-1.5000000000000568,-1.999999999999602,-1.6000000000002679,-1.6250000000002984,-1.5000000000000568,-1.0000000000005116,-1.999999999999602,-0.10000000000021103,0.10000000000021103,-0.12500000000024158,0.12500000000024158,-0.49999999999954525,0.49999999999954525,-0.6249999999997868,0.6249999999997868,-0.49999999999954525,0.49999999999954525,-1.0000000000005116,1.0000000000005116
2026-02-11,2.0049999999999955,2.049999999999997,2.105000000000004,2.1700000000000017,2.230000000000004,2.2900000000000063,2.344999999999999,2.4000000000000057,2.4549999999999983,2.1700000000000017,2.105000000000004,2.2870000000000035,2.3162500000000037,2.3162500000000037,2.4549999999999983,11.700000000000177,14.625000000000199,28.49999999999966,21.12499999999997,22.49999999999943,16.500000000000625,1.0000000000005116,0.5000000000009663,0.49999999999954525,1.0000000000005116,0.49999999999954525,0.8000000000004448,0.7500000000003837,1.0000000000005116,0.5000000000009663,0.49999999999954525,-0.2000000000000668,0.2000000000000668,-0.2500000000001279,0.2500000000001279,-0.5000000000009663,0.5000000000009663,0.24999999999941735,-0.24999999999941735,-0.5000000000009663,0.5000000000009663,0.5000000000009663,-0.5000000000009663
2026-02-12,2.0,2.0400000000000063,2.0900000000000034,2.144999999999996,2.2049999999999983,2.265000000000001,2.319999999999993,2.375,2.430000000000007,2.144999999999996,2.0900000000000034,2.261999999999998,2.291249999999998,2.291249999999998,2.430000000000007,11.700000000000177,14.625000000000199,28.50000000000108,20.12499999999946,22.500000000000853,14.499999999999602,-2.5000000000005684,-1.5000000000000568,-0.49999999999954525,-2.5000000000005684,-2.4999999999991473,-2.5000000000005684,-2.5000000000005684,-2.5000000000005684,-1.5000000000000568,-2.4999999999991473,0.0,-0.0,0.0,-0.0,1.4210854715202004e-12,-1.4210854715202004e-12,-1.0000000000005116,1.0000000000005116,1.4210854715202004e-12,-1.4210854715202004e-12,-2.000000000001023,2.000000000001023
2026-02-13,1.9749999999999943,2.010000000000005,2.0600000000000023,2.114999999999995,2.1700000000000017,2.230000000000004,2.2849999999999966,2.3400000000000034,2.390000000000001,2.114999999999995,2.0600000000000023,2.228,2.2562500000000014,2.2562500000000014,2.390000000000001,11.300000000000532,14.125000000000654,27.50000000000061,19.624999999999915,21.99999999999993,14.000000000000057,-3.0000000000001137,-3.0000000000001137,-2.5000000000005684,-3.499999999999659,-4.000000000000581,-3.3999999999997588,-3.499999999999659,-3.0000000000001137,-3.0000000000001137,-4.000000000000581,-0.3999999999996451,0.3999999999996451,-0.49999999999954525,0.49999999999954525,-1.000000000000469,1.000000000000469,-0.49999999999954525,0.49999999999954525,-0.5000000000009237,0.5000000000009237,-0.49999999999954525,0.49999999999954525
2026-02-16,1.980000000000004,2.015000000000001,2.0600000000000023,2.1099999999999994,2.1650000000000063,2.2249999999999943,2.280000000000001,2.3349999999999937,2.385000000000005,2.1099999999999994,2.0600000000000023,2.222999999999999,2.251249999999999,2.251249999999999,2.385000000000005,11.299999999999955,14.124999999999943,27.50000000000057,19.12499999999966,21.999999999999886,12.999999999999545,-0.49999999999954525,0.0,0.5000000000009663,-0.49999999999954525,-0.49999999999958966,-0.5000000000001226,-0.5000000000002558,-0.49999999999954525,0.0,-0.49999999999958966,-5.773159728050814e-13,5.773159728050814e-13,-7.105427357601002e-13,7.105427357601002e-13,-4.263256414560601e-14,4.263256414560601e-14,-0.5000000000002558,0.5000000000002558,-4.263256414560601e-14,4.263256414560601e-14,-1.0000000000005116,1.0000000000005116
2026-02-17,1.9749999999999943,2.0049999999999955,2.049999999999997,2.105000000000004,2.1599999999999966,2.2150000000000034,2.269999999999996,2.325000000000003,2.375,2.105000000000004,2.049999999999997,2.2150000000000007,2.2424999999999997,2.2424999999999997,2.375,10.999999999999677,13.749999999999574,26.999999999999602,19.250000000000256,21.50000000000034,13.000000000000966,-0.49999999999954525,-1.0000000000005116,-0.5000000000009663,-0.5000000000009663,-1.0000000000005116,-0.7999999999998231,-0.8749999999999147,-0.49999999999954525,-1.0000000000005116,-1.0000000000005116,-0.3000000000002778,0.3000000000002778,-0.3750000000003695,0.3750000000003695,-0.5000000000009663,0.5000000000009663,0.12500000000059686,-0.12500000000059686,-0.49999999999954525,0.49999999999954525,1.4210854715202004e-12,-1.4210854715202004e-12
2026-02-18,1.9899999999999949,2.019999999999996,2.0649999999999977,2.1200000000000045,2.174999999999997,2.230000000000004,2.2849999999999966,2.3349999999999937,2.385000000000005,2.1200000000000045,2.0649999999999977,2.228999999999999,2.256249999999998,2.256249999999998,2.385000000000005,10.899999999999466,13.624999999999332,26.500000000000057,19.125000000000014,21.000000000000796,13.000000000000966,1.5000000000000568,1.5000000000000568,1.5000000000000568,1.5000000000000568,1.0000000000005116,1.3999999999998458,1.3749999999998153,1.5000000000000568,1.5000000000000568,1.0000000000005116,-0.10000000000021103,0.10000000000021103,-0.12500000000024158,0.12500000000024158,-0.49999999999954525,0.49999999999954525,-0.12500000000024158,0.12500000000024158,-0.49999999999954525,0.49999999999954525,0.0,-0.0
2026-02-19,1.9950000000000043,2.030000000000001,2.075000000000003,2.1299999999999955,2.1850000000000023,2.239999999999995,2.2950000000000017,2.3499999999999943,2.4000000000000057,2.1299999999999955,2.075000000000003,2.2399999999999975,2.2674999999999983,2.2674999999999983,2.4000000000000057,11.00000000000021,13.750000000000284,27.000000000001023,19.249999999999545,21.50000000000034,13.499999999999112,0.9999999999990905,1.0000000000005116,0.5000000000009441,1.0000000000005116,1.5000000000000568,1.0999999999998344,1.1250000000000426,0.9999999999990905,1.0000000000005116,1.5000000000000568,0.10000000000074394,-0.10000000000074394,0.12500000000095213,-0.12500000000095213,0.5000000000009663,-0.5000000000009663,0.12499999999953104,-0.12499999999953104,0.49999999999954525,-0.49999999999954525,0.4999999999981455,-0.4999999999981455
2026-02-20,2.0049999999999955,2.0400000000000063,2.0900000000000034,2.140000000000001,2.1899999999999977,2.2450000000000045,2.299999999999997,2.3499999999999943,2.394999999999996,2.140000000000001,2.0900000000000034,2.2449999999999988,2.2712499999999984,2.2712499999999984,2.394999999999996,10.499999999999776,13.124999999999742,25.499999999999503,18.124999999999503,20.49999999999983,13.500000000000556,1.000000000000556,1.5000000000000568,0.9999999999991127,0.49999999999954525,-0.5000000000009663,0.5000000000001226,0.3750000000000142,1.000000000000556,1.5000000000000568,-0.5000000000009663,-0.5000000000004334,0.5000000000004334,-0.6250000000005418,0.6250000000005418,-1.5000000000015206,1.5000000000015206,-1.1250000000000426,1.1250000000000426,-1.0000000000005116,1.0000000000005116,1.4441781104324036e-12,-1.4441781104324036e-12
2026-02-23,1.9899999999999949,2.015000000000001,2.055000000000007,2.0999999999999943,2.1500000000000057,2.2049999999999983,2.2549999999999955,2.305000000000007,2.355000000000004,2.0999999999999943,2.055000000000007,2.2030000000000003,2.2287500000000016,2.2287500000000016,2.355000000000004,10.300000000000598,12.875000000000725,25.500000000000966,17.374999999999474,20.49999999999983,10.999999999999943,-4.00000000000067,-3.499999999999659,-1.5000000000000568,-3.999999999999204,-3.999999999999204,-4.199999999999848,-4.249999999999687,-4.00000000000067,-3.499999999999659,-3.999999999999204,-0.1999999999991786,0.1999999999991786,-0.24999999999901767,0.24999999999901767,1.4637180356658064e-12,-1.4637180356658064e-12,-0.7500000000000284,0.7500000000000284,0.0,-0.0,-2.500000000000613,2.500000000000613
2026-02-24,2.010000000000005,2.030000000000001,2.0649999999999977,2.105000000000004,2.1500000000000057,2.200000000000003,2.25,2.299999999999997,2.344999999999999,2.105000000000004,2.0649999999999977,2.201000000000002,2.2250000000000014,2.2250000000000014,2.344999999999999,9.599999999999786,11.999999999999744,23.99999999999949,16.00000000000037,19.499999999999318,9.499999999999886,0.5000000000009663,0.9999999999990905,2.000000000001023,0.0,-1.0000000000005116,-0.19999999999984475,-0.3750000000000142,0.5000000000009663,0.9999999999990905,-1.0000000000005116,-0.7000000000008111,0.7000000000008111,-0.8750000000009805,0.8750000000009805,-1.500000000001478,1.500000000001478,-1.3749999999991047,1.3749999999991047,-1.0000000000005116,1.0000000000005116,-1.5000000000000568,1.5000000000000568
2026-02-25,2.010000000000005,2.0349999999999966,2.069999999999993,2.1099999999999994,2.1500000000000057,2.200000000000003,2.25,2.299999999999997,2.344999999999999,2.1099999999999994,2.069999999999993,2.202000000000001,2.2250000000000014,2.2250000000000014,2.344999999999999,9.200000000000141,11.500000000000199,23.499999999999943,15.500000000000824,19.499999999999318,9.999999999999432,0.49999999999954525,0.49999999999954525,0.0,0.0,0.0,0.09999999999990017,0.0,0.49999999999954525,0.49999999999954525,0.0,-0.3999999999996451,0.3999999999996451,-0.49999999999954525,0.49999999999954525,-0.49999999999954525,0.49999999999954525,-0.49999999999954525,0.49999999999954525,0.0,-0.0,0.49999999999954525,-0.49999999999954525
2026-02-26,2.0049999999999955,2.0250000000000057,2.0600000000000023,2.0999999999999943,2.144999999999996,2.194999999999993,2.2450000000000045,2.2950000000000017,2.3400000000000034,2.0999999999999943,2.0600000000000023,2.195999999999998,2.219999999999999,2.219999999999999,2.3400000000000034,9.600000000000364,12.000000000000455,24.00000000000091,15.999999999999659,19.50000000000074,9.499999999999886,-1.0000000000005116,-0.9999999999990905,-0.5000000000009663,-0.5000000000009663,-0.49999999999954525,-0.6000000000002892,-0.5000000000002558,-1.0000000000005116,-0.9999999999990905,-0.49999999999954525,0.4000000000002224,-0.4000000000002224,0.5000000000002558,-0.5000000000002558,0.5000000000009663,-0.5000000000009663,0.4999999999988347,-0.4999999999988347,1.4210854715202004e-12,-1.4210854715202004e-12,-0.49999999999954525,0.49999999999954525
2026-02-27,1.9749999999999943,1.9899999999999949,2.019999999999996,2.055000000000007,2.094999999999999,2.140000000000001,2.1899999999999977,2.239999999999995,2.2900000000000063,2.055000000000007,2.019999999999996,2.1439999999999997,2.166249999999998,2.166249999999998,2.2900000000000063,8.899999999999286,11.124999999999119,23.499999999999943,14.625000000000199,19.50000000000074,8.00000000000125,-4.4999999999987494,-4.000000000000625,-3.0000000000001137,-4.999999999999716,-4.999999999999716,-5.199999999999827,-5.375000000000085,-4.4999999999987494,-4.000000000000625,-4.999999999999716,-0.7000000000010775,0.7000000000010775,-0.8750000000013358,0.8750000000013358,-0.5000000000009663,0.5000000000009663,-1.37499999999946,1.37499999999946,0.0,-0.0,-1.4999999999986358,1.4999999999986358
2026-03-02,2.0649999999999977,2.0900000000000034,2.1200000000000045,2.155000000000001,2.1899999999999977,2.230000000000004,2.269999999999996,2.3149999999999977,2.3599999999999994,2.155000000000001,2.1200000000000045,2.2319999999999993,2.251249999999999,2.251249999999999,2.3599999999999994,7.699999999999818,9.624999999999773,20.49999999999983,13.124999999999432,17.00000000000017,9.000000000000341,9.999999999999432,10.000000000000853,9.000000000000341,9.499999999999886,6.999999999999318,8.799999999999963,8.500000000000085,9.999999999999432,10.000000000000853,6.999999999999318,-1.1999999999994682,1.1999999999994682,-1.4999999999993463,1.4999999999993463,-3.0000000000001137,3.0000000000001137,-1.5000000000007674,1.5000000000007674,-2.5000000000005684,2.5000000000005684,0.9999999999990905,-0.9999999999990905
2026-03-03,2.1850000000000023,2.219999999999999,2.25,2.280000000000001,2.3100000000000023,2.344999999999999,2.385000000000005,2.424999999999997,2.4650000000000034,2.280000000000001,2.25,2.349000000000001,2.366250000000001,2.366250000000001,2.4650000000000034,6.899999999999995,8.624999999999972,18.500000000000227,11.625000000000085,15.500000000000114,9.499999999999886,12.5,12.999999999999545,12.000000000000455,12.000000000000455,10.500000000000398,11.700000000000177,11.500000000000199,12.5,12.999999999999545,10.500000000000398,-0.7999999999998231,0.7999999999998231,-0.999999999999801,0.999999999999801,-1.999999999999602,1.999999999999602,-1.4999999999993463,1.4999999999993463,-1.5000000000000568,1.5000000000000568,0.49999999999954525,-0.49999999999954525
2026-03-04,2.114999999999995,2.140000000000001,2.1700000000000017,2.2049999999999983,2.239999999999995,2.280000000000001,2.325000000000003,2.3700000000000045,2.4150000000000063,2.2049999999999983,2.1700000000000017,2.2840000000000003,2.303750000000001,2.303750000000001,2.4150000000000063,7.900000000000196,9.875000000000256,21.000000000000796,13.374999999999915,17.500000000001137,9.000000000000341,-7.500000000000284,-7.9999999999998295,-7.000000000000739,-7.000000000000739,-4.999999999999716,-6.5000000000000835,-6.25,-7.500000000000284,-7.9999999999998295,-4.999999999999716,1.0000000000002007,-1.0000000000002007,1.2500000000002842,-1.2500000000002842,2.5000000000005684,-2.5000000000005684,1.7499999999998295,-1.7499999999998295,2.000000000001023,-2.000000000001023,-0.49999999999954525,0.49999999999954525
2026-03-05,2.25,2.2900000000000063,2.319999999999993,2.3499999999999943,2.385000000000005,2.424999999999997,2.4650000000000034,2.5049999999999955,2.5450000000000017,2.3499999999999943,2.319999999999993,2.4259999999999993,2.4450000000000003,2.4450000000000003,2.5450000000000017,7.600000000000495,9.500000000000597,19.50000000000074,12.50000000000071,15.999999999999659,9.999999999999432,14.499999999999602,14.999999999999147,13.500000000000512,14.500000000001023,12.999999999999545,14.199999999999902,14.124999999999943,14.499999999999602,14.999999999999147,12.999999999999545,-0.2999999999997005,0.2999999999997005,-0.37499999999965894,0.37499999999965894,-1.5000000000000568,1.5000000000000568,-0.8749999999992042,0.8749999999992042,-1.500000000001478,1.500000000001478,0.9999999999990905,-0.9999999999990905
2026-03-06,2.355000000000004,2.4099999999999966,2.4399999999999977,2.4549999999999983,2.4749999999999943,2.5049999999999955,2.5400000000000063,2.575000000000003,2.6099999999999994,2.4549999999999983,2.4399999999999977,2.5099999999999993,2.5237499999999997,2.5237499999999997,2.6099999999999994,5.500000000000105,6.875000000000142,15.500000000000114,8.375000000000199,13.500000000000512,9.999999999999432,10.500000000000398,12.000000000000455,10.500000000000398,8.99999999999892,6.499999999999773,8.400000000000007,7.874999999999943,10.500000000000398,12.000000000000455,6.499999999999773,-2.1000000000003904,2.1000000000003904,-2.6250000000004547,2.6250000000004547,-4.000000000000625,4.000000000000625,-4.125000000000512,4.125000000000512,-2.4999999999991473,2.4999999999991473,0.0,-0.0
2026-03-09,2.430000000000007,2.4749999999999943,2.489999999999995,2.489999999999995,2.4950000000000045,2.515000000000001,2.5450000000000017,2.575000000000003,2.605000000000004,2.489999999999995,2.489999999999995,2.524000000000001,2.5325000000000024,2.5325000000000024,2.605000000000004,3.4000000000006025,4.250000000000753,11.50000000000091,4.250000000000753,10.999999999999943,5.999999999998806,3.499999999999659,4.999999999999716,7.500000000000284,2.000000000001023,-0.49999999999954525,1.4000000000001567,0.87500000000027,3.499999999999659,4.999999999999716,-0.49999999999954525,-2.0999999999995023,2.0999999999995023,-2.624999999999389,2.624999999999389,-3.999999999999204,3.999999999999204,-4.124999999999446,4.124999999999446,-2.5000000000005684,2.5000000000005684,-4.000000000000625,4.000000000000625
2026-03-10,2.2900000000000063,2.3299999999999983,2.3499999999999943,2.3599999999999994,2.3799999999999955,2.4099999999999966,2.444999999999993,2.4849999999999994,2.5250000000000057,2.3599999999999994,2.3499999999999943,2.415999999999997,2.429999999999996,2.429999999999996,2.5250000000000057,5.5999999999997385,6.999999999999673,16.500000000000625,8.000000000000185,14.500000000001023,6.999999999999318,-12.999999999999545,-14.000000000000057,-14.000000000000057,-11.50000000000091,-7.9999999999998295,-10.80000000000041,-10.250000000000625,-12.999999999999545,-14.000000000000057,-7.9999999999998295,2.199999999999136,-2.199999999999136,2.74999999999892,-2.74999999999892,4.999999999999716,-4.999999999999716,3.7499999999994316,-3.7499999999994316,3.50000000000108,-3.50000000000108,1.0000000000005116,-1.0000000000005116
2026-03-11,2.4950000000000045,2.5349999999999966,2.5450000000000017,2.5400000000000063,2.5450000000000017,2.5600000000000023,2.5849999999999937,2.614999999999995,2.644999999999996,2.5400000000000063,2.5450000000000017,2.569,2.576249999999998,2.576249999999998,2.644999999999996,2.8999999999993697,3.62499999999919,10.499999999998977,3.1249999999996447,9.999999999999432,4.5000000000001705,18.000000000000682,19.50000000000074,20.49999999999983,16.500000000000625,11.999999999999034,15.300000000000313,14.625000000000199,18.000000000000682,19.50000000000074,11.999999999999034,-2.7000000000003688,2.7000000000003688,-3.375000000000483,3.375000000000483,-6.0000000000016485,6.0000000000016485,-4.87500000000054,4.87500000000054,-4.500000000001592,4.500000000001592,-2.4999999999991473,2.4999999999991473
2026-03-12,2.530000000000001,2.5799999999999983,2.5900000000000034,2.5799999999999983,2.575000000000003,2.5799999999999983,2.5999999999999943,2.625,2.6500000000000057,2.5799999999999983,2.5900000000000034,2.5919999999999987,2.594999999999999,2.594999999999999,2.6500000000000057,1.2000000000000455,1.5000000000000568,7.000000000000739,0.49999999999954525,7.500000000000284,4.999999999999716,3.999999999999204,4.5000000000001705,3.499999999999659,3.0000000000001137,0.5000000000009663,2.29999999999988,1.875000000000071,3.999999999999204,4.5000000000001705,0.5000000000009663,-1.6999999999993243,1.6999999999993243,-2.124999999999133,2.124999999999133,-3.499999999998238,3.499999999998238,-2.6250000000000995,2.6250000000000995,-2.4999999999991473,2.4999999999991473,0.49999999999954525,-0.49999999999954525
2026-03-13,2.5450000000000017,2.594999999999999,2.605000000000004,2.594999999999999,2.5900000000000034,2.5999999999999943,2.6200000000000045,2.644999999999996,2.6650000000000063,2.594999999999999,2.605000000000004,2.6099999999999994,2.6137499999999996,2.6137499999999996,2.6650000000000063,1.5000000000000568,1.875000000000071,7.000000000000739,0.8749999999995595,7.500000000000284,4.999999999999716,1.5000000000000568,1.5000000000000568,1.5000000000000568,1.5000000000000568,1.5000000000000568,1.8000000000000682,1.875000000000071,1.5000000000000568,1.5000000000000568,1.5000000000000568,0.30000000000001137,-0.30000000000001137,0.3750000000000142,-0.3750000000000142,0.0,-0.0,0.3750000000000142,-0.3750000000000142,0.0,-0.0,0.0,-0.0
2026-03-16,2.515000000000001,2.555000000000007,2.5600000000000023,2.549999999999997,2.549999999999997,2.5649999999999977,2.5849999999999937,2.614999999999995,2.640000000000001,2.549999999999997,2.5600000000000023,2.572999999999996,2.578749999999996,2.578749999999996,2.640000000000001,2.29999999999988,2.874999999999872,9.000000000000385,1.8749999999993605,9.000000000000385,3.4999999999996145,-4.5000000000001705,-4.5000000000001705,-3.0000000000000693,-4.000000000000625,-2.500000000000524,-3.7000000000003475,-3.5000000000003695,-4.5000000000001705,-4.5000000000001705,-2.500000000000524,0.7999999999998231,-0.7999999999998231,0.999999999999801,-0.999999999999801,1.9999999999996465,-1.9999999999996465,0.999999999999801,-0.999999999999801,1.5000000000001013,-1.5000000000001013,-1.5000000000001013,1.5000000000001013
2026-03-17,2.4749999999999943,2.519999999999996,2.530000000000001,2.5250000000000057,2.519999999999996,2.5349999999999966,2.5600000000000023,2.5900000000000034,2.614999999999995,2.5250000000000057,2.530000000000001,2.5460000000000007,2.5512499999999996,2.5512499999999996,2.614999999999995,2.0999999999995023,2.624999999999389,8.99999999999892,2.1249999999998437,9.499999999999886,5.000000000001137,-2.4999999999991473,-3.0000000000001137,-4.00000000000067,-3.0000000000001137,-2.500000000000613,-2.699999999999525,-2.7499999999996305,-2.4999999999991473,-3.0000000000001137,-2.500000000000613,-0.20000000000037765,0.20000000000037765,-0.25000000000048317,0.25000000000048317,-1.4654943925052066e-12,1.4654943925052066e-12,0.25000000000048317,-0.25000000000048317,0.49999999999950084,-0.49999999999950084,1.5000000000015223,-1.5000000000015223
2026-03-18,2.575000000000003,2.614999999999995,2.6200000000000045,2.605000000000004,2.594999999999999,2.5999999999999943,2.614999999999995,2.640000000000001,2.6599999999999966,2.605000000000004,2.6200000000000045,2.6109999999999984,2.612499999999997,2.612499999999997,2.6599999999999966,0.5999999999994454,0.7499999999993179,5.499999999999261,-0.750000000000739,6.499999999999773,3.0000000000001137,7.9999999999998295,9.000000000000341,10.000000000000853,7.500000000000284,4.5000000000001705,6.499999999999773,6.124999999999758,7.9999999999998295,9.000000000000341,4.5000000000001705,-1.5000000000000568,1.5000000000000568,-1.875000000000071,1.875000000000071,-3.499999999999659,3.499999999999659,-2.8750000000005826,2.8750000000005826,-3.0000000000001137,3.0000000000001137,-2.000000000001023,2.000000000001023
2026-03-19,2.7549999999999955,2.7849999999999966,2.75,2.700000000000003,2.6599999999999966,2.644999999999996,2.644999999999996,2.655000000000001,2.6650000000000063,2.700000000000003,2.75,2.6609999999999987,2.6512499999999974,2.6512499999999974,2.6650000000000063,-3.9000000000004142,-4.87500000000054,-3.499999999999659,-9.875000000000256,0.5000000000009663,-5.499999999999261,9.499999999999886,12.999999999999545,17.99999999999926,6.499999999999773,0.5000000000009663,5.000000000000027,3.8750000000000284,9.499999999999886,12.999999999999545,0.5000000000009663,-4.49999999999986,4.49999999999986,-5.624999999999858,5.624999999999858,-8.99999999999892,8.99999999999892,-9.124999999999517,9.124999999999517,-5.999999999998806,5.999999999998806,-8.499999999999375,8.499999999999375
2026-03-20,2.875,2.9200000000000017,2.864999999999995,2.7849999999999966,2.730000000000004,2.719999999999999,2.7249999999999943,2.7450000000000045,2.765000000000001,2.7849999999999966,2.864999999999995,2.7409999999999997,2.7300000000000004,2.7300000000000004,2.765000000000001,-4.399999999999693,-5.499999999999616,-1.9999999999995577,-13.499999999999446,3.4999999999997033,-9.000000000000341,8.499999999999375,11.499999999999488,12.000000000000455,7.000000000000739,9.999999999999476,8.000000000000096,7.875000000000298,8.499999999999375,11.499999999999488,9.999999999999476,-0.4999999999992788,0.4999999999992788,-0.6249999999990763,0.6249999999990763,1.5000000000001013,-1.5000000000001013,-3.62499999999919,3.62499999999919,2.999999999998737,-2.999999999998737,-3.50000000000108,3.50000000000108
2026-03-23,2.7750000000000057,2.8149999999999977,2.780000000000001,2.719999999999999,2.674999999999997,2.6850000000000023,2.7049999999999983,2.730000000000004,2.7549999999999955,2.719999999999999,2.780000000000001,2.7030000000000003,2.6987500000000004,2.6987500000000004,2.7549999999999955,-1.6999999999998572,-2.1249999999998437,3.499999999999659,-8.125000000000071,7.9999999999998295,-5.500000000000682,-6.499999999999773,-8.499999999999375,-9.999999999999432,-5.500000000000682,-1.000000000000556,-3.7999999999999368,-3.125,-6.499999999999773,-8.499999999999375,-1.000000000000556,2.699999999999836,-2.699999999999836,3.3749999999997726,-3.3749999999997726,5.499999999999217,-5.499999999999217,5.374999999999375,-5.374999999999375,4.500000000000126,-4.500000000000126,3.499999999999659,-3.499999999999659
2026-03-24,2.8700000000000045,2.905000000000001,2.864999999999995,2.7900000000000063,2.730000000000004,2.7249999999999943,2.7349999999999994,2.7549999999999955,2.7750000000000057,2.7900000000000063,2.864999999999995,2.747,2.7362499999999983,2.7362499999999983,2.7750000000000057,-4.300000000000637,-5.375000000000796,-1.5000000000000568,-12.874999999999659,4.5000000000001705,-7.9999999999998295,7.000000000000739,8.499999999999375,9.499999999999886,5.500000000000682,2.000000000001023,4.3999999999999595,3.749999999999787,7.000000000000739,8.499999999999375,2.000000000001023,-2.6000000000007795,2.6000000000007795,-3.250000000000952,3.250000000000952,-4.999999999999716,4.999999999999716,-4.749999999999588,4.749999999999588,-3.499999999999659,3.499999999999659,-2.4999999999991473,2.4999999999991473
2026-03-25,2.7900000000000063,2.8299999999999983,2.799999999999997,2.730000000000004,2.6700000000000017,2.6650000000000063,2.6700000000000017,2.6899999999999977,2.7150000000000034,2.730000000000004,2.799999999999997,2.6850000000000023,2.673750000000002,2.673750000000002,2.7150000000000034,-4.5000000000001705,-5.625000000000213,-1.5000000000000568,-12.624999999999531,4.5000000000001705,-6.000000000000227,-6.000000000000227,-6.499999999999773,-7.9999999999998295,-6.000000000000227,-6.000000000000227,-6.199999999999761,-6.249999999999645,-6.000000000000227,-6.499999999999773,-6.000000000000227,-0.19999999999953388,0.19999999999953388,-0.24999999999941735,0.24999999999941735,0.0,-0.0,0.2500000000001279,-0.2500000000001279,0.0,-0.0,1.999999999999602,-1.999999999999602
2026-03-26,2.9000000000000057,2.950000000000003,2.924999999999997,2.8499999999999943,2.7900000000000063,2.780000000000001,2.780000000000001,2.7950000000000017,2.8149999999999977,2.8499999999999943,2.924999999999997,2.799000000000001,2.7862500000000026,2.7862500000000026,2.8149999999999977,-5.0999999999993495,-6.374999999999176,-3.499999999999659,-13.87499999999946,2.4999999999991473,-5.000000000001137,11.999999999999034,12.5,10.999999999999943,12.000000000000455,9.999999999999432,11.399999999999855,11.250000000000071,11.999999999999034,12.5,9.999999999999432,-0.599999999999179,0.599999999999179,-0.7499999999989626,0.7499999999989626,-1.999999999999602,1.999999999999602,-1.249999999999929,1.249999999999929,-2.000000000001023,2.000000000001023,0.9999999999990905,-0.9999999999990905
2026-03-27,2.9099999999999966,2.969999999999999,2.9599999999999937,2.894999999999996,2.8349999999999937,2.825000000000003,2.8299999999999983,2.844999999999999,2.8700000000000045,2.894999999999996,2.9599999999999937,2.845999999999998,2.8337499999999984,2.8337499999999984,2.8700000000000045,-4.899999999999816,-6.124999999999758,-2.4999999999991473,-12.624999999999531,3.50000000000108,-1.5000000000000568,4.5000000000001705,3.499999999999659,0.9999999999990905,4.4999999999987494,5.500000000000682,4.699999999999704,4.749999999999588,4.5000000000001705,3.499999999999659,5.500000000000682,0.19999999999953388,-0.19999999999953388,0.24999999999941735,-0.24999999999941735,1.0000000000005116,-1.0000000000005116,1.249999999999929,-1.249999999999929,1.0000000000019327,-1.0000000000019327,3.50000000000108,-3.50000000000108
2026-03-30,2.825000000000003,2.864999999999995,2.8499999999999943,2.7900000000000063,2.730000000000004,2.7249999999999943,2.7349999999999994,2.7549999999999955,2.780000000000001,2.7900000000000063,2.8499999999999943,2.747,2.7362499999999983,2.7362499999999983,2.780000000000001,-4.300000000000637,-5.375000000000796,-1.0000000000005116,-11.374999999999602,4.999999999999716,-3.499999999999659,-10.499999999998977,-10.999999999999943,-8.499999999999375,-10.499999999998977,-9.000000000000341,-9.899999999999798,-9.750000000000014,-10.499999999998977,-10.999999999999943,-9.000000000000341,0.599999999999179,-0.599999999999179,0.7499999999989626,-0.7499999999989626,1.4999999999986358,-1.4999999999986358,1.249999999999929,-1.249999999999929,1.4999999999986358,-1.4999999999986358,-1.999999999999602,1.999999999999602
2026-03-31,2.819999999999993,2.8499999999999943,2.8299999999999983,2.769999999999996,2.7150000000000034,2.7049999999999983,2.7150000000000034,2.730000000000004,2.75,2.769999999999996,2.8299999999999983,2.727000000000001,2.7162500000000023,2.7162500000000023,2.75,-4.299999999999482,-5.374999999999375,-1.999999999999602,-11.374999999999602,3.499999999999659,-4.999999999999716,-2.000000000001023,-1.999999999999602,-0.5000000000009663,-1.5000000000000568,-3.0000000000001137,-1.9999999999998685,-1.999999999999602,-2.000000000001023,-1.999999999999602,-3.0000000000001137,1.1546319456101628e-12,-1.1546319456101628e-12,1.4210854715202004e-12,-1.4210854715202004e-12,-0.9999999999990905,0.9999999999990905,0.0,-0.0,-1.5000000000000568,1.5000000000000568,-1.5000000000000568,1.5000000000000568
2026-04-01,2.7549999999999955,2.7900000000000063,2.780000000000001,2.7349999999999994,2.6850000000000023,2.680000000000007,2.6850000000000023,2.700000000000003,2.719999999999999,2.7349999999999994,2.780000000000001,2.6970000000000027,2.6875000000000036,2.6875000000000036,2.719999999999999,-3.7999999999996703,-4.749999999999588,-1.5000000000000568,-9.249999999999758,3.499999999999659,-1.999999999999602,-3.499999999999659,-4.999999999999716,-6.499999999999773,-3.0000000000001137,-3.0000000000001137,-2.9999999999998472,-2.874999999999872,-3.499999999999659,-4.999999999999716,-3.0000000000001137,0.4999999999998117,-0.4999999999998117,0.6249999999997868,-0.6249999999997868,0.49999999999954525,-0.49999999999954525,2.1249999999998437,-2.1249999999998437,0.0,-0.0,3.0000000000001137,-3.0000000000001137
2026-04-02,2.7950000000000017,2.825000000000003,2.799999999999997,2.7450000000000045,2.6899999999999977,2.674999999999997,2.680000000000007,2.6899999999999977,2.7099999999999937,2.7450000000000045,2.799999999999997,2.6960000000000006,2.68375,2.68375,2.7099999999999937,-4.900000000000393,-6.125000000000469,-3.50000000000108,-11.62499999999973,1.999999999999602,-4.999999999999716,1.0000000000005116,1.999999999999602,4.000000000000625,0.49999999999954525,-1.0000000000005116,-0.10000000000021103,-0.3750000000003695,1.0000000000005116,1.999999999999602,-1.0000000000005116,-1.1000000000007226,1.1000000000007226,-1.375000000000881,1.375000000000881,-2.000000000001023,2.000000000001023,-2.3749999999999716,2.3749999999999716,-1.5000000000000568,1.5000000000000568,-3.0000000000001137,3.0000000000001137
2026-04-07,2.930000000000007,2.969999999999999,2.950000000000003,2.890000000000001,2.8299999999999983,2.8149999999999977,2.8149999999999977,2.819999999999993,2.8299999999999983,2.890000000000001,2.950000000000003,2.8339999999999974,2.8199999999999967,2.8199999999999967,2.8299999999999983,-5.60000000000036,-7.000000000000428,-6.000000000000272,-13.000000000000611,0.0,-4.000000000000581,14.499999999999647,15.000000000000568,13.500000000000512,14.000000000000057,12.000000000000455,13.79999999999968,13.624999999999687,14.499999999999647,15.000000000000568,12.000000000000455,-0.6999999999999673,0.6999999999999673,-0.8749999999999591,0.8749999999999591,-2.4999999999991918,2.4999999999991918,-1.375000000000881,1.375000000000881,-1.999999999999602,1.999999999999602,0.9999999999991349,-0.9999999999991349
2026-04-08,2.605000000000004,2.6200000000000045,2.6099999999999994,2.5849999999999937,2.5600000000000023,2.569999999999993,2.594999999999999,2.6200000000000045,2.6500000000000057,2.5849999999999937,2.6099999999999994,2.5859999999999985,2.5862499999999997,2.5862499999999997,2.6500000000000057,0.10000000000047748,0.12500000000059686,6.500000000001194,-2.3749999999999716,9.000000000000341,-2.000000000001023,-30.500000000000725,-34.00000000000034,-32.500000000000284,-26.999999999999602,-17.99999999999926,-24.79999999999989,-23.3749999999997,-30.500000000000725,-34.00000000000034,-17.99999999999926,5.700000000000838,-5.700000000000838,7.125000000001025,-7.125000000001025,12.500000000001465,-12.500000000001465,10.62500000000064,-10.62500000000064,9.000000000000341,-9.000000000000341,1.9999999999995577,-1.9999999999995577
2026-04-09,2.6899999999999977,2.719999999999999,2.7150000000000034,2.6850000000000023,2.6599999999999966,2.6650000000000063,2.6850000000000023,2.7049999999999983,2.730000000000004,2.6850000000000023,2.7150000000000034,2.680000000000001,2.678750000000001,2.678750000000001,2.730000000000004,-0.5000000000001226,-0.6250000000001421,4.5000000000001705,-3.625000000000256,7.000000000000739,-0.49999999999954525,10.000000000000853,10.500000000000398,8.499999999999375,9.999999999999432,7.9999999999998295,9.400000000000253,9.250000000000114,10.000000000000853,10.500000000000398,7.9999999999998295,-0.6000000000006,0.6000000000006,-0.750000000000739,0.750000000000739,-2.000000000001023,2.000000000001023,-1.2500000000002842,1.2500000000002842,-1.999999999999602,1.999999999999602,1.500000000001478,-1.500000000001478
2026-04-10,2.7049999999999983,2.730000000000004,2.719999999999999,2.6899999999999977,2.6599999999999966,2.6650000000000063,2.680000000000007,2.700000000000003,2.7249999999999943,2.6899999999999977,2.719999999999999,2.679000000000002,2.676250000000003,2.676250000000003,2.7249999999999943,-1.099999999999568,-1.37499999999946,3.499999999999659,-4.374999999999574,6.499999999999773,-1.5000000000000568,0.49999999999954525,0.49999999999954525,1.5000000000000568,0.0,-0.5000000000009663,-0.09999999999990017,-0.24999999999977263,0.49999999999954525,0.49999999999954525,-0.5000000000009663,-0.5999999999994454,0.5999999999994454,-0.7499999999993179,0.7499999999993179,-1.0000000000005116,1.0000000000005116,-0.7499999999993179,0.7499999999993179,-0.5000000000009663,0.5000000000009663,-1.0000000000005116,1.0000000000005116
2026-04-13,2.780000000000001,2.8149999999999977,2.799999999999997,2.760000000000005,2.719999999999999,2.7150000000000034,2.730000000000004,2.75,2.769999999999996,2.760000000000005,2.799999999999997,2.735000000000002,2.7287500000000016,2.7287500000000016,2.769999999999996,-2.500000000000302,-3.1250000000003553,0.9999999999990905,-7.1249999999995595,4.999999999999716,-1.999999999999602,7.000000000000739,7.9999999999998295,7.500000000000284,6.000000000000227,4.5000000000001705,5.600000000000005,5.249999999999844,7.000000000000739,7.9999999999998295,4.5000000000001705,-1.400000000000734,1.400000000000734,-1.7500000000008953,1.7500000000008953,-2.5000000000005684,2.5000000000005684,-2.749999999999986,2.749999999999986,-1.5000000000000568,1.5000000000000568,-0.49999999999954525,0.49999999999954525
2026-04-14,2.6650000000000063,2.6899999999999977,2.680000000000007,2.6500000000000057,2.625,2.6299999999999955,2.655000000000001,2.680000000000007,2.7099999999999937,2.6500000000000057,2.680000000000007,2.648000000000002,2.647500000000001,2.647500000000001,2.7099999999999937,-0.20000000000037765,-0.25000000000048317,5.999999999998806,-3.250000000000597,8.499999999999375,-1.5000000000000568,-10.999999999999943,-11.999999999999034,-11.499999999999488,-9.499999999999886,-6.000000000000227,-8.700000000000019,-8.125000000000071,-10.999999999999943,-11.999999999999034,-6.000000000000227,2.2999999999999243,-2.2999999999999243,2.874999999999872,-2.874999999999872,4.999999999999716,-4.999999999999716,3.8749999999989626,-3.8749999999989626,3.499999999999659,-3.499999999999659,0.49999999999954525,-0.49999999999954525
2026-04-15,2.6500000000000057,2.680000000000007,2.6700000000000017,2.640000000000001,2.614999999999995,2.6200000000000045,2.644999999999996,2.674999999999997,2.7049999999999983,2.640000000000001,2.6700000000000017,2.6389999999999985,2.638749999999998,2.638749999999998,2.7049999999999983,-0.10000000000025544,-0.125000000000286,6.499999999999728,-3.1250000000003553,9.000000000000341,-1.0000000000004672,-1.0000000000004672,-1.0000000000005116,-1.5000000000000568,-1.0000000000005116,-0.49999999999954525,-0.900000000000345,-0.87500000000027,-1.0000000000004672,-1.0000000000005116,-0.49999999999954525,0.10000000000012221,-0.10000000000012221,0.12500000000019718,-0.12500000000019718,0.5000000000009219,-0.5000000000009219,0.12500000000024158,-0.12500000000024158,0.5000000000009663,-0.5000000000009663,0.49999999999958966,-0.49999999999958966
2026-04-16,2.625,2.6599999999999966,2.655000000000001,2.6299999999999955,2.6099999999999994,2.625,2.6500000000000057,2.680000000000007,2.7099999999999937,2.6299999999999955,2.655000000000001,2.6390000000000016,2.641250000000003,2.641250000000003,2.7099999999999937,0.9000000000006114,1.1250000000007532,7.9999999999998295,-1.3749999999998153,9.999999999999432,0.49999999999954525,-1.000000000000556,-1.5000000000000568,-2.5000000000005684,-0.49999999999954525,0.49999999999954525,3.1086244689504383e-13,0.25000000000048317,-1.000000000000556,-1.5000000000000568,0.49999999999954525,1.0000000000008669,-1.0000000000008669,1.2500000000010392,-1.2500000000010392,1.5000000000001013,-1.5000000000001013,1.75000000000054,-1.75000000000054,0.9999999999990905,-0.9999999999990905,1.5000000000000124,-1.5000000000000124
2026-04-17,2.5,2.530000000000001,2.530000000000001,2.515000000000001,2.5049999999999955,2.5250000000000057,2.5600000000000023,2.594999999999999,2.6299999999999955,2.515000000000001,2.530000000000001,2.5400000000000005,2.5462500000000006,2.5462500000000006,2.6299999999999955,2.4999999999999467,3.1249999999999556,11.499999999999444,1.6249999999999432,12.5,1.5000000000001013,-11.499999999999444,-12.5,-12.5,-10.500000000000398,-7.9999999999998295,-9.900000000000109,-9.500000000000242,-11.499999999999444,-12.5,-7.9999999999998295,1.5999999999993353,-1.5999999999993353,1.9999999999992024,-1.9999999999992024,3.4999999999996145,-3.4999999999996145,2.9999999999997584,-2.9999999999997584,2.5000000000005684,-2.5000000000005684,1.000000000000556,-1.000000000000556
2026-04-20,2.5450000000000017,2.575000000000003,2.569999999999993,2.549999999999997,2.5349999999999966,2.549999999999997,2.5799999999999983,2.6099999999999994,2.640000000000001,2.549999999999997,2.569999999999993,2.5649999999999977,2.568749999999998,2.568749999999998,2.640000000000001,1.5000000000000568,1.875000000000071,9.000000000000385,-0.12499999999953104,10.500000000000442,0.49999999999954525,3.4999999999996145,3.999999999999204,4.5000000000001705,3.0000000000001137,1.000000000000556,2.4999999999997247,2.24999999999973,3.4999999999996145,3.999999999999204,1.000000000000556,-0.9999999999998899,0.9999999999998899,-1.2499999999998845,1.2499999999998845,-2.4999999999990585,2.4999999999990585,-1.7499999999994742,1.7499999999994742,-1.9999999999995577,1.9999999999995577,-1.000000000000556,1.000000000000556
2026-04-21,2.614999999999995,2.644999999999996,2.640000000000001,2.6099999999999994,2.5900000000000034,2.5999999999999943,2.6200000000000045,2.644999999999996,2.674999999999997,2.6099999999999994,2.640000000000001,2.6129999999999995,2.6137499999999996,2.6137499999999996,2.674999999999997,0.30000000000001137,0.3750000000000142,6.499999999999773,-2.625000000000144,8.499999999999375,-0.49999999999954525,6.000000000000227,7.000000000000783,6.999999999999318,5.500000000000682,3.4999999999996145,4.800000000000182,4.5000000000001705,6.000000000000227,7.000000000000783,3.4999999999996145,-1.2000000000000455,1.2000000000000455,-1.5000000000000568,1.5000000000000568,-2.500000000000613,2.500000000000613,-2.500000000000613,2.500000000000613,-2.0000000000010676,2.0000000000010676,-0.9999999999990905,0.9999999999990905
2026-04-22,2.6599999999999966,2.694999999999993,2.6899999999999977,2.655000000000001,2.625,2.625,2.644999999999996,2.6650000000000063,2.6899999999999977,2.655000000000001,2.6899999999999977,2.6430000000000007,2.6400000000000006,2.6400000000000006,2.6899999999999977,-1.2000000000000455,-1.5000000000000568,3.499999999999659,-4.999999999999716,6.499999999999773,-0.49999999999954525,4.5000000000001705,4.999999999999671,4.5000000000001705,3.499999999999659,1.5000000000000568,3.0000000000001137,2.6250000000000995,4.5000000000001705,4.999999999999671,1.5000000000000568,-1.5000000000000568,1.5000000000000568,-1.875000000000071,1.875000000000071,-3.0000000000001137,3.0000000000001137,-2.374999999999572,2.374999999999572,-1.999999999999602,1.999999999999602,0.0,-0.0
2026-04-23,2.674999999999997,2.7150000000000034,2.7049999999999983,2.6650000000000063,2.635000000000005,2.635000000000005,2.655000000000001,2.680000000000007,2.7049999999999983,2.6650000000000063,2.7049999999999983,2.654000000000005,2.6512500000000045,2.6512500000000045,2.7049999999999983,-1.1000000000001453,-1.3750000000001705,3.999999999999204,-5.374999999999375,6.999999999999318,-0.9999999999990905,1.0000000000005116,1.5000000000000568,1.5000000000000568,1.0000000000005116,1.5000000000000568,1.1000000000004118,1.125000000000398,1.0000000000005116,1.5000000000000568,1.5000000000000568,0.09999999999990017,-0.09999999999990017,0.12499999999988631,-0.12499999999988631,0.49999999999954525,-0.49999999999954525,-0.37499999999965894,0.37499999999965894,0.49999999999954525,-0.49999999999954525,-0.49999999999954525,0.49999999999954525
2026-04-24,2.6850000000000023,2.7249999999999943,2.7150000000000034,2.6700000000000017,2.635000000000005,2.635000000000005,2.655000000000001,2.674999999999997,2.700000000000003,2.6700000000000017,2.7150000000000034,2.654000000000002,2.650000000000002,2.650000000000002,2.700000000000003,-1.599999999999957,-1.9999999999999574,3.0000000000001137,-6.500000000000128,6.499999999999773,-1.5000000000000568,0.49999999999954525,1.0000000000005116,1.0000000000005116,0.0,-0.49999999999954525,-2.6645352591003757e-13,-0.12500000000024158,0.49999999999954525,1.0000000000005116,-0.49999999999954525,-0.4999999999998117,0.4999999999998117,-0.6249999999997868,0.6249999999997868,-0.9999999999990905,0.9999999999990905,-1.1250000000007532,1.1250000000007532,-0.49999999999954525,0.49999999999954525,-0.5000000000009663,0.5000000000009663
2026-04-27,2.694999999999993,2.7349999999999994,2.730000000000004,2.6850000000000023,2.644999999999996,2.644999999999996,2.6650000000000063,2.6899999999999977,2.7150000000000034,2.6850000000000023,2.730000000000004,2.6659999999999995,2.661249999999999,2.661249999999999,2.7150000000000034,-1.9000000000002792,-2.375000000000327,3.0000000000001137,-6.875000000000497,7.000000000000739,-0.9999999999990905,1.5000000000000568,1.5000000000000568,0.9999999999990905,0.9999999999990905,1.5000000000000568,1.1999999999997346,1.1249999999996874,1.5000000000000568,1.5000000000000568,1.5000000000000568,-0.30000000000032223,0.30000000000032223,-0.3750000000003695,0.3750000000003695,0.0,-0.0,-0.3750000000003695,0.3750000000003695,0.5000000000009663,-0.5000000000009663,0.5000000000009663,-0.5000000000009663
2026-04-28,2.7849999999999966,2.819999999999993,2.799999999999997,2.7450000000000045,2.694999999999993,2.6850000000000023,2.700000000000003,2.719999999999999,2.7450000000000045,2.7450000000000045,2.799999999999997,2.7090000000000005,2.6999999999999993,2.6999999999999993,2.7450000000000045,-3.600000000000403,-4.500000000000526,0.0,-9.999999999999787,5.000000000001137,-3.999999999999204,6.000000000000227,6.999999999999318,9.000000000000341,4.999999999999716,3.0000000000001137,4.300000000000104,3.8750000000000284,6.000000000000227,6.999999999999318,3.0000000000001137,-1.7000000000001236,1.7000000000001236,-2.125000000000199,2.125000000000199,-3.0000000000001137,3.0000000000001137,-3.1249999999992895,3.1249999999992895,-1.999999999999602,1.999999999999602,-3.0000000000001137,3.0000000000001137
2026-04-29,2.885000000000005,2.924999999999997,2.9000000000000057,2.8299999999999983,2.769999999999996,2.7549999999999955,2.760000000000005,2.769999999999996,2.7849999999999966,2.8299999999999983,2.9000000000000057,2.7769999999999984,2.763749999999998,2.763749999999998,2.7849999999999966,-5.299999999999994,-6.625000000000014,-4.5000000000001705,-13.625000000000753,1.5000000000000568,-5.500000000000682,8.499999999999375,10.000000000000853,10.000000000000853,7.500000000000284,3.999999999999204,6.799999999999784,6.374999999999886,8.499999999999375,10.000000000000853,3.999999999999204,-1.6999999999995907,1.6999999999995907,-2.1249999999994884,2.1249999999994884,-4.5000000000001705,4.5000000000001705,-3.6250000000009663,3.6250000000009663,-3.50000000000108,3.50000000000108,-1.500000000001478,1.500000000001478
2026-04-30,2.825000000000003,2.8599999999999994,2.8299999999999983,2.7549999999999955,2.694999999999993,2.674999999999997,2.680000000000007,2.6899999999999977,2.7049999999999983,2.7549999999999955,2.8299999999999983,2.698999999999998,2.6849999999999987,2.6849999999999987,2.7049999999999983,-5.5999999999997385,-6.999999999999673,-4.999999999999716,-14.499999999999957,1.0000000000005116,-7.000000000000739,-7.500000000000284,-7.000000000000739,-6.000000000000227,-7.500000000000284,-7.9999999999998295,-7.800000000000029,-7.874999999999943,-7.500000000000284,-7.000000000000739,-7.9999999999998295,-0.2999999999997449,0.2999999999997449,-0.37499999999965894,0.37499999999965894,-0.49999999999954525,0.49999999999954525,-0.8749999999992042,0.8749999999992042,-0.49999999999954525,0.49999999999954525,-1.5000000000000568,1.5000000000000568
2026-05-04,2.8799999999999955,2.924999999999997,2.894999999999996,2.8149999999999977,2.7450000000000045,2.719999999999999,2.719999999999999,2.730000000000004,2.7450000000000045,2.8149999999999977,2.894999999999996,2.746000000000001,2.7287500000000016,2.7287500000000016,2.7450000000000045,-6.899999999999684,-8.624999999999616,-6.999999999999318,-16.624999999999446,0.0,-6.499999999999773,6.000000000000227,6.499999999999773,5.499999999999261,5.000000000001137,4.000000000000625,4.700000000000282,4.375000000000284,6.000000000000227,6.499999999999773,4.000000000000625,-1.2999999999999456,1.2999999999999456,-1.6249999999999432,1.6249999999999432,-1.999999999999602,1.999999999999602,-2.1249999999994884,2.1249999999994884,-1.0000000000005116,1.0000000000005116,0.5000000000009663,-0.5000000000009663
2026-05-05,2.864999999999995,2.9150000000000063,2.885000000000005,2.805000000000007,2.7349999999999994,2.7099999999999937,2.7099999999999937,2.719999999999999,2.739999999999995,2.805000000000007,2.885000000000005,2.7359999999999984,2.7187499999999964,2.7187499999999964,2.739999999999995,-6.900000000000839,-8.625000000001037,-6.500000000001194,-16.625000000000867,0.49999999999954525,-5.999999999998806,-0.9999999999990905,-0.9999999999990905,-1.5000000000000568,-1.0000000000005116,-0.5000000000009663,-1.0000000000002451,-1.0000000000005116,-0.9999999999990905,-0.9999999999990905,-0.5000000000009663,-1.1546319456101628e-12,1.1546319456101628e-12,-1.4210854715202004e-12,1.4210854715202004e-12,0.49999999999812417,-0.49999999999812417,-1.4210854715202004e-12,1.4210854715202004e-12,0.49999999999954525,-0.49999999999954525,0.5000000000009663,-0.5000000000009663
2026-05-06,2.6899999999999977,2.7249999999999943,2.7099999999999937,2.655000000000001,2.6099999999999994,2.605000000000004,2.614999999999995,2.6299999999999955,2.655000000000001,2.655000000000001,2.7099999999999937,2.622999999999999,2.6149999999999984,2.6149999999999984,2.655000000000001,-3.200000000000225,-4.00000000000027,0.0,-9.499999999999531,4.5000000000001705,-3.499999999999659,-15.000000000000568,-17.500000000001137,-17.499999999999716,-12.5,-8.499999999999375,-11.299999999999955,-10.374999999999801,-15.000000000000568,-17.500000000001137,-8.499999999999375,3.700000000000614,-3.700000000000614,4.625000000000767,-4.625000000000767,6.500000000001194,-6.500000000001194,7.125000000001336,-7.125000000001336,4.000000000000625,-4.000000000000625,2.4999999999991473,-2.4999999999991473
2026-05-07,2.6899999999999977,2.7249999999999943,2.7099999999999937,2.6599999999999966,2.614999999999995,2.6099999999999994,2.6200000000000045,2.635000000000005,2.655000000000001,2.6599999999999966,2.7099999999999937,2.628,2.620000000000001,2.620000000000001,2.655000000000001,-3.1999999999996476,-3.9999999999995595,-0.49999999999954525,-8.999999999999275,4.000000000000625,-3.0000000000001137,0.49999999999954525,0.0,0.0,0.49999999999954525,0.0,0.5000000000001226,0.5000000000002558,0.49999999999954525,0.0,0.0,5.773159728050814e-13,-5.773159728050814e-13,7.105427357601002e-13,-7.105427357601002e-13,-0.49999999999954525,0.49999999999954525,0.5000000000002558,-0.5000000000002558,-0.49999999999954525,0.49999999999954525,0.49999999999954525,-0.49999999999954525
2026-05-08,2.719999999999999,2.7549999999999955,2.739999999999995,2.6850000000000023,2.635000000000005,2.625,2.6299999999999955,2.644999999999996,2.6599999999999966,2.6850000000000023,2.739999999999995,2.6439999999999997,2.633749999999999,2.633749999999999,2.6599999999999966,-4.100000000000259,-5.125000000000313,-2.5000000000005684,-10.624999999999574,2.4999999999991473,-3.499999999999659,2.5000000000005684,3.0000000000001137,3.0000000000001137,2.000000000001023,0.49999999999954525,1.599999999999957,1.3749999999998153,2.5000000000005684,3.0000000000001137,0.49999999999954525,-0.9000000000006114,0.9000000000006114,-1.1250000000007532,1.1250000000007532,-2.000000000001023,2.000000000001023,-1.6250000000002984,1.6250000000002984,-1.500000000001478,1.500000000001478,-0.49999999999954525,0.49999999999954525
2026-05-11,2.7900000000000063,2.8400000000000034,2.825000000000003,2.765000000000001,2.7099999999999937,2.6899999999999977,2.6850000000000023,2.6899999999999977,2.700000000000003,2.765000000000001,2.825000000000003,2.7079999999999984,2.693749999999998,2.693749999999998,2.700000000000003,-5.70000000000026,-7.125000000000314,-6.499999999999817,-13.125000000000497,-0.9999999999990905,-2.500000000000524,7.999999999999874,8.500000000000796,7.000000000000739,7.499999999998863,4.000000000000625,6.3999999999998725,5.999999999999872,7.999999999999874,8.500000000000796,4.000000000000625,-1.6000000000000014,1.6000000000000014,-2.0000000000000018,2.0000000000000018,-3.9999999999992486,3.9999999999992486,-2.5000000000009237,2.5000000000009237,-3.499999999998238,3.499999999998238,0.9999999999991349,-0.9999999999991349
2026-05-12,2.8400000000000034,2.9000000000000057,2.890000000000001,2.8299999999999983,2.7750000000000057,2.7549999999999955,2.7549999999999955,2.760000000000005,2.7750000000000057,2.8299999999999983,2.890000000000001,2.775,2.7612500000000004,2.7612500000000004,2.7750000000000057,-5.499999999999838,-6.874999999999787,-5.499999999999261,-12.875000000000059,0.0,-1.0000000000005116,6.499999999999728,6.499999999999817,4.999999999999716,6.500000000001194,7.500000000000284,6.70000000000015,6.750000000000256,6.499999999999728,6.499999999999817,7.500000000000284,0.20000000000042206,-0.20000000000042206,0.2500000000005276,-0.2500000000005276,1.000000000000556,-1.000000000000556,0.25000000000043876,-0.25000000000043876,0.9999999999990905,-0.9999999999990905,1.5000000000000124,-1.5000000000000124
2026-05-13,2.8400000000000034,2.9099999999999966,2.9000000000000057,2.844999999999999,2.7900000000000063,2.769999999999996,2.769999999999996,2.780000000000001,2.7900000000000063,2.844999999999999,2.9000000000000057,2.7909999999999995,2.7775,2.7775,2.7900000000000063,-5.399999999999938,-6.7499999999999005,-5.499999999999261,-12.250000000000583,0.0,0.49999999999954525,1.5000000000000568,1.0000000000004672,0.0,1.5000000000000568,1.5000000000000568,1.599999999999957,1.6249999999999432,1.5000000000000568,1.0000000000004672,1.5000000000000568,0.09999999999990017,-0.09999999999990017,0.12499999999988631,-0.12499999999988631,0.0,-0.0,0.624999999999476,-0.624999999999476,0.0,-0.0,1.5000000000000568,-1.5000000000000568
2026-05-14,2.780000000000001,2.8400000000000034,2.8349999999999937,2.7849999999999966,2.7349999999999994,2.719999999999999,2.7249999999999943,2.7349999999999994,2.7450000000000045,2.7849999999999966,2.8349999999999937,2.7399999999999975,2.728749999999998,2.728749999999998,2.7450000000000045,-4.499999999999904,-5.624999999999858,-3.999999999999204,-10.624999999999574,1.0000000000005116,0.49999999999954525,-6.000000000000227,-6.500000000001194,-6.000000000000227,-5.500000000000682,-4.5000000000001705,-5.100000000000193,-4.875000000000185,-6.000000000000227,-6.500000000001194,-4.5000000000001705,0.9000000000000341,-0.9000000000000341,1.1250000000000426,-1.1250000000000426,1.5000000000000568,-1.5000000000000568,1.625000000001009,-1.625000000001009,1.0000000000005116,-1.0000000000005116,0.0,-0.0
2026-05-15,2.8400000000000034,2.9200000000000017,2.924999999999997,2.8799999999999955,2.8299999999999983,2.8149999999999977,2.8149999999999977,2.825000000000003,2.8400000000000034,2.8799999999999955,2.924999999999997,2.8329999999999984,2.821249999999999,2.821249999999999,2.8400000000000034,-4.699999999999704,-5.8749999999996305,-3.999999999999204,-10.374999999999801,1.0000000000005116,3.999999999999204,9.499999999999886,9.000000000000341,6.000000000000227,9.499999999999886,9.499999999999886,9.300000000000086,9.250000000000114,9.499999999999886,9.000000000000341,9.499999999999886,-0.19999999999980034,0.19999999999980034,-0.24999999999977263,0.24999999999977263,0.0,-0.0,0.24999999999977263,-0.24999999999977263,0.0,-0.0,3.499999999999659,-3.499999999999659
2026-05-18,2.819999999999993,2.905000000000001,2.9099999999999966,2.875,2.8299999999999983,2.819999999999993,2.825000000000003,2.8349999999999937,2.855000000000004,2.875,2.9099999999999966,2.8369999999999975,2.827499999999997,2.827499999999997,2.855000000000004,-3.8000000000002476,-4.750000000000298,-1.999999999999602,-8.249999999999957,2.5000000000005684,5.500000000000682,-0.49999999999954525,-1.5000000000000568,-2.000000000001023,0.0,1.5000000000000568,0.39999999999991154,0.6249999999997868,-0.49999999999954525,-1.5000000000000568,1.5000000000000568,0.8999999999994568,-0.8999999999994568,1.124999999999332,-1.124999999999332,1.999999999999602,-1.999999999999602,2.1249999999998437,-2.1249999999998437,1.5000000000000568,-1.5000000000000568,1.500000000001478,-1.500000000001478
2026-05-19,2.8349999999999937,2.930000000000007,2.950000000000003,2.9150000000000063,2.8700000000000045,2.855000000000004,2.855000000000004,2.8599999999999994,2.875,2.9150000000000063,2.950000000000003,2.8710000000000035,2.860000000000003,2.860000000000003,2.875,-4.40000000000027,-5.500000000000327,-4.000000000000625,-8.999999999999986,0.49999999999954525,8.00000000000125,4.000000000000625,4.000000000000625,1.5000000000000568,4.000000000000625,1.999999999999602,3.4000000000006025,3.250000000000597,4.000000000000625,4.000000000000625,1.999999999999602,-0.6000000000000227,0.6000000000000227,-0.7500000000000284,0.7500000000000284,-2.000000000001023,2.000000000001023,-0.7500000000000284,0.7500000000000284,-2.000000000001023,2.000000000001023,2.5000000000005684,-2.5000000000005684
2026-05-20,2.7450000000000045,2.819999999999993,2.8349999999999937,2.805000000000007,2.765000000000001,2.75,2.7549999999999955,2.769999999999996,2.7900000000000063,2.805000000000007,2.8349999999999937,2.7689999999999997,2.759999999999998,2.759999999999998,2.7900000000000063,-3.6000000000007137,-4.500000000000881,-1.5000000000000568,-7.499999999999574,2.500000000000524,6.000000000000227,-10.999999999999943,-11.50000000000091,-8.99999999999892,-10.500000000000353,-8.499999999999375,-10.200000000000387,-10.000000000000497,-10.999999999999943,-11.50000000000091,-8.499999999999375,0.7999999999995566,-0.7999999999995566,0.9999999999994458,-0.9999999999994458,2.5000000000005684,-2.5000000000005684,1.5000000000004121,-1.5000000000004121,2.0000000000009788,-2.0000000000009788,-2.000000000001023,2.000000000001023
2026-05-21,2.7750000000000057,2.855000000000004,2.8599999999999994,2.819999999999993,2.7750000000000057,2.760000000000005,2.765000000000001,2.7750000000000057,2.7950000000000017,2.819999999999993,2.8599999999999994,2.779000000000002,2.7687500000000043,2.7687500000000043,2.7950000000000017,-4.099999999999104,-5.1249999999988916,-2.4999999999991473,-9.124999999999517,1.999999999999602,4.4999999999987494,1.4999999999986358,2.5000000000005684,3.0000000000001137,1.0000000000004672,0.49999999999954525,1.0000000000002451,0.8750000000006253,1.4999999999986358,2.5000000000005684,0.49999999999954525,-0.4999999999983906,0.4999999999983906,-0.6249999999980105,0.6249999999980105,-0.9999999999990905,0.9999999999990905,-1.6249999999999432,1.6249999999999432,-0.5000000000009219,0.5000000000009219,-1.500000000001478,1.500000000001478
2026-05-22,2.7349999999999994,2.805000000000007,2.805000000000007,2.765000000000001,2.7150000000000034,2.694999999999993,2.694999999999993,2.7049999999999983,2.7249999999999943,2.765000000000001,2.805000000000007,2.7149999999999976,2.702499999999997,2.702499999999997,2.7249999999999943,-5.0000000000003375,-6.2500000000004,-4.00000000000067,-10.25000000000098,0.9999999999990905,3.000000000000158,-5.499999999999217,-5.499999999999261,-4.000000000000625,-6.000000000000227,-7.000000000000739,-6.40000000000045,-6.625000000000725,-5.499999999999217,-5.499999999999261,-7.000000000000739,-0.9000000000012331,0.9000000000012331,-1.1250000000015081,1.1250000000015081,-1.5000000000015223,1.5000000000015223,-1.1250000000014637,1.1250000000014637,-1.0000000000005116,1.0000000000005116,-1.4999999999985913,1.4999999999985913
2026-05-25,2.614999999999995,2.6650000000000063,2.6599999999999966,2.625,2.5849999999999937,2.5799999999999983,2.5900000000000034,2.605000000000004,2.6299999999999955,2.625,2.6599999999999966,2.597,2.59,2.59,2.6299999999999955,-2.8000000000000025,-3.500000000000014,0.49999999999954525,-6.999999999999673,4.5000000000001705,1.0000000000005116,-14.000000000000101,-14.500000000001023,-12.000000000000455,-13.000000000000966,-9.499999999999886,-11.799999999999766,-11.249999999999716,-14.000000000000101,-14.500000000001023,-9.499999999999886,2.200000000000335,-2.200000000000335,2.7500000000003855,-2.7500000000003855,4.500000000000215,-4.500000000000215,3.2500000000013074,-3.2500000000013074,3.50000000000108,-3.50000000000108,-1.9999999999996465,1.9999999999996465
2026-05-26,2.6899999999999977,2.739999999999995,2.7349999999999994,2.694999999999993,2.6500000000000057,2.635000000000005,2.640000000000001,2.6500000000000057,2.6650000000000063,2.694999999999993,2.7349999999999994,2.654000000000002,2.6437500000000043,2.6437500000000043,2.6650000000000063,-4.099999999999104,-5.1249999999988916,-2.9999999999986926,-9.124999999999517,1.5000000000000568,0.49999999999954525,6.999999999999318,7.500000000000284,7.500000000000284,6.500000000001194,3.50000000000108,5.700000000000216,5.3750000000004405,6.999999999999318,7.500000000000284,3.50000000000108,-1.2999999999991019,1.2999999999991019,-1.6249999999988773,1.6249999999988773,-3.499999999998238,3.499999999998238,-2.1249999999998437,2.1249999999998437,-3.0000000000001137,3.0000000000001137,-0.5000000000009663,0.5000000000009663
2026-05-27,2.6700000000000017,2.7150000000000034,2.7049999999999983,2.6599999999999966,2.614999999999995,2.5999999999999943,2.6099999999999994,2.625,2.6500000000000057,2.6599999999999966,2.7049999999999983,2.621999999999997,2.612499999999997,2.612499999999997,2.6500000000000057,-3.7999999999999368,-4.749999999999943,-0.9999999999990905,-9.250000000000114,3.50000000000108,-1.0000000000005116,-3.499999999999659,-3.0000000000001137,-1.999999999999602,-3.50000000000108,-1.5000000000000568,-3.2000000000004913,-3.1250000000007105,-3.499999999999659,-3.0000000000001137,-1.5000000000000568,0.2999999999991676,-0.2999999999991676,0.3749999999989484,-0.3749999999989484,1.999999999999602,-1.999999999999602,-0.12500000000059686,0.12500000000059686,2.000000000001023,-2.000000000001023,-1.5000000000000568,1.5000000000000568
2026-05-28,2.640000000000001,2.674999999999997,2.6650000000000063,2.625,2.5799999999999983,2.5649999999999977,2.569999999999993,2.5900000000000034,2.614999999999995,2.625,2.6650000000000063,2.5859999999999985,2.576249999999998,2.576249999999998,2.614999999999995,-3.900000000000148,-4.875000000000185,-1.0000000000005116,-8.87500000000081,3.499999999999659,-1.5000000000001013,-3.499999999999659,-3.999999999999204,-3.0000000000000693,-3.499999999999659,-3.50000000000108,-3.59999999999987,-3.6249999999999005,-3.499999999999659,-3.999999999999204,-3.50000000000108,-0.10000000000021103,0.10000000000021103,-0.12500000000024158,0.12500000000024158,-1.4210854715202004e-12,1.4210854715202004e-12,0.37499999999930367,-0.37499999999930367,-1.4210854715202004e-12,1.4210854715202004e-12,-0.49999999999958966,0.49999999999958966
2026-05-29,2.614999999999995,2.655000000000001,2.644999999999996,2.5999999999999943,2.549999999999997,2.530000000000001,2.5349999999999966,2.555000000000007,2.5799999999999983,2.5999999999999943,2.644999999999996,2.5539999999999994,2.5425000000000004,2.5425000000000004,2.5799999999999983,-4.599999999999493,-5.749999999999389,-1.999999999999602,-10.24999999999956,3.0000000000001137,-1.5000000000000568,-2.5000000000005684,-2.000000000001023,-2.500000000000613,-3.0000000000001137,-3.499999999999659,-3.199999999999914,-3.3749999999997726,-2.5000000000005684,-2.000000000001023,-3.499999999999659,-0.6999999999993456,0.6999999999993456,-0.8749999999992042,0.8749999999992042,-0.9999999999990905,0.9999999999990905,-1.3749999999987494,1.3749999999987494,-0.49999999999954525,0.49999999999954525,4.440892098500626e-14,-4.440892098500626e-14
2026-06-01,2.739999999999995,2.7950000000000017,2.7849999999999966,2.730000000000004,2.6650000000000063,2.635000000000005,2.6299999999999955,2.640000000000001,2.6599999999999966,2.730000000000004,2.7849999999999966,2.6600000000000024,2.642500000000002,2.642500000000002,2.6599999999999966,-7.000000000000162,-8.750000000000213,-7.000000000000739,-14.249999999999474,-0.5000000000009663,-0.9999999999990905,13.000000000000966,14.000000000000057,12.5,11.50000000000091,7.9999999999998295,10.600000000000298,10.000000000000142,13.000000000000966,14.000000000000057,7.9999999999998295,-2.4000000000006683,2.4000000000006683,-3.0000000000008242,3.0000000000008242,-5.000000000001137,5.000000000001137,-3.9999999999999147,3.9999999999999147,-3.50000000000108,3.50000000000108,0.5000000000009663,-0.5000000000009663
2026-06-02,2.719999999999999,2.765000000000001,2.7549999999999955,2.700000000000003,2.635000000000005,2.5999999999999943,2.594999999999999,2.605000000000004,2.625,2.700000000000003,2.7549999999999955,2.627000000000001,2.6087500000000006,2.6087500000000006,2.625,-7.300000000000173,-9.125000000000227,-7.500000000000284,-14.624999999999488,-1.0000000000005116,-1.999999999999602,-3.0000000000001137,-3.0000000000001137,-1.999999999999602,-3.0000000000001137,-3.499999999999659,-3.300000000000125,-3.375000000000128,-3.0000000000001137,-3.0000000000001137,-3.499999999999659,-0.30000000000001137,0.30000000000001137,-0.3750000000000142,0.3750000000000142,-0.49999999999954525,0.49999999999954525,-0.3750000000000142,0.3750000000000142,-0.49999999999954525,0.49999999999954525,-1.0000000000005116,1.0000000000005116
2026-06-03,2.7549999999999955,2.819999999999993,2.825000000000003,2.780000000000001,2.719999999999999,2.680000000000007,2.6700000000000017,2.674999999999997,2.694999999999993,2.780000000000001,2.825000000000003,2.705000000000001,2.686250000000001,2.686250000000001,2.694999999999993,-7.500000000000018,-9.375,-8.500000000000796,-13.87500000000017,-2.5000000000005684,2.5000000000005684,7.9999999999998295,7.000000000000739,3.499999999999659,8.499999999999375,6.999999999999318,7.799999999999985,7.750000000000057,7.9999999999998295,7.000000000000739,6.999999999999318,-0.19999999999984475,0.19999999999984475,-0.24999999999977263,0.24999999999977263,-1.0000000000005116,1.0000000000005116,0.7499999999993179,-0.7499999999993179,-1.5000000000000568,1.5000000000000568,4.5000000000001705,-4.5000000000001705
2026-06-04,2.730000000000004,2.7950000000000017,2.799999999999997,2.760000000000005,2.7049999999999983,2.6700000000000017,2.6599999999999966,2.6650000000000063,2.6850000000000023,2.760000000000005,2.799999999999997,2.6920000000000015,2.6750000000000007,2.6750000000000007,2.6850000000000023,-6.800000000000361,-8.50000000000044,-7.500000000000284,-12.499999999999645,-1.999999999999602,3.0000000000001137,-1.999999999999602,-2.5000000000005684,-2.4999999999991473,-1.5000000000000568,-0.9999999999990905,-1.2999999999999456,-1.1250000000000426,-1.999999999999602,-2.5000000000005684,-0.9999999999990905,0.6999999999996565,-0.6999999999996565,0.8749999999995595,-0.8749999999995595,1.0000000000005116,-1.0000000000005116,1.3750000000005258,-1.3750000000005258,0.5000000000009663,-0.5000000000009663,0.49999999999954525,-0.49999999999954525
2026-06-05,2.760000000000005,2.825000000000003,2.8299999999999983,2.7900000000000063,2.7349999999999994,2.7049999999999983,2.7049999999999983,2.7150000000000034,2.7349999999999994,2.7900000000000063,2.8299999999999983,2.7300000000000013,2.715,2.715,2.7349999999999994,-6.000000000000494,-7.5000000000006395,-5.500000000000682,-11.499999999999844,0.0,3.0000000000001137,3.0000000000001137,3.0000000000001137,3.0000000000001137,3.0000000000001137,4.999999999999716,3.799999999999981,3.9999999999999147,3.0000000000001137,3.0000000000001137,4.999999999999716,0.7999999999998675,-0.7999999999998675,0.999999999999801,-0.999999999999801,1.999999999999602,-1.999999999999602,0.999999999999801,-0.999999999999801,1.999999999999602,-1.999999999999602,0.0,-0.0
2026-06-08,2.7750000000000057,2.8400000000000034,2.844999999999999,2.8149999999999977,2.765000000000001,2.7349999999999994,2.730000000000004,2.739999999999995,2.7549999999999955,2.8149999999999977,2.844999999999999,2.7569999999999992,2.7424999999999997,2.7424999999999997,2.7549999999999955,-5.79999999999985,-7.249999999999801,-6.000000000000227,-10.249999999999915,-1.000000000000556,3.999999999999204,2.4999999999991473,1.5000000000000568,1.5000000000000568,3.000000000000158,1.999999999999602,2.6999999999997915,2.749999999999986,2.4999999999991473,1.5000000000000568,1.999999999999602,0.2000000000006441,-0.2000000000006441,0.25000000000083844,-0.25000000000083844,-0.49999999999954525,0.49999999999954525,1.249999999999929,-1.249999999999929,-1.000000000000556,1.000000000000556,0.9999999999990905,-0.9999999999990905
2026-06-09,2.75,2.8100000000000023,2.8149999999999977,2.780000000000001,2.7349999999999994,2.7099999999999937,2.7049999999999983,2.7150000000000034,2.7349999999999994,2.780000000000001,2.8149999999999977,2.728999999999999,2.7162499999999987,2.7162499999999987,2.7349999999999994,-5.100000000000193,-6.375000000000242,-4.5000000000001705,-9.8749999999999,0.0,3.0000000000001137,-3.499999999999659,-3.0000000000001137,-2.5000000000005684,-3.000000000000158,-1.999999999999602,-2.8000000000000025,-2.6250000000000995,-3.499999999999659,-3.0000000000001137,-1.999999999999602,0.6999999999996565,-0.6999999999996565,0.8749999999995595,-0.8749999999995595,1.5000000000000568,-1.5000000000000568,0.3750000000000142,-0.3750000000000142,1.000000000000556,-1.000000000000556,-0.9999999999990905,0.9999999999990905
2026-06-10,2.780000000000001,2.844999999999999,2.8499999999999943,2.819999999999993,2.769999999999996,2.739999999999995,2.730000000000004,2.7349999999999994,2.75,2.819999999999993,2.8499999999999943,2.7589999999999977,2.7437499999999986,2.7437499999999986,2.75,-6.09999999999955,-7.62499999999946,-6.999999999999318,-10.624999999999574,-1.999999999999602,3.999999999999204,3.999999999999204,3.499999999999659,3.0000000000001137,3.499999999999659,1.5000000000000568,2.9999999999998472,2.749999999999986,3.999999999999204,3.499999999999659,1.5000000000000568,-0.999999999999357,0.999999999999357,-1.2499999999992184,1.2499999999992184,-2.4999999999991473,2.4999999999991473,-0.7499999999996732,0.7499999999996732,-1.999999999999602,1.999999999999602,0.9999999999990905,-0.9999999999990905
2026-06-11,2.7349999999999994,2.7900000000000063,2.7900000000000063,2.7549999999999955,2.7049999999999983,2.674999999999997,2.6700000000000017,2.680000000000007,2.700000000000003,2.7549999999999955,2.7900000000000063,2.697,2.682500000000001,2.682500000000001,2.700000000000003,-5.799999999999539,-7.249999999999446,-5.499999999999261,-10.750000000000526,-0.49999999999954525,1.999999999999602,-6.499999999999773,-5.999999999998806,-4.5000000000001705,-6.499999999999773,-4.999999999999716,-6.199999999999761,-6.124999999999758,-6.499999999999773,-5.999999999998806,-4.999999999999716,0.30000000000001137,-0.30000000000001137,0.3750000000000142,-0.3750000000000142,1.5000000000000568,-1.5000000000000568,-0.12500000000095213,0.12500000000095213,1.5000000000000568,-1.5000000000000568,-1.999999999999602,1.999999999999602
2026-06-12,2.6850000000000023,2.730000000000004,2.7349999999999994,2.7099999999999937,2.6700000000000017,2.6500000000000057,2.6500000000000057,2.6650000000000063,2.6850000000000023,2.7099999999999937,2.7349999999999994,2.6690000000000027,2.658750000000005,2.658750000000005,2.6850000000000023,-4.099999999999104,-5.1249999999988916,-2.4999999999991473,-7.62499999999946,1.5000000000000568,2.4999999999991473,-4.5000000000001705,-5.500000000000682,-4.999999999999716,-3.499999999999659,-1.5000000000000568,-2.799999999999736,-2.3749999999996163,-4.5000000000001705,-5.500000000000682,-1.5000000000000568,1.7000000000004345,-1.7000000000004345,2.1250000000005542,-2.1250000000005542,3.0000000000001137,-3.0000000000001137,3.125000000001066,-3.125000000001066,1.999999999999602,-1.999999999999602,0.49999999999954525,-0.49999999999954525
2026-06-15,2.640000000000001,2.674999999999997,2.6700000000000017,2.640000000000001,2.5999999999999943,2.5849999999999937,2.5900000000000034,2.605000000000004,2.6299999999999955,2.640000000000001,2.6700000000000017,2.603999999999999,2.594999999999999,2.594999999999999,2.6299999999999955,-3.600000000000181,-4.500000000000215,-1.000000000000556,-7.500000000000284,3.0000000000001137,0.0,-6.9999999999992735,-6.499999999999773,-4.500000000000126,-7.000000000000739,-5.500000000000682,-6.50000000000035,-6.375000000000597,-6.9999999999992735,-6.499999999999773,-5.500000000000682,0.4999999999989235,-0.4999999999989235,0.6249999999986766,-0.6249999999986766,1.4999999999985913,-1.4999999999985913,0.12499999999917577,-0.12499999999917577,1.5000000000000568,-1.5000000000000568,-2.4999999999991473,2.4999999999991473
2026-06-16,2.6500000000000057,2.6899999999999977,2.6850000000000023,2.6500000000000057,2.605000000000004,2.5849999999999937,2.5849999999999937,2.594999999999999,2.614999999999995,2.6500000000000057,2.6850000000000023,2.603999999999999,2.5924999999999976,2.5924999999999976,2.614999999999995,-4.600000000000648,-5.75000000000081,-3.50000000000108,-9.250000000000469,0.9999999999990905,0.0,1.0000000000004672,1.5000000000000568,1.0000000000004672,0.5000000000009663,-1.5000000000000568,0.0,-0.2500000000001279,1.0000000000004672,1.5000000000000568,-1.5000000000000568,-1.0000000000004672,1.0000000000004672,-1.250000000000595,1.250000000000595,-2.500000000000524,2.500000000000524,-1.7500000000001847,1.7500000000001847,-2.000000000001023,2.000000000001023,0.0,-0.0
2026-06-17,2.655000000000001,2.694999999999993,2.6899999999999977,2.655000000000001,2.614999999999995,2.594999999999999,2.594999999999999,2.605000000000004,2.6200000000000045,2.655000000000001,2.6899999999999977,2.6129999999999995,2.602499999999999,2.602499999999999,2.6200000000000045,-4.200000000000159,-5.250000000000199,-3.499999999999659,-8.749999999999858,0.5000000000009663,0.0,0.49999999999954525,0.49999999999954525,0.49999999999954525,0.9999999999990905,0.5000000000009663,0.9000000000000341,1.0000000000001563,0.49999999999954525,0.49999999999954525,0.5000000000009663,0.40000000000048885,-0.40000000000048885,0.5000000000006111,-0.5000000000006111,1.4210854715202004e-12,-1.4210854715202004e-12,0.5000000000006111,-0.5000000000006111,-0.49999999999812417,0.49999999999812417,0.0,-0.0
2026-06-18,2.6599999999999966,2.7049999999999983,2.700000000000003,2.6650000000000063,2.6200000000000045,2.5999999999999943,2.5999999999999943,2.6099999999999994,2.625,2.6650000000000063,2.700000000000003,2.6189999999999998,2.607499999999998,2.607499999999998,2.625,-4.600000000000648,-5.75000000000081,-4.000000000000625,-9.250000000000469,0.49999999999954525,0.5000000000009663,1.0000000000005116,1.0000000000005116,0.49999999999954525,0.5000000000009663,0.49999999999954525,0.6000000000000227,0.4999999999999005,1.0000000000005116,1.0000000000005116,0.49999999999954525,-0.40000000000048885,0.40000000000048885,-0.5000000000006111,0.5000000000006111,-0.5000000000009663,0.5000000000009663,-0.5000000000006111,0.5000000000006111,-1.4210854715202004e-12,1.4210854715202004e-12,0.5000000000009663,-0.5000000000009663
2026-06-19,2.7049999999999983,2.7549999999999955,2.7549999999999955,2.7249999999999943,2.680000000000007,2.6599999999999966,2.655000000000001,2.6650000000000063,2.680000000000007,2.7249999999999943,2.7549999999999955,2.677000000000001,2.6650000000000027,2.6650000000000027,2.680000000000007,-4.799999999999338,-5.999999999999162,-4.4999999999987494,-8.999999999999275,0.0,1.999999999999602,5.999999999998806,5.499999999999261,4.5000000000001705,6.000000000000227,5.500000000000682,5.800000000000116,5.750000000000455,5.999999999998806,5.499999999999261,5.500000000000682,-0.19999999999869011,0.19999999999869011,-0.24999999999835154,0.24999999999835154,-0.49999999999812417,0.49999999999812417,0.2500000000011937,-0.2500000000011937,-0.49999999999954525,0.49999999999954525,1.4999999999986358,-1.4999999999986358
2026-06-22,2.6500000000000057,2.694999999999993,2.6899999999999977,2.6599999999999966,2.6200000000000045,2.605000000000004,2.605000000000004,2.614999999999995,2.635000000000005,2.6599999999999966,2.6899999999999977,2.621000000000001,2.611250000000002,2.611250000000002,2.635000000000005,-3.8999999999995705,-4.874999999999474,-2.4999999999991473,-7.874999999999588,1.5000000000000568,0.9999999999990905,-6.499999999999773,-6.499999999999773,-5.499999999999261,-6.000000000000227,-4.5000000000001705,-5.600000000000005,-5.375000000000085,-6.499999999999773,-6.499999999999773,-4.5000000000001705,0.8999999999997677,-0.8999999999997677,1.1249999999996874,-1.1249999999996874,1.999999999999602,-1.999999999999602,1.1249999999996874,-1.1249999999996874,1.5000000000000568,-1.5000000000000568,-1.0000000000005116,1.0000000000005116
2026-06-23,2.635000000000005,2.674999999999997,2.6700000000000017,2.635000000000005,2.594999999999999,2.575000000000003,2.575000000000003,2.5799999999999983,2.5999999999999943,2.635000000000005,2.6700000000000017,2.5920000000000014,2.5812500000000007,2.5812500000000007,2.5999999999999943,-4.30000000000037,-5.3750000000004405,-3.50000000000108,-8.8750000000001,0.49999999999954525,0.0,-2.4999999999991473,-1.999999999999602,-1.5000000000000568,-2.5000000000005684,-3.50000000000108,-2.899999999999947,-3.0000000000001137,-2.4999999999991473,-1.999999999999602,-3.50000000000108,-0.4000000000007997,0.4000000000007997,-0.5000000000009663,0.5000000000009663,-1.0000000000019327,1.0000000000019327,-1.0000000000005116,1.0000000000005116,-1.0000000000005116,1.0000000000005116,-0.9999999999990905,0.9999999999990905
2026-06-24,2.605000000000004,2.644999999999996,2.640000000000001,2.6099999999999994,2.569999999999993,2.5450000000000017,2.5400000000000063,2.5450000000000017,2.5600000000000023,2.6099999999999994,2.640000000000001,2.5620000000000003,2.5500000000000007,2.5500000000000007,2.5600000000000023,-4.7999999999999154,-5.999999999999872,-4.999999999999716,-9.00000000000003,-0.9999999999990905,0.49999999999954525,-2.5000000000005684,-3.0000000000000693,-3.0000000000001137,-2.5000000000005684,-3.999999999999204,-3.0000000000001137,-3.125,-2.5000000000005684,-3.0000000000000693,-3.999999999999204,-0.49999999999954525,0.49999999999954525,-0.6249999999994316,0.6249999999994316,-1.4999999999986358,1.4999999999986358,-0.12499999999993072,0.12499999999993072,-1.4999999999986358,1.4999999999986358,0.49999999999954525,-0.49999999999954525
2026-06-25,2.594999999999999,2.625,2.6200000000000045,2.5900000000000034,2.555000000000007,2.5349999999999966,2.5349999999999966,2.5450000000000017,2.5600000000000023,2.5900000000000034,2.6200000000000045,2.552000000000001,2.5425000000000004,2.5425000000000004,2.5600000000000023,-3.8000000000002476,-4.750000000000298,-3.0000000000001137,-7.750000000000412,0.49999999999954525,-0.49999999999954525,-1.999999999999602,-1.9999999999996465,-1.0000000000005116,-1.4999999999986358,0.0,-0.9999999999999343,-0.7500000000000284,-1.999999999999602,-1.9999999999996465,0.0,0.9999999999996678,-0.9999999999996678,1.2499999999995737,-1.2499999999995737,1.999999999999602,-1.999999999999602,1.249999999999618,-1.249999999999618,1.4999999999986358,-1.4999999999986358,-0.9999999999990905,0.9999999999990905
2026-06-26,2.5649999999999977,2.5900000000000034,2.5799999999999983,2.555000000000007,2.519999999999996,2.5049999999999955,2.5049999999999955,2.519999999999996,2.5400000000000063,2.555000000000007,2.5799999999999983,2.520999999999998,2.5124999999999957,2.5124999999999957,2.5400000000000063,-3.400000000000869,-4.2500000000011084,-1.5000000000000568,-6.750000000000256,2.000000000001023,-0.9999999999990905,-3.499999999999659,-4.000000000000625,-3.0000000000001137,-3.50000000000108,-1.999999999999602,-3.1000000000002803,-3.000000000000469,-3.499999999999659,-4.000000000000625,-1.999999999999602,0.39999999999937863,-0.39999999999937863,0.49999999999919,-0.49999999999919,1.5000000000000568,-1.5000000000000568,1.0000000000001563,-1.0000000000001563,1.500000000001478,-1.500000000001478,-0.49999999999954525,0.49999999999954525
2026-06-29,2.5900000000000034,2.6200000000000045,2.614999999999995,2.5849999999999937,2.5450000000000017,2.5250000000000057,2.5250000000000057,2.5349999999999966,2.549999999999997,2.5849999999999937,2.614999999999995,2.5430000000000006,2.5325000000000024,2.5325000000000024,2.549999999999997,-4.199999999999315,-5.249999999999133,-3.499999999999659,-8.249999999999247,0.49999999999954525,-0.5000000000009663,2.9999999999986926,3.499999999999659,2.5000000000005684,2.5000000000005684,0.9999999999990905,2.200000000000246,2.000000000000668,2.9999999999986926,3.499999999999659,0.9999999999990905,-0.7999999999984464,0.7999999999984464,-0.9999999999980247,0.9999999999980247,-1.999999999999602,1.999999999999602,-1.499999999998991,1.499999999998991,-1.500000000001478,1.500000000001478,0.49999999999812417,-0.49999999999812417
2026-06-30,2.5799999999999983,2.614999999999995,2.6099999999999994,2.5799999999999983,2.5450000000000017,2.530000000000001,2.530000000000001,2.5400000000000063,2.555000000000007,2.5799999999999983,2.6099999999999994,2.5450000000000017,2.5362500000000026,2.5362500000000026,2.555000000000007,-3.499999999999659,-4.374999999999574,-2.4999999999991473,-7.374999999999687,1.0000000000005116,0.0,-0.49999999999954525,-0.49999999999954525,-1.0000000000005116,0.0,0.5000000000009663,0.2000000000001112,0.3750000000000142,-0.49999999999954525,-0.49999999999954525,0.5000000000009663,0.6999999999996565,-0.6999999999996565,0.8749999999995595,-0.8749999999995595,1.0000000000005116,-1.0000000000005116,0.8749999999995595,-0.8749999999995595,0.5000000000009663,-0.5000000000009663,0.5000000000009663,-0.5000000000009663
2026-07-01,2.5450000000000017,2.575000000000003,2.5799999999999983,2.5600000000000023,2.5349999999999966,2.5250000000000057,2.5349999999999966,2.549999999999997,2.569999999999993,2.5600000000000023,2.5799999999999983,2.5409999999999995,2.536249999999999,2.536249999999999,2.569999999999993,-1.9000000000002792,-2.375000000000327,0.9999999999990905,-4.374999999999929,3.499999999999659,1.5000000000000568,-1.999999999999602,-3.0000000000001137,-3.499999999999659,-1.0000000000005116,1.4999999999986358,-0.4000000000002224,-3.552713678800501e-13,-1.999999999999602,-3.0000000000001137,1.4999999999986358,1.5999999999993797,-1.5999999999993797,1.9999999999992468,-1.9999999999992468,3.499999999998238,-3.499999999998238,2.9999999999997584,-2.9999999999997584,2.4999999999991473,-2.4999999999991473,1.5000000000000568,-1.5000000000000568
2026-07-02,2.510000000000005,2.5450000000000017,2.555000000000007,2.5450000000000017,2.530000000000001,2.530000000000001,2.5400000000000063,2.5600000000000023,2.5849999999999937,2.5450000000000017,2.555000000000007,2.5410000000000026,2.5400000000000027,2.5400000000000027,2.5849999999999937,-0.39999999999991154,-0.4999999999999005,3.999999999999204,-1.5000000000004121,5.499999999999261,3.499999999999659,-1.5000000000000568,-2.4999999999991473,-3.499999999999659,-0.49999999999954525,1.5000000000000568,3.1086244689504383e-13,0.3750000000003695,-1.5000000000000568,-2.4999999999991473,1.5000000000000568,1.5000000000003677,-1.5000000000003677,1.8750000000004263,-1.8750000000004263,3.0000000000001137,-3.0000000000001137,2.874999999999517,-2.874999999999517,1.999999999999602,-1.999999999999602,1.999999999999602,-1.999999999999602
2026-07-03,2.5400000000000063,2.5799999999999983,2.5999999999999943,2.5999999999999943,2.5900000000000034,2.594999999999999,2.605000000000004,2.6200000000000045,2.640000000000001,2.5999999999999943,2.5999999999999943,2.602000000000001,2.6025000000000027,2.6025000000000027,2.640000000000001,0.20000000000068852,0.25000000000083844,4.00000000000067,0.25000000000083844,4.99999999999976,5.999999999998806,5.499999999999261,4.4999999999987494,3.0000000000001137,6.000000000000227,5.5000000000007265,6.099999999999861,6.25,5.499999999999261,4.4999999999987494,5.5000000000007265,0.6000000000006,-0.6000000000006,0.750000000000739,-0.750000000000739,1.4654943925052066e-12,-1.4654943925052066e-12,1.7500000000012506,-1.7500000000012506,-0.49999999999950084,0.49999999999950084,2.4999999999991473,-2.4999999999991473
2026-07-06,2.5450000000000017,2.5849999999999937,2.5999999999999943,2.594999999999999,2.5799999999999983,2.5799999999999983,2.5900000000000034,2.6099999999999994,2.6299999999999955,2.594999999999999,2.5999999999999943,2.5909999999999997,2.59,2.59,2.6299999999999955,-0.39999999999991154,-0.4999999999999005,3.499999999999659,-0.9999999999994458,4.999999999999716,4.999999999999716,-0.49999999999954525,0.0,0.49999999999954525,-1.0000000000005116,-1.000000000000556,-1.1000000000001453,-1.2500000000002842,-0.49999999999954525,0.0,-1.000000000000556,-0.6000000000006,0.6000000000006,-0.750000000000739,0.750000000000739,-0.5000000000010107,0.5000000000010107,-1.2500000000002842,1.2500000000002842,-4.440892098500626e-14,4.440892098500626e-14,-0.9999999999990905,0.9999999999990905
2026-07-07,2.5900000000000034,2.640000000000001,2.6599999999999966,2.655000000000001,2.635000000000005,2.635000000000005,2.644999999999996,2.6599999999999966,2.680000000000007,2.655000000000001,2.6599999999999966,2.646000000000001,2.6437500000000007,2.6437500000000007,2.680000000000007,-0.9000000000000341,-1.1250000000000426,2.5000000000005684,-1.6249999999995879,4.5000000000001705,6.499999999999773,6.000000000000227,6.000000000000227,4.5000000000001705,5.500000000000682,5.000000000001137,5.500000000000105,5.375000000000085,6.000000000000227,6.000000000000227,5.000000000001137,-0.5000000000001226,0.5000000000001226,-0.6250000000001421,0.6250000000001421,-0.9999999999990905,0.9999999999990905,-0.6250000000001421,0.6250000000001421,-0.49999999999954525,0.49999999999954525,1.5000000000000568,-1.5000000000000568
2026-07-08,2.7150000000000034,2.7900000000000063,2.8100000000000023,2.7950000000000017,2.765000000000001,2.760000000000005,2.765000000000001,2.780000000000001,2.7950000000000017,2.7950000000000017,2.8100000000000023,2.773000000000002,2.767500000000002,2.767500000000002,2.7950000000000017,-2.1999999999999797,-2.749999999999986,0.0,-4.250000000000043,3.0000000000000693,7.9999999999998295,14.000000000000057,15.000000000000568,12.5,12.99999999999959,11.499999999999488,12.700000000000111,12.375000000000114,14.000000000000057,15.000000000000568,11.499999999999488,-1.2999999999999456,1.2999999999999456,-1.6249999999999432,1.6249999999999432,-2.5000000000005684,2.5000000000005684,-2.6250000000004547,2.6250000000004547,-1.5000000000001013,1.5000000000001013,1.5000000000000568,-1.5000000000000568
2026-07-09,2.674999999999997,2.739999999999995,2.7549999999999955,2.739999999999995,2.7099999999999937,2.7049999999999983,2.7150000000000034,2.730000000000004,2.75,2.739999999999995,2.7549999999999955,2.719999999999999,2.715,2.715,2.75,-1.999999999999602,-2.4999999999995026,1.0000000000005116,-3.9999999999995595,4.000000000000625,6.499999999999773,-5.500000000000682,-5.500000000000682,-4.000000000000625,-5.5000000000007265,-4.5000000000001705,-5.3000000000003045,-5.250000000000199,-5.500000000000682,-5.500000000000682,-4.5000000000001705,0.20000000000037765,-0.20000000000037765,0.25000000000048317,-0.25000000000048317,1.0000000000005116,-1.0000000000005116,0.25000000000048317,-0.25000000000048317,1.000000000000556,-1.000000000000556,-1.5000000000000568,1.5000000000000568
2026-07-10,2.6700000000000017,2.7349999999999994,2.75,2.7349999999999994,2.7099999999999937,2.7049999999999983,2.7150000000000034,2.730000000000004,2.75,2.7349999999999994,2.75,2.719,2.715,2.715,2.75,-1.599999999999957,-1.9999999999999574,1.5000000000000568,-3.500000000000014,4.000000000000625,6.499999999999773,-0.49999999999954525,-0.49999999999954525,-0.49999999999954525,0.0,0.0,-0.09999999999990017,0.0,-0.49999999999954525,-0.49999999999954525,0.0,0.3999999999996451,-0.3999999999996451,0.49999999999954525,-0.49999999999954525,0.49999999999954525,-0.49999999999954525,0.49999999999954525,-0.49999999999954525,0.0,-0.0,0.0,-0.0
2026-07-13,2.739999999999995,2.8100000000000023,2.825000000000003,2.8100000000000023,2.780000000000001,2.769999999999996,2.769999999999996,2.7750000000000057,2.7900000000000063,2.8100000000000023,2.825000000000003,2.781,2.7737499999999997,2.7737499999999997,2.7900000000000063,-2.9000000000002135,-3.625000000000256,-1.999999999999602,-5.125000000000313,1.0000000000005116,7.000000000000739,7.500000000000284,7.500000000000284,6.999999999999318,7.000000000000739,4.000000000000625,6.200000000000028,5.874999999999986,7.500000000000284,7.500000000000284,4.000000000000625,-1.3000000000002565,1.3000000000002565,-1.6250000000002984,1.6250000000002984,-3.499999999999659,3.499999999999659,-1.6250000000002984,1.6250000000002984,-3.0000000000001137,3.0000000000001137,0.5000000000009663,-0.5000000000009663
2026-07-14,2.7450000000000045,2.825000000000003,2.844999999999999,2.8299999999999983,2.7950000000000017,2.780000000000001,2.780000000000001,2.7849999999999966,2.799999999999997,2.8299999999999983,2.844999999999999,2.7939999999999996,2.785,2.785,2.799999999999997,-3.59999999999987,-4.499999999999815,-3.0000000000001137,-5.999999999999872,0.49999999999954525,8.499999999999375,1.999999999999602,1.999999999999602,0.5000000000009663,1.5000000000000568,0.9999999999990905,1.2999999999999456,1.1250000000000426,1.999999999999602,1.999999999999602,0.9999999999990905,-0.6999999999996565,0.6999999999996565,-0.8749999999995595,0.8749999999995595,-1.0000000000005116,1.0000000000005116,-0.8749999999995595,0.8749999999995595,-0.5000000000009663,0.5000000000009663,1.4999999999986358,-1.4999999999986358
2026-07-15,2.739999999999995,2.825000000000003,2.8499999999999943,2.8349999999999937,2.799999999999997,2.7849999999999966,2.7849999999999966,2.7900000000000063,2.805000000000007,2.8349999999999937,2.8499999999999943,2.798999999999998,2.789999999999999,2.789999999999999,2.805000000000007,-3.599999999999559,-4.49999999999946,-2.9999999999986926,-5.999999999999517,0.5000000000009663,9.499999999999886,0.49999999999954525,0.49999999999954525,-0.5000000000009663,0.49999999999954525,0.5000000000009663,0.4999999999998561,0.4999999999999005,0.49999999999954525,0.49999999999954525,0.5000000000009663,3.1086244689504383e-13,-3.1086244689504383e-13,3.552713678800501e-13,-3.552713678800501e-13,1.4210854715202004e-12,-1.4210854715202004e-12,3.552713678800501e-13,-3.552713678800501e-13,1.4210854715202004e-12,-1.4210854715202004e-12,1.0000000000005116,-1.0000000000005116
2026-07-16,2.769999999999996,2.864999999999995,2.894999999999996,2.8799999999999955,2.8400000000000034,2.819999999999993,2.8149999999999977,2.819999999999993,2.8349999999999937,2.8799999999999955,2.894999999999996,2.8349999999999964,2.823749999999997,2.823749999999997,2.8349999999999937,-4.499999999999904,-5.624999999999858,-4.5000000000001705,-7.124999999999915,-0.5000000000009663,10.999999999999943,4.5000000000001705,4.5000000000001705,3.0000000000001137,4.000000000000625,2.9999999999986926,3.5999999999998256,3.3749999999997726,4.5000000000001705,4.5000000000001705,2.9999999999986926,-0.900000000000345,0.900000000000345,-1.125000000000398,1.125000000000398,-1.500000000001478,1.500000000001478,-1.125000000000398,1.125000000000398,-1.0000000000019327,1.0000000000019327,1.5000000000000568,-1.5000000000000568
2026-07-17,2.7849999999999966,2.890000000000001,2.9150000000000063,2.9000000000000057,2.8599999999999994,2.8400000000000034,2.8299999999999983,2.8299999999999983,2.8349999999999937,2.9000000000000057,2.9150000000000063,2.852000000000001,2.84,2.84,2.8349999999999937,-4.800000000000448,-6.000000000000583,-6.500000000001194,-7.5000000000006395,-2.5000000000005684,11.50000000000091,2.000000000001023,2.000000000001023,1.5000000000000568,1.999999999999602,0.0,1.700000000000479,1.6250000000002984,2.000000000001023,2.000000000001023,0.0,-0.3000000000005443,0.3000000000005443,-0.37500000000072475,0.37500000000072475,-2.000000000001023,2.000000000001023,-0.37500000000072475,0.37500000000072475,-1.999999999999602,1.999999999999602,0.5000000000009663,-0.5000000000009663
2026-07-20,2.7900000000000063,2.894999999999996,2.9200000000000017,2.905000000000001,2.8700000000000045,2.8499999999999943,2.844999999999999,2.8499999999999943,2.8599999999999994,2.905000000000001,2.9200000000000017,2.8639999999999985,2.853749999999998,2.853749999999998,2.8599999999999994,-4.100000000000259,-5.125000000000313,-4.5000000000001705,-6.6250000000003695,-1.0000000000005116,11.499999999999488,0.49999999999954525,0.49999999999954525,0.5000000000009663,1.0000000000005116,2.5000000000005684,1.1999999999997346,1.3749999999998153,0.49999999999954525,0.49999999999954525,2.5000000000005684,0.7000000000001894,-0.7000000000001894,0.87500000000027,-0.87500000000027,2.000000000001023,-2.000000000001023,0.87500000000027,-0.87500000000027,1.5000000000000568,-1.5000000000000568,-1.4210854715202004e-12,1.4210854715202004e-12
2026-07-21,2.7900000000000063,2.9099999999999966,2.950000000000003,2.9399999999999977,2.905000000000001,2.885000000000005,2.8799999999999955,2.885000000000005,2.894999999999996,2.9399999999999977,2.950000000000003,2.899000000000001,2.8887500000000017,2.8887500000000017,2.894999999999996,-4.099999999999682,-5.124999999999602,-4.5000000000001705,-6.125000000000114,-1.0000000000005116,14.999999999999147,3.499999999999659,3.0000000000001137,0.0,3.499999999999659,3.499999999999659,3.5000000000002363,3.5000000000003695,3.499999999999659,3.0000000000001137,3.499999999999659,5.773159728050814e-13,-5.773159728050814e-13,7.105427357601002e-13,-7.105427357601002e-13,0.0,-0.0,0.5000000000002558,-0.5000000000002558,0.0,-0.0,3.499999999999659,-3.499999999999659
2026-07-22,2.825000000000003,2.9650000000000034,3.010000000000005,2.9950000000000045,2.9549999999999983,2.924999999999997,2.9099999999999966,2.905000000000001,2.9099999999999966,2.9950000000000045,3.010000000000005,2.9379999999999997,2.9237499999999983,2.9237499999999983,2.9099999999999966,-5.7000000000004825,-7.125000000000625,-8.500000000000796,-8.625000000000682,-4.5000000000001705,17.00000000000017,5.500000000000682,6.000000000000227,3.499999999999659,4.999999999999716,1.5000000000000568,3.8999999999998813,3.499999999999659,5.500000000000682,6.000000000000227,1.5000000000000568,-1.6000000000008008,1.6000000000008008,-2.000000000001023,2.000000000001023,-4.000000000000625,4.000000000000625,-2.5000000000005684,2.5000000000005684,-3.499999999999659,3.499999999999659,2.000000000001023,-2.000000000001023
2026-07-23,2.844999999999999,3.0049999999999955,3.069999999999993,3.069999999999993,3.030000000000001,2.9950000000000045,2.9749999999999943,2.9599999999999937,2.9599999999999937,3.069999999999993,3.069999999999993,3.0059999999999976,2.9899999999999984,2.9899999999999984,2.9599999999999937,-6.399999999999562,-7.999999999999474,-10.999999999999943,-7.999999999999474,-7.000000000000739,22.49999999999943,7.499999999998863,5.999999999998806,1.999999999999602,7.500000000000284,4.999999999999716,6.799999999999784,6.625000000000014,7.499999999998863,5.999999999998806,4.999999999999716,-0.6999999999990791,0.6999999999990791,-0.8749999999988489,0.8749999999988489,-2.4999999999991473,2.4999999999991473,0.6250000000012079,-0.6250000000012079,-2.5000000000005684,2.5000000000005684,5.499999999999261,-5.499999999999261
2026-07-24,2.8100000000000023,2.950000000000003,3.0,2.9950000000000045,2.9549999999999983,2.930000000000007,2.9150000000000063,2.9099999999999966,2.9150000000000063,2.9950000000000045,3.0,2.9410000000000025,2.927500000000002,2.927500000000002,2.9150000000000063,-5.400000000000205,-6.750000000000256,-7.9999999999998295,-7.249999999999801,-3.999999999999204,18.500000000000227,-7.499999999998863,-6.999999999999318,-3.499999999999659,-7.500000000000284,-4.4999999999987494,-6.499999999999506,-6.249999999999645,-7.499999999998863,-6.999999999999318,-4.4999999999987494,0.999999999999357,-0.999999999999357,1.2499999999992184,-1.2499999999992184,3.0000000000001137,-3.0000000000001137,0.7499999999996732,-0.7499999999996732,3.0000000000015348,-3.0000000000015348,-3.999999999999204,3.999999999999204
2026-07-27,2.7750000000000057,2.890000000000001,2.924999999999997,2.9150000000000063,2.8799999999999955,2.855000000000004,2.844999999999999,2.844999999999999,2.855000000000004,2.9150000000000063,2.924999999999997,2.8680000000000008,2.8562499999999993,2.8562499999999993,2.855000000000004,-4.700000000000548,-5.875000000000696,-6.000000000000227,-6.874999999999787,-2.4999999999991473,14.000000000000057,-7.9999999999998295,-7.500000000000284,-3.499999999999659,-7.500000000000284,-6.000000000000227,-7.300000000000173,-7.12500000000027,-7.9999999999998295,-7.500000000000284,-6.000000000000227,0.6999999999996565,-0.6999999999996565,0.8749999999995595,-0.8749999999995595,1.999999999999602,-1.999999999999602,0.3750000000000142,-0.3750000000000142,1.5000000000000568,-1.5000000000000568,-4.5000000000001705,4.5000000000001705
2026-07-28,2.7549999999999955,2.8599999999999994,2.890000000000001,2.8799999999999955,2.844999999999999,2.825000000000003,2.819999999999993,2.825000000000003,2.8349999999999937,2.8799999999999955,2.890000000000001,2.8389999999999986,2.8287499999999994,2.8287499999999994,2.8349999999999937,-4.099999999999682,-5.124999999999602,-4.5000000000001705,-6.125000000000158,-1.0000000000005116,12.5,-3.50000000000108,-3.4999999999996145,-2.000000000001023,-3.499999999999659,-2.000000000001023,-2.9000000000002135,-2.749999999999986,-3.50000000000108,-3.4999999999996145,-2.000000000001023,0.6000000000008665,-0.6000000000008665,0.7500000000010942,-0.7500000000010942,1.5000000000000568,-1.5000000000000568,0.7499999999996287,-0.7499999999996287,1.4999999999986358,-1.4999999999986358,-1.5000000000000568,1.5000000000000568
2026-07-29,2.799999999999997,2.9200000000000017,2.9549999999999983,2.944999999999993,2.9150000000000063,2.894999999999996,2.885000000000005,2.885000000000005,2.890000000000001,2.944999999999993,2.9549999999999983,2.905000000000001,2.895000000000003,2.895000000000003,2.890000000000001,-3.999999999999204,-4.999999999999005,-5.499999999999217,-5.999999999999517,-2.500000000000524,14.499999999999602,6.499999999999773,6.499999999999728,4.5000000000001705,7.000000000000739,5.5000000000007265,6.60000000000025,6.6250000000003695,6.499999999999773,6.499999999999728,5.5000000000007265,0.10000000000047748,-0.10000000000047748,0.12500000000059686,-0.12500000000059686,-0.9999999999990461,0.9999999999990461,0.12500000000064126,-0.12500000000064126,-1.5000000000000124,1.5000000000000124,1.999999999999602,-1.999999999999602
2026-07-30,2.765000000000001,2.875,2.9200000000000017,2.9200000000000017,2.894999999999996,2.8799999999999955,2.875,2.8799999999999955,2.890000000000001,2.9200000000000017,2.9200000000000017,2.889999999999998,2.8824999999999967,2.8824999999999967,2.890000000000001,-3.00000000000038,-3.7500000000004974,-3.0000000000000693,-3.7500000000004974,-0.49999999999950084,15.50000000000007,-2.4999999999991473,-3.499999999999659,-3.4999999999996145,-2.000000000001023,0.0,-1.5000000000003233,-1.2500000000006395,-2.4999999999991473,-3.499999999999659,0.0,0.999999999998824,-0.999999999998824,1.2499999999985079,-1.2499999999985079,2.4999999999991473,-2.4999999999991473,2.2499999999990195,-2.2499999999990195,2.000000000001023,-2.000000000001023,1.0000000000004672,-1.0000000000004672
2026-07-31,2.7849999999999966,2.905000000000001,2.9549999999999983,2.9549999999999983,2.930000000000007,2.9150000000000063,2.9099999999999966,2.9099999999999966,2.9150000000000063,2.9549999999999983,2.9549999999999983,2.924000000000001,2.9162500000000016,2.9162500000000016,2.9150000000000063,-3.0999999999997474,-3.874999999999673,-3.999999999999204,-3.874999999999673,-1.5000000000000568,17.00000000000017,3.499999999999659,3.499999999999659,1.9999999999995577,3.50000000000108,2.500000000000524,3.4000000000002917,3.375000000000483,3.499999999999659,3.499999999999659,2.500000000000524,-0.09999999999936726,0.09999999999936726,-0.12499999999917577,0.12499999999917577,-0.9999999999991349,0.9999999999991349,-0.12499999999917577,0.12499999999917577,-1.000000000000556,1.000000000000556,1.5000000000001013,-1.5000000000001013
2026-08-03,2.7549999999999955,2.8599999999999994,2.9000000000000057,2.894999999999996,2.8700000000000045,2.855000000000004,2.8499999999999943,2.855000000000004,2.864999999999995,2.894999999999996,2.9000000000000057,2.8650000000000007,2.8575000000000017,2.8575000000000017,2.864999999999995,-2.9999999999995364,-3.7499999999994316,-3.0000000000001137,-4.250000000000398,-0.5000000000009663,14.000000000000057,-6.000000000000227,-5.499999999999261,-3.0000000000001137,-6.000000000000227,-5.000000000001137,-5.900000000000016,-5.874999999999986,-6.000000000000227,-5.499999999999261,-5.000000000001137,0.10000000000021103,-0.10000000000021103,0.12500000000024158,-0.12500000000024158,0.9999999999990905,-0.9999999999990905,-0.37500000000072475,0.37500000000072475,0.9999999999990905,-0.9999999999990905,-3.0000000000001137,3.0000000000001137
2026-08-04,2.7249999999999943,2.8149999999999977,2.844999999999999,2.8400000000000034,2.8149999999999977,2.805000000000007,2.805000000000007,2.8100000000000023,2.819999999999993,2.8400000000000034,2.844999999999999,2.8150000000000035,2.8087500000000034,2.8087500000000034,2.819999999999993,-2.499999999999991,-3.125,-2.000000000001023,-3.6249999999995453,0.49999999999954525,11.50000000000091,-5.499999999999261,-5.500000000000682,-3.0000000000001137,-5.500000000000682,-4.5000000000001705,-4.999999999999716,-4.8749999999998295,-5.499999999999261,-5.500000000000682,-4.5000000000001705,0.49999999999954525,-0.49999999999954525,0.6249999999994316,-0.6249999999994316,0.9999999999990905,-0.9999999999990905,0.6250000000008527,-0.6250000000008527,1.0000000000005116,-1.0000000000005116,-2.4999999999991473,2.4999999999991473
2026-08-05,2.7099999999999937,2.799999999999997,2.8349999999999937,2.8349999999999937,2.8100000000000023,2.799999999999997,2.799999999999997,2.805000000000007,2.8149999999999977,2.8349999999999937,2.8349999999999937,2.8099999999999996,2.803750000000001,2.803750000000001,2.8149999999999977,-2.499999999999414,-3.1249999999992895,-1.999999999999602,-3.1249999999992895,0.49999999999954525,12.5,-0.5000000000009663,-1.0000000000005116,-1.5000000000000568,-0.49999999999954525,-0.49999999999954525,-0.500000000000389,-0.5000000000002558,-0.5000000000009663,-1.0000000000005116,-0.49999999999954525,5.773159728050814e-13,-5.773159728050814e-13,7.105427357601002e-13,-7.105427357601002e-13,1.4210854715202004e-12,-1.4210854715202004e-12,0.5000000000002558,-0.5000000000002558,0.0,-0.0,0.9999999999990905,-0.9999999999990905
2026-08-06,2.7150000000000034,2.8149999999999977,2.855000000000004,2.8599999999999994,2.8400000000000034,2.8299999999999983,2.8299999999999983,2.8299999999999983,2.8400000000000034,2.8599999999999994,2.855000000000004,2.8379999999999996,2.8324999999999996,2.8324999999999996,2.8400000000000034,-2.1999999999999797,-2.749999999999986,-1.999999999999602,-2.2500000000004405,0.0,14.499999999999602,2.5000000000005684,2.000000000001023,0.5000000000009663,3.0000000000001137,2.5000000000005684,2.8000000000000025,2.874999999999872,2.5000000000005684,2.000000000001023,2.5000000000005684,0.29999999999943405,-0.29999999999943405,0.37499999999930367,-0.37499999999930367,0.0,-0.0,0.8749999999988489,-0.8749999999988489,-0.49999999999954525,0.49999999999954525,1.999999999999602,-1.999999999999602
2026-08-07,2.7150000000000034,2.8149999999999977,2.8599999999999994,2.864999999999995,2.8499999999999943,2.8400000000000034,2.8349999999999937,2.8349999999999937,2.844999999999999,2.864999999999995,2.8599999999999994,2.844999999999996,2.8399999999999963,2.8399999999999963,2.844999999999999,-1.9999999999998685,-2.499999999999858,-1.999999999999602,-2.0000000000003126,-0.49999999999954525,14.999999999999147,0.49999999999954525,0.49999999999954525,0.0,0.9999999999990905,0.49999999999954525,0.6999999999996565,0.7499999999996732,0.49999999999954525,0.49999999999954525,0.49999999999954525,0.2000000000001112,-0.2000000000001112,0.2500000000001279,-0.2500000000001279,0.0,-0.0,0.2500000000001279,-0.2500000000001279,-0.49999999999954525,0.49999999999954525,0.49999999999954525,-0.49999999999954525
2026-08-10,2.7450000000000045,2.8599999999999994,2.9150000000000063,2.930000000000007,2.9150000000000063,2.905000000000001,2.9000000000000057,2.9000000000000057,2.905000000000001,2.930000000000007,2.9150000000000063,2.910000000000005,2.9050000000000047,2.9050000000000047,2.905000000000001,-2.0000000000001794,-2.500000000000213,-2.5000000000005684,-1.0000000000001563,-1.0000000000005116,18.500000000000227,6.500000000001194,5.500000000000682,3.0000000000001137,6.500000000001194,6.000000000000227,6.500000000000883,6.500000000000838,6.500000000001194,5.500000000000682,6.000000000000227,-3.1086244689504383e-13,3.1086244689504383e-13,-3.552713678800501e-13,3.552713678800501e-13,-0.5000000000009663,0.5000000000009663,1.0000000000001563,-1.0000000000001563,-0.5000000000009663,0.5000000000009663,3.50000000000108,-3.50000000000108
2026-08-11,2.739999999999995,2.8499999999999943,2.9000000000000057,2.9099999999999966,2.890000000000001,2.875,2.8700000000000045,2.8700000000000045,2.875,2.9099999999999966,2.9000000000000057,2.8830000000000013,2.8762500000000024,2.8762500000000024,2.875,-2.699999999999525,-3.3749999999994174,-3.499999999999659,-2.375000000000327,-1.5000000000001013,17.00000000000017,-2.000000000001023,-1.5000000000000568,-0.5000000000009663,-2.500000000000524,-3.0000000000001137,-2.7000000000003688,-2.8750000000002274,-2.000000000001023,-1.5000000000000568,-3.0000000000001137,-0.6999999999993456,0.6999999999993456,-0.8749999999992042,0.8749999999992042,-0.9999999999990905,0.9999999999990905,-1.3750000000001705,1.3750000000001705,-0.49999999999958966,0.49999999999958966,-1.5000000000000568,1.5000000000000568
2026-08-12,2.7549999999999955,2.8599999999999994,2.905000000000001,2.9099999999999966,2.890000000000001,2.875,2.8700000000000045,2.8700000000000045,2.8799999999999955,2.9099999999999966,2.905000000000001,2.8830000000000013,2.8762500000000024,2.8762500000000024,2.8799999999999955,-2.699999999999525,-3.3749999999994174,-3.0000000000001137,-2.874999999999872,-1.000000000000556,15.500000000000114,0.0,0.49999999999954525,1.5000000000000568,0.0,0.49999999999954525,0.0,0.0,0.0,0.49999999999954525,0.49999999999954525,0.0,-0.0,0.0,-0.0,0.49999999999954525,-0.49999999999954525,-0.49999999999954525,0.49999999999954525,0.49999999999954525,-0.49999999999954525,-1.5000000000000568,1.5000000000000568
2026-08-13,2.739999999999995,2.8400000000000034,2.8799999999999955,2.8799999999999955,2.855000000000004,2.8400000000000034,2.8349999999999937,2.8349999999999937,2.844999999999999,2.8799999999999955,2.8799999999999955,2.848999999999998,2.8412499999999987,2.8412499999999987,2.844999999999999,-3.0999999999997474,-3.874999999999673,-3.499999999999659,-3.874999999999673,-1.0000000000005116,14.000000000000057,-3.0000000000001137,-2.5000000000005684,-1.5000000000000568,-3.4999999999997033,-3.499999999999659,-3.400000000000336,-3.5000000000003695,-3.0000000000001137,-2.5000000000005684,-3.499999999999659,-0.4000000000002224,0.4000000000002224,-0.5000000000002558,0.5000000000002558,-0.49999999999954525,0.49999999999954525,-0.999999999999801,0.999999999999801,4.440892098500626e-14,-4.440892098500626e-14,-1.5000000000000568,1.5000000000000568
2026-08-14,2.760000000000005,2.8700000000000045,2.9200000000000017,2.924999999999997,2.905000000000001,2.894999999999996,2.894999999999996,2.9000000000000057,2.9099999999999966,2.924999999999997,2.9200000000000017,2.903999999999999,2.8987499999999997,2.8987499999999997,2.9099999999999966,-2.099999999999813,-2.624999999999744,-1.5000000000000568,-2.125000000000199,0.49999999999954525,16.499999999999204,4.5000000000001705,4.000000000000625,2.000000000001023,4.999999999999716,6.499999999999773,5.500000000000105,5.7500000000000995,4.5000000000001705,4.000000000000625,6.499999999999773,0.9999999999999343,-0.9999999999999343,1.249999999999929,-1.249999999999929,1.999999999999602,-1.999999999999602,1.7499999999994742,-1.7499999999994742,1.5000000000000568,-1.5000000000000568,2.4999999999991473,-2.4999999999991473
2026-08-17,2.760000000000005,2.864999999999995,2.9150000000000063,2.9200000000000017,2.905000000000001,2.894999999999996,2.894999999999996,2.905000000000001,2.9200000000000017,2.9200000000000017,2.9150000000000063,2.903999999999999,2.8999999999999986,2.8999999999999986,2.9200000000000017,-1.6000000000002679,-2.0000000000003126,0.0,-1.5000000000007674,1.5000000000000568,15.999999999999659,-0.49999999999954525,-0.49999999999954525,0.0,0.0,1.0000000000005116,0.0,0.12499999999988631,-0.49999999999954525,-0.49999999999954525,1.0000000000005116,0.49999999999954525,-0.49999999999954525,0.6249999999994316,-0.6249999999994316,1.5000000000000568,-1.5000000000000568,0.6249999999994316,-0.6249999999994316,1.0000000000005116,-1.0000000000005116,-0.49999999999954525,0.49999999999954525
2026-08-18,2.7900000000000063,2.9150000000000063,2.9749999999999943,2.9849999999999994,2.969999999999999,2.9599999999999937,2.9549999999999983,2.9549999999999983,2.9650000000000034,2.9849999999999994,2.9749999999999943,2.9649999999999976,2.9599999999999973,2.9599999999999973,2.9650000000000034,-2.0000000000001794,-2.500000000000213,-1.999999999999602,-1.4999999999997016,-0.49999999999954525,19.499999999999318,6.499999999999773,5.999999999998806,3.0000000000001137,6.499999999999773,4.5000000000001705,6.099999999999861,5.999999999999872,6.499999999999773,5.999999999998806,4.5000000000001705,-0.39999999999991154,0.39999999999991154,-0.4999999999999005,0.4999999999999005,-1.999999999999602,1.999999999999602,1.0658141036401503e-12,-1.0658141036401503e-12,-1.999999999999602,1.999999999999602,3.499999999999659,-3.499999999999659
2026-08-19,2.799999999999997,2.9350000000000023,3.0,3.010000000000005,2.989999999999995,2.9749999999999943,2.969999999999999,2.969999999999999,2.980000000000004,3.010000000000005,3.0,2.9829999999999983,2.9762499999999967,2.9762499999999967,2.980000000000004,-2.7000000000006796,-3.3750000000008384,-3.0000000000001137,-2.375000000000327,-0.9999999999990905,21.000000000000796,2.5000000000005684,2.5000000000005684,0.9999999999990905,1.999999999999602,1.5000000000000568,1.8000000000000682,1.6249999999999432,2.5000000000005684,2.5000000000005684,1.5000000000000568,-0.7000000000005002,0.7000000000005002,-0.8750000000006253,0.8750000000006253,-1.0000000000005116,1.0000000000005116,-0.8750000000006253,0.8750000000006253,-0.49999999999954525,0.49999999999954525,1.500000000001478,-1.500000000001478
2026-08-20,2.7849999999999966,2.9099999999999966,2.969999999999999,2.980000000000004,2.9599999999999937,2.950000000000003,2.944999999999993,2.950000000000003,2.9599999999999937,2.980000000000004,2.969999999999999,2.9569999999999994,2.951249999999998,2.951249999999998,2.9599999999999937,-2.3000000000004572,-2.8750000000005826,-2.000000000001023,-1.875000000000071,0.0,19.50000000000074,-3.0000000000001137,-3.0000000000001137,-1.5000000000000568,-3.0000000000001137,-2.000000000001023,-2.5999999999998913,-2.499999999999858,-3.0000000000001137,-3.0000000000001137,-2.000000000001023,0.4000000000002224,-0.4000000000002224,0.5000000000002558,-0.5000000000002558,0.9999999999990905,-0.9999999999990905,0.5000000000002558,-0.5000000000002558,0.9999999999990905,-0.9999999999990905,-1.5000000000000568,1.5000000000000568
2026-08-21,2.780000000000001,2.9000000000000057,2.9599999999999937,2.969999999999999,2.9549999999999983,2.944999999999993,2.944999999999993,2.950000000000003,2.9599999999999937,2.969999999999999,2.9599999999999937,2.952999999999997,2.948749999999997,2.948749999999997,2.9599999999999937,-1.700000000000168,-2.125000000000199,-1.0000000000005116,-1.1249999999996874,0.49999999999954525,18.999999999999773,-1.0000000000005116,-1.0000000000005116,-0.49999999999954525,-0.49999999999954525,0.0,-0.4000000000002224,-0.2500000000001279,-1.0000000000005116,-1.0000000000005116,0.0,0.6000000000002892,-0.6000000000002892,0.7500000000003837,-0.7500000000003837,1.0000000000005116,-1.0000000000005116,0.7500000000003837,-0.7500000000003837,0.49999999999954525,-0.49999999999954525,-0.5000000000009663,0.5000000000009663
2026-08-24,2.8100000000000023,2.944999999999993,3.010000000000005,3.019999999999996,2.9950000000000045,2.980000000000004,2.969999999999999,2.969999999999999,2.9749999999999943,3.019999999999996,3.010000000000005,2.9870000000000005,2.9787500000000016,2.9787500000000016,2.9749999999999943,-3.2999999999995477,-4.124999999999446,-4.5000000000001705,-3.1250000000003553,-2.000000000001023,20.999999999999375,4.999999999999716,5.000000000001137,3.0000000000001137,4.000000000000625,1.5000000000000568,3.400000000000336,3.000000000000469,4.999999999999716,5.000000000001137,1.5000000000000568,-1.5999999999993797,1.5999999999993797,-1.9999999999992468,1.9999999999992468,-3.499999999999659,3.499999999999659,-2.000000000000668,2.000000000000668,-2.5000000000005684,2.5000000000005684,1.999999999999602,-1.999999999999602
2026-08-25,2.780000000000001,2.890000000000001,2.944999999999993,2.950000000000003,2.930000000000007,2.9150000000000063,2.9099999999999966,2.9099999999999966,2.9200000000000017,2.950000000000003,2.944999999999993,2.923000000000002,2.9162500000000016,2.9162500000000016,2.9200000000000017,-2.7000000000001023,-3.375000000000128,-3.0000000000001137,-2.8749999999991616,-1.0000000000005116,17.00000000000017,-6.999999999999318,-6.500000000001194,-3.0000000000001137,-6.499999999999773,-5.499999999999261,-6.3999999999998725,-6.25,-6.999999999999318,-6.500000000001194,-5.499999999999261,0.5999999999994454,-0.5999999999994454,0.7499999999993179,-0.7499999999993179,1.5000000000000568,-1.5000000000000568,0.2500000000011937,-0.2500000000011937,1.0000000000005116,-1.0000000000005116,-3.999999999999204,3.999999999999204
2026-08-26,2.7849999999999966,2.9000000000000057,2.9549999999999983,2.9599999999999937,2.9399999999999977,2.924999999999997,2.9200000000000017,2.924999999999997,2.9399999999999977,2.9599999999999937,2.9549999999999983,2.9339999999999975,2.9274999999999984,2.9274999999999984,2.9399999999999977,-2.599999999999625,-3.249999999999531,-1.999999999999602,-2.749999999999986,0.0,17.499999999999716,0.9999999999990905,1.0000000000005116,0.49999999999954525,0.9999999999990905,1.999999999999602,1.099999999999568,1.1249999999996874,0.9999999999990905,1.0000000000005116,1.999999999999602,0.10000000000047748,-0.10000000000047748,0.12500000000059686,-0.12500000000059686,1.0000000000005116,-1.0000000000005116,0.12499999999917577,-0.12499999999917577,1.0000000000005116,-1.0000000000005116,0.49999999999954525,-0.49999999999954525
2026-08-27,2.7900000000000063,2.9150000000000063,2.980000000000004,2.9950000000000045,2.9749999999999943,2.9599999999999937,2.9549999999999983,2.9549999999999983,2.9650000000000034,2.9950000000000045,2.980000000000004,2.9679999999999978,2.961249999999996,2.961249999999996,2.9650000000000034,-2.7000000000006796,-3.3750000000008384,-3.0000000000001137,-1.8750000000007816,-0.9999999999990905,20.49999999999983,3.50000000000108,2.5000000000005684,0.5000000000009663,3.499999999999659,2.5000000000005684,3.4000000000000252,3.3749999999997726,3.50000000000108,2.5000000000005684,2.5000000000005684,-0.1000000000010548,0.1000000000010548,-0.1250000000013074,0.1250000000013074,-1.0000000000005116,1.0000000000005116,0.8749999999992042,-0.8749999999992042,-0.9999999999990905,0.9999999999990905,3.0000000000001137,-3.0000000000001137
2026-08-28,2.8100000000000023,2.950000000000003,3.030000000000001,3.055000000000007,3.0349999999999966,3.015000000000001,3.0049999999999955,3.0,3.0049999999999955,3.055000000000007,3.030000000000001,3.022,3.013749999999998,3.013749999999998,3.0049999999999955,-3.3000000000007024,-4.125000000000867,-5.000000000001137,-1.6250000000002984,-3.0000000000001137,24.500000000000455,6.000000000000227,4.999999999999716,1.999999999999602,6.000000000000227,3.999999999999204,5.400000000000205,5.250000000000199,6.000000000000227,4.999999999999716,3.999999999999204,-0.6000000000000227,0.6000000000000227,-0.7500000000000284,0.7500000000000284,-2.000000000001023,2.000000000001023,0.25000000000048317,-0.25000000000048317,-2.000000000001023,2.000000000001023,4.000000000000625,-4.000000000000625
2026-08-31,2.8149999999999977,2.9749999999999943,3.0649999999999977,3.094999999999999,3.0799999999999983,3.0649999999999977,3.055000000000007,3.049999999999997,3.055000000000007,3.094999999999999,3.0649999999999977,3.069,3.0625,3.0625,3.055000000000007,-2.5999999999998913,-3.2499999999998863,-3.999999999999204,-0.24999999999977263,-2.4999999999991473,28.000000000000114,3.999999999999204,3.499999999999659,0.49999999999954525,4.5000000000001705,5.000000000001137,4.700000000000015,4.875000000000185,3.999999999999204,3.499999999999659,5.000000000001137,0.7000000000008111,-0.7000000000008111,0.8750000000009805,-0.8750000000009805,1.0000000000019327,-1.0000000000019327,1.3750000000005258,-1.3750000000005258,0.5000000000009663,-0.5000000000009663,3.499999999999659,-3.499999999999659
2026-09-01,2.8349999999999937,3.0,3.094999999999999,3.125,3.1099999999999994,3.0900000000000034,3.0799999999999983,3.075000000000003,3.0799999999999983,3.125,3.094999999999999,3.096000000000001,3.088750000000001,3.088750000000001,3.0799999999999983,-2.8999999999999027,-3.6249999999999005,-4.5000000000001705,-0.6249999999997868,-3.0000000000001137,29.000000000000625,3.0000000000001137,3.0000000000001137,1.999999999999602,3.0000000000001137,2.4999999999991473,2.7000000000001023,2.6250000000000995,3.0000000000001137,3.0000000000001137,2.4999999999991473,-0.30000000000001137,0.30000000000001137,-0.3750000000000142,0.3750000000000142,-0.5000000000009663,0.5000000000009663,-0.3750000000000142,0.3750000000000142,-0.5000000000009663,0.5000000000009663,1.0000000000005116,-1.0000000000005116
2026-09-02,2.864999999999995,3.055000000000007,3.155000000000001,3.180000000000007,3.1599999999999966,3.140000000000001,3.1299999999999955,3.125,3.1299999999999955,3.180000000000007,3.155000000000001,3.147,3.138749999999998,3.138749999999998,3.1299999999999955,-3.3000000000007024,-4.125000000000867,-5.000000000001137,-1.6250000000002984,-3.0000000000001137,31.500000000001194,5.500000000000682,6.000000000000227,3.0000000000001137,4.999999999999716,4.999999999999716,5.099999999999882,4.999999999999716,5.500000000000682,6.000000000000227,4.999999999999716,-0.4000000000007997,0.4000000000007997,-0.5000000000009663,0.5000000000009663,-0.5000000000009663,0.5000000000009663,-1.0000000000005116,1.0000000000005116,0.0,-0.0,2.5000000000005684,-2.5000000000005684
2026-09-03,2.844999999999999,3.019999999999996,3.1099999999999994,3.1299999999999955,3.1099999999999994,3.0900000000000034,3.0799999999999983,3.0799999999999983,3.0849999999999937,3.1299999999999955,3.1099999999999994,3.097999999999999,3.09,3.09,3.0849999999999937,-3.1999999999996476,-3.9999999999995595,-4.5000000000001705,-1.9999999999999574,-2.5000000000005684,28.49999999999966,-5.000000000001137,-4.5000000000001705,-1.999999999999602,-4.999999999999716,-4.5000000000001705,-4.900000000000082,-4.8749999999998295,-5.000000000001137,-4.5000000000001705,-4.5000000000001705,0.1000000000010548,-0.1000000000010548,0.1250000000013074,-0.1250000000013074,0.5000000000009663,-0.5000000000009663,-0.37499999999965894,0.37499999999965894,0.49999999999954525,-0.49999999999954525,-3.0000000000015348,3.0000000000015348
2026-09-04,2.8299999999999983,3.0049999999999955,3.094999999999999,3.114999999999995,3.094999999999999,3.075000000000003,3.069999999999993,3.075000000000003,3.0849999999999937,3.114999999999995,3.094999999999999,3.0859999999999985,3.0787499999999994,3.0787499999999994,3.0849999999999937,-2.899999999999636,-3.6249999999995453,-3.0000000000001137,-1.6249999999999432,-1.0000000000005116,28.49999999999966,-1.5000000000000568,-1.5000000000000568,-1.5000000000000568,-1.5000000000000568,0.0,-1.2000000000000455,-1.1250000000000426,-1.5000000000000568,-1.5000000000000568,0.0,0.30000000000001137,-0.30000000000001137,0.3750000000000142,-0.3750000000000142,1.5000000000000568,-1.5000000000000568,0.3750000000000142,-0.3750000000000142,1.5000000000000568,-1.5000000000000568,0.0,-0.0
2026-09-07,2.855000000000004,3.0450000000000017,3.144999999999996,3.174999999999997,3.1599999999999966,3.140000000000001,3.1299999999999955,3.1299999999999955,3.140000000000001,3.174999999999997,3.144999999999996,3.146999999999997,3.139999999999997,3.139999999999997,3.140000000000001,-2.8000000000000025,-3.500000000000014,-3.4999999999996145,-0.4999999999999005,-1.9999999999995577,31.999999999999318,6.000000000000227,4.999999999999716,2.5000000000005684,6.499999999999773,5.5000000000007265,6.099999999999861,6.124999999999758,6.000000000000227,4.999999999999716,5.5000000000007265,0.09999999999963372,-0.09999999999963372,0.12499999999953104,-0.12499999999953104,-0.49999999999950084,0.49999999999950084,1.1250000000000426,-1.1250000000000426,-0.9999999999990461,0.9999999999990461,3.499999999999659,-3.499999999999659
2026-09-08,2.844999999999999,3.0349999999999966,3.135000000000005,3.1650000000000063,3.155000000000001,3.140000000000001,3.1299999999999955,3.1299999999999955,3.135000000000005,3.1650000000000063,3.135000000000005,3.1439999999999997,3.138749999999998,3.138749999999998,3.135000000000005,-2.100000000000657,-2.62500000000081,-3.0000000000001137,0.37499999999930367,-1.999999999999602,32.00000000000074,-0.9999999999990905,-0.9999999999990905,-1.0000000000005116,-0.49999999999954525,-0.49999999999958966,-0.2999999999997449,-0.12499999999988631,-0.9999999999990905,-0.9999999999990905,-0.49999999999958966,0.6999999999993456,-0.6999999999993456,0.8749999999992042,-0.8749999999992042,0.49999999999950084,-0.49999999999950084,0.8749999999992042,-0.8749999999992042,-4.440892098500626e-14,4.440892098500626e-14,1.4210854715202004e-12,-1.4210854715202004e-12
2026-09-09,2.875,3.094999999999999,3.219999999999999,3.265000000000001,3.265000000000001,3.25,3.2349999999999994,3.230000000000004,3.230000000000004,3.265000000000001,3.219999999999999,3.249000000000001,3.245000000000001,3.245000000000001,3.230000000000004,-1.6000000000000014,-2.0000000000000018,-3.4999999999997033,2.500000000000213,-3.4999999999997033,39.0000000000001,9.999999999999476,8.499999999999375,3.0000000000001137,10.999999999999988,9.499999999999886,10.500000000000131,10.625000000000284,9.999999999999476,8.499999999999375,9.499999999999886,0.5000000000006555,-0.5000000000006555,0.6250000000008082,-0.6250000000008082,-0.49999999999958966,0.49999999999958966,2.1250000000009095,-2.1250000000009095,-1.5000000000001013,1.5000000000001013,6.9999999999993605,-6.9999999999993605
2026-09-10,3.010000000000005,3.299999999999997,3.444999999999993,3.4849999999999994,3.4599999999999937,3.4200000000000017,3.385000000000005,3.364999999999995,3.3499999999999943,3.4849999999999994,3.444999999999993,3.422999999999999,3.407499999999999,3.407499999999999,3.3499999999999943,-6.200000000000028,-7.750000000000057,-13.500000000000512,-3.7499999999994316,-10.999999999999943,47.49999999999943,21.999999999999844,22.49999999999943,13.500000000000512,19.499999999999275,11.999999999999034,17.399999999999814,16.249999999999787,21.999999999999844,22.49999999999943,11.999999999999034,-4.600000000000026,4.600000000000026,-5.750000000000055,5.750000000000055,-10.000000000000808,10.000000000000808,-6.249999999999645,6.249999999999645,-7.50000000000024,7.50000000000024,8.499999999999332,-8.499999999999332
2026-09-11,3.0250000000000057,3.3100000000000023,3.4350000000000023,3.4650000000000034,3.4350000000000023,3.394999999999996,3.364999999999995,3.3499999999999943,3.344999999999999,3.4650000000000034,3.4350000000000023,3.4019999999999984,3.386249999999997,3.386249999999997,3.344999999999999,-6.300000000000505,-7.875000000000654,-12.000000000000455,-4.87500000000054,-9.000000000000341,43.99999999999977,-1.999999999999602,-0.9999999999990905,1.5000000000000568,-2.4999999999991473,-0.49999999999954525,-2.1000000000000796,-2.125000000000199,-1.999999999999602,-0.9999999999990905,-0.49999999999954525,-0.10000000000047748,0.10000000000047748,-0.12500000000059686,0.12500000000059686,1.5000000000000568,-1.5000000000000568,-1.1250000000011084,1.1250000000011084,1.999999999999602,-1.999999999999602,-3.499999999999659,3.499999999999659
2026-09-14,3.075000000000003,3.405000000000001,3.555000000000007,3.594999999999999,3.5649999999999977,3.515000000000001,3.469999999999999,3.444999999999993,3.424999999999997,3.594999999999999,3.555000000000007,3.517999999999998,3.4987499999999976,3.4987499999999976,3.424999999999997,-7.7000000000000846,-9.625000000000128,-17.00000000000017,-5.625000000000924,-14.000000000000057,51.9999999999996,12.999999999999545,12.000000000000455,4.999999999999716,12.999999999999545,7.9999999999998295,11.599999999999966,11.250000000000071,12.999999999999545,12.000000000000455,7.9999999999998295,-1.3999999999995794,1.3999999999995794,-1.7499999999994742,1.7499999999994742,-4.999999999999716,4.999999999999716,-0.7500000000003837,0.7500000000003837,-4.999999999999716,4.999999999999716,7.9999999999998295,-7.9999999999998295
2026-09-15,3.019999999999996,3.3400000000000034,3.480000000000004,3.5250000000000057,3.510000000000005,3.4749999999999943,3.4399999999999977,3.4200000000000017,3.4099999999999966,3.5250000000000057,3.480000000000004,3.474000000000001,3.4612499999999997,3.4612499999999997,3.4099999999999966,-5.10000000000046,-6.375000000000597,-11.50000000000091,-1.8750000000004263,-10.000000000000853,50.500000000000966,-6.999999999999318,-7.500000000000284,-5.500000000000682,-5.499999999999261,-1.5000000000000568,-4.399999999999693,-3.749999999999787,-6.999999999999318,-7.500000000000284,-1.5000000000000568,2.599999999999625,-2.599999999999625,3.249999999999531,-3.249999999999531,5.499999999999261,-5.499999999999261,3.7500000000004974,-3.7500000000004974,3.999999999999204,-3.999999999999204,-1.4999999999986358,1.4999999999986358
2026-09-16,3.0,3.299999999999997,3.430000000000007,3.4599999999999937,3.4350000000000023,3.4000000000000057,3.375,3.3599999999999994,3.355000000000004,3.4599999999999937,3.430000000000007,3.406,3.392500000000002,3.392500000000002,3.355000000000004,-5.399999999999361,-6.74999999999919,-10.499999999998977,-3.7500000000004974,-7.9999999999998295,45.999999999999375,-6.500000000001194,-4.999999999999716,-1.999999999999602,-7.500000000000284,-5.499999999999261,-6.800000000000095,-6.874999999999787,-6.500000000001194,-4.999999999999716,-5.499999999999261,-0.29999999999890115,0.29999999999890115,-0.3749999999985931,0.3749999999985931,1.0000000000019327,-1.0000000000019327,-1.875000000000071,1.875000000000071,2.000000000001023,-2.000000000001023,-4.500000000001592,4.500000000001592
2026-09-17,3.015000000000001,3.3149999999999977,3.450000000000003,3.480000000000004,3.450000000000003,3.4099999999999966,3.3799999999999955,3.3599999999999994,3.3499999999999943,3.480000000000004,3.450000000000003,3.4159999999999995,3.3999999999999986,3.3999999999999986,3.3499999999999943,-6.40000000000045,-8.00000000000054,-13.000000000000966,-5.000000000000426,-10.000000000000853,46.5000000000003,2.000000000001023,1.999999999999602,1.5000000000001013,1.5000000000000568,-0.5000000000009663,0.9999999999999343,0.7499999999996732,2.000000000001023,1.999999999999602,-0.5000000000009663,-1.000000000001089,1.000000000001089,-1.25000000000135,1.25000000000135,-2.5000000000019895,2.5000000000019895,-1.249999999999929,1.249999999999929,-2.000000000001023,2.000000000001023,0.5000000000009237,-0.5000000000009237
2026-09-18,3.049999999999997,3.3799999999999955,3.5400000000000063,3.5849999999999937,3.5649999999999977,3.530000000000001,3.4950000000000045,3.469999999999999,3.4549999999999983,3.5849999999999937,3.5400000000000063,3.528999999999999,3.5150000000000006,3.5150000000000006,3.4549999999999983,-5.599999999999472,-6.999999999999318,-12.999999999999545,-2.5000000000005684,-10.999999999999943,53.49999999999966,10.499999999998977,9.000000000000341,3.4999999999996145,11.499999999999488,10.500000000000398,11.299999999999955,11.500000000000199,10.499999999998977,9.000000000000341,10.500000000000398,0.8000000000009777,-0.8000000000009777,1.0000000000012221,-1.0000000000012221,1.4210854715202004e-12,-1.4210854715202004e-12,2.499999999999858,-2.499999999999858,-0.9999999999990905,0.9999999999990905,6.9999999999993605,-6.9999999999993605
