date,Z26_rate,U27_rate,spread_U27_minus_Z26_bp,beta30_U27_on_Z26,corr30,vol30_Z26_bp,vol30_U27_bp
2021-09-21,0.9599999999999936,1.0250000000000057,6.500000000001204,,,,
2021-09-22,0.9699999999999988,1.0349999999999966,6.499999999999783,,,,
2021-09-23,1.0300000000000011,1.0799999999999983,4.999999999999716,,,,
2021-09-24,1.0499999999999972,1.1149999999999949,6.499999999999773,,,,
2021-09-27,1.0699999999999932,1.1299999999999957,6.00000000000025,,,,
2021-09-28,1.1149999999999949,1.1899999999999975,7.500000000000262,,,,
2021-09-29,1.0999999999999943,1.1749999999999972,7.500000000000284,,,,
2021-09-30,1.1749999999999972,1.2249999999999943,4.999999999999716,,,,
2021-10-01,1.1550000000000011,1.2150000000000034,6.000000000000227,,,,
2021-10-04,1.1350000000000051,1.2049999999999983,6.999999999999318,,,,
2021-10-05,1.2150000000000034,1.2800000000000011,6.499999999999773,,,,
2021-10-06,1.2099999999999935,1.2800000000000011,7.000000000000761,,,,
2021-10-07,1.2099999999999935,1.2800000000000011,7.000000000000761,,,,
2021-10-08,1.2549999999999957,1.3149999999999975,6.000000000000183,,,,
2021-10-11,1.2750000000000057,1.3499999999999943,7.499999999998863,,,,
2021-10-12,1.230000000000004,1.3100000000000025,7.999999999999852,,,,
2021-10-13,1.1200000000000043,1.1850000000000025,6.499999999999817,,,,
2021-10-14,1.0849999999999935,1.1550000000000011,7.000000000000761,,,,
2021-10-15,1.125,1.1899999999999975,6.49999999999975,,,,
2021-10-18,1.0900000000000034,1.1650000000000065,7.500000000000306,,,,
2021-10-19,1.1400000000000006,1.1899999999999975,4.999999999999694,,,,
2021-10-20,1.144999999999996,1.1749999999999972,3.0000000000001137,,,,
2021-10-21,1.2150000000000034,1.2399999999999949,2.4999999999991473,,,,
2021-10-22,1.2049999999999983,1.230000000000004,2.5000000000005684,,,,
2021-10-25,1.1749999999999972,1.2000000000000028,2.5000000000005684,,,,
2021-10-26,1.1500000000000057,1.1749999999999972,2.4999999999991473,,,,
2021-10-27,1.0400000000000065,1.1099999999999994,6.999999999999296,,,,
2021-10-28,1.0250000000000057,1.0849999999999935,5.999999999998784,,,,
2021-10-29,1.0799999999999983,1.1400000000000006,6.000000000000227,,,,
2021-11-01,1.125,1.1700000000000017,4.5000000000001705,,,,
2021-11-02,1.0699999999999932,1.1200000000000043,5.000000000001115,0.8617984018484337,0.9598292847898033,4.886528514143861,4.387449446281698
2021-11-03,1.1200000000000043,1.144999999999996,2.4999999999991696,0.8502805049087931,0.9573232172406216,4.958448033059622,4.404021151044794
2021-11-04,0.9899999999999948,1.0349999999999966,4.500000000000181,0.8524952127866953,0.9643472980478051,5.423342482101126,4.794303372502145
2021-11-05,0.9399999999999976,0.9899999999999948,4.999999999999716,0.8485869648463976,0.9672116606089776,5.478694365816078,4.806754108280414
2021-11-08,0.9549999999999984,1.0100000000000051,5.5000000000006715,0.8506444275966203,0.9668166649465468,5.4720029323782295,4.814489624542473
2021-11-09,0.9599999999999936,1.0100000000000051,5.0000000000011475,0.836883070761234,0.9689191540055598,5.39713099604851,4.661655766222779
2021-11-10,1.0300000000000011,1.0849999999999935,5.499999999999239,0.8513513513512956,0.9695441454755691,5.5642537271616295,4.885940420543651
2021-11-11,1.0600000000000025,1.105000000000004,4.500000000000148,0.8614816052525022,0.9696732619916916,5.407025017533392,4.803734179673623
2021-11-12,1.0499999999999972,1.0999999999999943,4.999999999999716,0.8626969813440053,0.9700021242266179,5.399792460890678,4.802447891141098
2021-11-15,1.0900000000000034,1.125,3.499999999999659,0.860238793829655,0.9703363224107975,5.447476479986158,4.829388005301123
2021-11-16,1.1299999999999957,1.1599999999999966,3.0000000000000915,0.8535575173944197,0.9685766024882013,5.287727060965479,4.659806122946239
2021-11-17,1.1099999999999994,1.1350000000000051,2.5000000000005684,0.8549774682506593,0.9687724976139096,5.296930362424073,4.67473645455432
2021-11-18,1.0400000000000065,1.0550000000000068,1.5000000000000346,0.8684948036276757,0.9690414155507953,5.434140691726077,4.870300564257372
2021-11-19,0.9899999999999948,1.0049999999999957,1.5000000000000902,0.871391902125224,0.9688345786403119,5.405430432530023,4.861767333922368
2021-11-22,1.0349999999999966,1.0300000000000011,-0.49999999999954525,0.8578013367134838,0.9709226464902136,5.470295963751553,4.832956782795317
2021-11-23,1.0699999999999932,1.0649999999999975,-0.49999999999956746,0.8629662250133611,0.9708613287696837,5.478694365816086,4.869828527274547
2021-11-24,1.125,1.144999999999996,1.999999999999602,0.851029189440585,0.9634925527632273,5.213515812428216,4.6049698290473335
2021-11-25,1.0849999999999935,1.0849999999999935,0.0,0.863952020201976,0.9604358746514171,5.225930044268521,4.700941456209826
2021-11-26,0.9500000000000028,0.9599999999999936,0.9999999999990794,0.870830220190721,0.9669893431553642,5.717612434751426,5.1490429866297
2021-11-29,0.9699999999999988,0.980000000000004,1.0000000000005227,0.8747884045704432,0.9674301321385707,5.709036998327915,5.16233596772605
2021-11-30,0.9599999999999936,0.9699999999999988,1.0000000000005116,0.8845607517482361,0.9688607268253416,5.617705998862564,5.128912860093928
2021-12-01,0.9650000000000034,0.9749999999999944,0.9999999999991016,0.8869645979020794,0.9709846723697043,5.617705998862574,5.13160143944689
2021-12-02,0.9249999999999972,0.9350000000000024,1.0000000000005227,0.8841573856410485,0.9692614545688617,5.461358510628131,4.981834818710828
2021-12-03,0.894999999999996,0.9099999999999966,1.5000000000000568,0.8834439372434539,0.969286266342191,5.473971850137072,4.989183703070931
2021-12-06,0.8649999999999949,0.875,1.0000000000005116,0.8845755495032251,0.9690690199028902,5.473971850137072,4.996694309539908
2021-12-07,0.8349999999999937,0.8449999999999989,1.0000000000005116,0.8847733080655629,0.9691287736663687,5.479349948859828,5.002413210744834
2021-12-08,0.8349999999999937,0.8499999999999943,1.5000000000000568,0.9310453229845085,0.9774606997582915,5.14862441175647,4.904138529104135
2021-12-09,0.8199999999999932,0.8250000000000028,0.5000000000009663,0.931045322984507,0.9774606997582933,5.148624411756469,4.904138529104118
2021-12-10,0.7999999999999972,0.8149999999999977,1.5000000000000568,0.924079229610664,0.975392766117258,5.018471627026097,4.754459491621607
2021-12-13,0.7750000000000057,0.7800000000000011,0.49999999999954525,0.9334916864607719,0.9749202733045529,4.918882220469608,4.709857600892949
2021-12-14,0.7950000000000017,0.8050000000000068,1.0000000000005116,0.9393427796201123,0.9744274760965436,4.881498027092389,4.705737510448391
2021-12-15,0.7999999999999972,0.8149999999999977,1.5000000000000568,0.9595862278789015,0.9773407161312622,4.761072997965338,4.674582776882955
2021-12-16,0.8250000000000028,0.8400000000000034,1.5000000000000568,0.9977870784625144,0.976503711425815,4.233181733189216,4.3254459606635445
2021-12-17,0.8349999999999937,0.8499999999999943,1.5000000000000568,1.003542383874679,0.9762651243622019,4.156735290569033,4.272876228533603
2021-12-20,0.8499999999999943,0.855000000000004,0.5000000000009663,0.9980042907748433,0.9757038265428125,4.156735290569032,4.251740684775394
2021-12-21,0.980000000000004,0.9849999999999994,0.49999999999954525,1.0019305974951525,0.9819548757390303,4.818665814298176,4.916691018836943
2021-12-22,1.0250000000000057,1.0300000000000011,0.49999999999954525,0.9959932272615628,0.9812647471900586,4.715132157677911,4.785904831635408
2021-12-23,1.0699999999999932,1.0750000000000028,0.5000000000009663,1.0009654962142418,0.9822514379112652,4.756000444689338,4.846612752470901
2021-12-24,1.0600000000000025,1.0649999999999975,0.49999999999950084,1.0017531378627023,0.9825616932914468,4.7560004446893265,4.848894885352247
2021-12-27,1.0600000000000025,1.0649999999999975,0.49999999999950084,1.0104736595279111,0.9838426272694434,4.696660589147892,4.823791612128478
2021-12-28,1.0600000000000025,1.0649999999999975,0.49999999999950084,1.0135236462964,0.98365136839163,4.632593176637676,4.773279313249814
2021-12-29,1.1400000000000006,1.144999999999996,0.49999999999954525,1.0119935644288496,0.985150099140404,4.855498127789312,4.987801210908476
2021-12-30,1.1200000000000043,1.125,0.49999999999956746,1.0019889040092138,0.9843716020472112,4.686247917068641,4.770117712227406
2021-12-31,1.0799999999999983,1.0849999999999935,0.49999999999952305,1.002072373664916,0.9841416132387518,4.650917595782435,4.735655897719856
2022-01-03,1.0799999999999983,1.0849999999999935,0.49999999999952305,1.0161720641957075,0.9872824936592246,4.582857864574959,4.716960106220714
2022-01-04,1.1650000000000065,1.1650000000000065,0.0,1.0083865565123984,0.9879105319020361,4.79490270537615,4.894284726955114
2022-01-05,1.1500000000000057,1.1500000000000057,0.0,0.9877898291875148,0.9918955242722534,4.703416464314203,4.68394788784978
2022-01-06,1.2150000000000034,1.2150000000000034,0.0,0.9758441950581356,0.9951887500858895,4.779145309054484,4.686247917068634
2022-01-07,1.2399999999999949,1.25,1.0000000000005116,0.9999999999999845,0.9930679386873857,3.999856319258662,4.027777117188496
2022-01-10,1.2549999999999957,1.2650000000000006,1.0000000000004894,0.9999999999999812,0.9930562134128299,3.9964423834378957,4.024386866986384
2022-01-11,1.25,1.2650000000000006,1.5000000000000568,0.9984108639121471,0.9927529348309844,3.989065514398284,4.011800123371684
2022-01-12,1.2150000000000034,1.2549999999999957,3.9999999999992264,0.9760748959778008,0.9867039741184453,4.071205306009366,4.0273490325380426
2022-01-13,1.1949999999999932,1.2399999999999949,4.5000000000001705,0.9717325881341365,0.9861013324630087,4.00516907387759,3.946808691914906
2022-01-14,1.2249999999999943,1.269999999999996,4.5000000000001705,0.9739629302736064,0.9858910147551088,3.9531741938469125,3.9053455849554783
2022-01-17,1.25,1.2950000000000017,4.5000000000001705,0.9668641984718288,0.9858019005006591,3.883393764021031,3.8087920068867653
2022-01-18,1.2800000000000011,1.3250000000000028,4.5000000000001705,0.9638931252352009,0.9852486068657363,3.8089806160354707,3.7264201180961964
2022-01-19,1.3199999999999932,1.4000000000000057,8.00000000000125,0.9846625164470436,0.972897475180955,3.825241334134135,3.871499160160938
2022-01-20,1.2800000000000011,1.3649999999999949,8.499999999999375,0.973615367366797,0.97543978032865,3.921499830363428,3.9141652564976703
2022-01-21,1.230000000000004,1.3149999999999975,8.499999999999353,0.984169235079873,0.977718506298047,4.050826508541064,4.077552793233956
2022-01-24,1.2049999999999983,1.2999999999999972,9.499999999999886,0.9676379938358207,0.9784934401536574,4.050826508541112,4.005886473276867
2022-01-25,1.2150000000000034,1.3100000000000025,9.499999999999908,0.9676266554551299,0.9784420249346654,4.050117069402142,4.005348435773714
2022-01-26,1.2750000000000057,1.3700000000000043,9.499999999999865,0.9668378082653074,0.9792466457038622,4.131634337505091,4.079279009994318
2022-01-27,1.2849999999999966,1.3850000000000051,10.000000000000853,0.9670688957799736,0.9792499528512895,4.129234155705418,4.07786990823722
2022-01-28,1.2849999999999966,1.3850000000000051,10.000000000000853,0.9677744209466341,0.9793406871806977,4.1377155116287225,4.088848023700609
2022-01-31,1.3349999999999935,1.4300000000000068,9.500000000001329,0.9630169997213278,0.9808335296403438,4.186767606221558,4.110716300810369
2022-02-01,1.355000000000004,1.4399999999999975,8.499999999999353,0.9566522174058533,0.971850566211766,3.5953753820610657,3.539148868392658
2022-02-02,1.3199999999999932,1.4050000000000011,8.500000000000796,0.9633087136390568,0.9726655554994912,3.642383014317484,3.6073440416023463
2022-02-03,1.394999999999996,1.4650000000000034,7.000000000000739,0.9407980701578241,0.9708190966242093,3.7808121124813248,3.6638965502639005
2022-02-04,1.4099999999999966,1.480000000000004,7.000000000000739,0.9388459975619797,0.9705065764111057,3.760808179224264,3.638120330642051
2022-02-07,1.4249999999999972,1.4950000000000043,7.000000000000717,0.9378528770306483,0.9704125733636079,3.7547288192022217,3.6287485572791014
2022-02-08,1.5250000000000057,1.605000000000004,7.9999999999998295,0.9602535460071663,0.9744051183970749,4.073357506935948,4.014198936705725
2022-02-09,1.5049999999999957,1.5649999999999975,6.000000000000183,0.9772934033902057,0.9677899197716906,3.93411983175095,3.972752021041721
2022-02-10,1.6099999999999994,1.6350000000000051,2.5000000000005684,0.9162281827515477,0.9583565901022063,4.23233312466808,4.046283948650323
2022-02-11,1.6749999999999972,1.6500000000000057,-2.4999999999991473,0.8684370332682442,0.9314772917676944,4.184296037965619,3.9011124260806778
2022-02-14,1.7150000000000034,1.6899999999999975,-2.5000000000005906,0.8691217292751519,0.9314224274356,4.182647514420332,3.902879868042216
2022-02-15,1.7099999999999935,1.7000000000000028,-0.9999999999990683,0.8567508718511486,0.9232838753889108,4.028954115445984,3.738622587340897
2022-02-16,1.6099999999999994,1.6599999999999966,4.999999999999716,0.770646043888571,0.9103525311261867,4.537075872328473,3.8407973310150187
2022-02-17,1.5849999999999935,1.6200000000000043,3.50000000000108,0.7784194355940106,0.9048590806520365,4.494696747342999,3.8666344628069447
2022-02-18,1.5349999999999966,1.5699999999999932,3.499999999999659,0.7900038900589179,0.9113035964960366,4.628404307834676,4.0123372957310055
2022-02-21,1.5699999999999932,1.5999999999999943,3.0000000000001137,0.7897715948499541,0.9119880592029382,4.650454186198586,4.027242004265563
2022-02-22,1.6350000000000051,1.6650000000000065,3.000000000000136,0.7986877880037605,0.9156899963338169,4.744658218375356,4.138409933973556
2022-02-23,1.625,1.6500000000000057,2.5000000000005684,0.8138484959840672,0.9178328905591367,4.679252322631488,4.149123990080222
2022-02-24,1.6299999999999957,1.6700000000000017,4.000000000000603,0.8113109304281945,0.9144030506761729,4.639318469567524,4.116269932951585
2022-02-25,1.644999999999996,1.6850000000000025,4.0000000000006475,0.8105195431880625,0.9140497129701075,4.6301113414781,4.105680113623564
2022-02-28,1.6299999999999957,1.6749999999999972,4.500000000000148,0.8102222693756611,0.9148418460924843,4.6548701477007235,4.122548034753788
2022-03-01,1.4350000000000025,1.5750000000000028,14.000000000000036,0.7024180685907788,0.9161752786127705,5.987750906604297,4.590720275041756
2022-03-02,1.5150000000000006,1.625,10.999999999999943,0.6819703159984526,0.9288269267785976,6.111253046070329,4.487050332864146
2022-03-03,1.5999999999999943,1.7099999999999935,10.999999999999922,0.6930164599236767,0.9297507317243338,6.208633218090918,4.627783412212076
2022-03-04,1.6099999999999994,1.7249999999999943,11.499999999999488,0.6816273614026563,0.9285023941511494,6.102194819013557,4.47971160812329
2022-03-07,1.6700000000000017,1.7549999999999957,8.499999999999396,0.6739816243351059,0.9255164543753086,6.11858390197582,4.455688602173717
2022-03-08,1.75,1.7950000000000017,4.5000000000001705,0.6635836523722615,0.9232560291701428,6.229356712973791,4.4773054807346755
2022-03-09,1.8050000000000068,1.8250000000000028,1.999999999999602,0.6539936387146803,0.9223744780964397,6.218345124866785,4.409009845315905
2022-03-10,1.8349999999999935,1.8700000000000043,3.50000000000108,0.6566166641913129,0.9194177853656983,6.220562860292539,4.4425127507110815
2022-03-11,1.8400000000000036,1.875,3.4999999999996367,0.6562255984650912,0.9193232736043246,6.216149711950279,4.437173170739128
2022-03-14,1.885000000000005,1.9000000000000057,1.500000000000079,0.6518789144050284,0.9181793252269616,6.208077793090046,4.407543168434076
2022-03-15,1.8599999999999997,1.8900000000000008,3.0000000000001137,0.6511163776974119,0.9194995788566395,6.258075243006182,4.431470527317485
2022-03-16,1.8900000000000008,1.9350000000000025,4.5000000000001705,0.6453299675441991,0.9153064233805528,6.184519048565461,4.360349031690218
2022-03-17,1.8100000000000025,1.855000000000004,4.500000000000148,0.6692259938205302,0.9167794796385924,6.3458964929196915,4.632345052957078
2022-03-18,1.7800000000000011,1.8199999999999927,3.99999999999916,0.6758590654941101,0.9169916511992251,6.396029659272911,4.714126483851301
2022-03-21,1.8599999999999997,1.9050000000000007,4.500000000000104,0.6907185081358073,0.9178395730261623,6.514374027143136,4.902380374199337
2022-03-22,1.9599999999999935,1.9950000000000043,3.50000000000108,0.6768236943141303,0.92261362902835,6.514374027143068,4.7789047944570395
2022-03-23,1.9249999999999967,1.9549999999999983,3.000000000000158,0.6763996138996482,0.9267156008257355,6.547439615394707,4.778904794457038
2022-03-24,1.894999999999996,1.9399999999999975,4.500000000000148,0.679510937866137,0.9236360823519635,6.361725530399462,4.680265490062788
2022-03-25,1.9249999999999967,1.9699999999999989,4.500000000000215,0.6968750000000327,0.9336161681361289,6.288102248298444,4.693600436495706
2022-03-28,1.8799999999999957,1.9200000000000017,4.000000000000603,0.7049261401509793,0.9325429976295684,6.331843442419333,4.78635512705653
2022-03-29,1.9150000000000065,1.9549999999999983,3.999999999999182,0.7074852709644207,0.9337166911997506,6.351056568810295,4.812250889208818
2022-03-30,1.9399999999999975,1.980000000000004,4.0000000000006475,0.7364999525481914,0.9381801013855998,6.027809117633001,4.732013738672972
2022-03-31,1.894999999999996,1.9350000000000025,4.0000000000006475,0.7359837059610369,0.9417724063231413,6.079832877315848,4.751315607282006
2022-04-01,1.9050000000000007,1.9500000000000028,4.500000000000215,0.7261770487577178,0.9403383002507611,5.972253853609448,4.612078096456867
2022-04-04,1.8299999999999983,1.8700000000000043,4.000000000000603,0.748184239196244,0.941419593853478,6.162922131213519,4.8979235572245114
2022-04-05,1.9150000000000065,1.9500000000000028,3.4999999999996367,0.7506649722189513,0.9430196378286492,6.236341397244667,4.9642688804336395
2022-04-06,1.9849999999999997,2.0250000000000057,4.000000000000603,0.7587590610977032,0.9438510589737127,6.321283152149876,5.0816607385843415
2022-04-07,2.0049999999999955,2.0450000000000017,4.000000000000625,0.7596807248409183,0.945028134380783,6.321487712283428,5.0816607385843415
2022-04-08,2.019999999999996,2.055000000000007,3.50000000000108,0.7595728616114932,0.9448992119494382,6.321487712283428,5.081632464646347
2022-04-11,2.114999999999995,2.1299999999999955,1.5000000000000568,0.7592035161580151,0.9472262519530876,6.4736645984582735,5.188653624668119
2022-04-12,2.0900000000000034,2.1099999999999994,1.999999999999602,0.8876074198843593,0.9641254654117454,5.175344954908629,4.764602478865322
2022-04-13,2.094999999999999,2.114999999999995,1.999999999999602,0.9030740276035276,0.9668513455475718,5.064639642920624,4.730556089884222
2022-04-14,2.174999999999997,2.2099999999999937,3.499999999999659,0.9144116151630012,0.9639622162636743,5.043061695475031,4.783832926771699
2022-04-18,2.174999999999997,2.2099999999999937,3.499999999999659,0.9149942031269499,0.9644638485194355,5.052625356040704,4.793464180587503
2022-04-19,2.260000000000005,2.319999999999993,5.999999999998806,0.9558868268938361,0.9664183987937017,5.142676971848574,5.0866345037473755
2022-04-20,2.194999999999993,2.2549999999999955,6.000000000000227,0.988714122541356,0.9781771755635748,5.236614024040952,5.293022950453117
2022-04-21,2.2099999999999937,2.2750000000000057,6.500000000001194,1.0021513662781314,0.9822160817573775,5.181449005162938,5.286612891263121
2022-04-22,2.1899999999999977,2.25,6.000000000000227,1.00164283670203,0.9832893204563817,5.206897503235109,5.30408647491101
2022-04-25,2.0900000000000034,2.1500000000000057,6.000000000000227,1.0023883887561984,0.9854912902064742,5.592996441568912,5.688893191748862
2022-04-26,2.0349999999999966,2.094999999999999,6.000000000000227,1.0118216012896255,0.9884236421836751,5.664468809743081,5.798558084737043
2022-04-27,2.0349999999999966,2.0999999999999943,6.499999999999773,1.0162318578469027,0.9893504387863562,5.637135695597107,5.7903010463098425
2022-04-28,2.094999999999999,2.1599999999999966,6.499999999999773,1.0117845266342622,0.9904524745644097,5.707652656791156,5.830582274110602
2022-04-29,2.114999999999995,2.180000000000007,6.500000000001194,1.0120619616053148,0.9896213162646607,5.470112104590008,5.594152324515804
2022-05-02,2.114999999999995,2.180000000000007,6.500000000001194,1.0096303321242392,0.9895414905117875,5.421355176892903,5.531414983902227
2022-05-03,2.1650000000000063,2.230000000000004,6.499999999999773,1.0060588193434705,0.9891297909740712,5.316667567470189,5.407662719877572
2022-05-04,2.2049999999999983,2.265000000000001,6.000000000000272,1.0173531676505363,0.9889820776007053,5.074417468407506,5.219988109379981
2022-05-05,2.2049999999999983,2.265000000000001,6.000000000000272,1.0143471694658879,0.988814933391668,5.011595749262321,5.141000394618783
2022-05-06,2.280000000000001,2.3400000000000034,6.000000000000227,1.0210343261593957,0.9906704746887249,5.093409083507361,5.249521050949992
2022-05-09,2.265000000000001,2.325000000000003,6.000000000000183,1.021217061778404,0.9907286415065221,5.107353274570465,5.264525608737864
2022-05-10,2.2150000000000034,2.265000000000001,4.99999999999976,1.0254260447524286,0.9904857030853802,5.127147713706136,5.30801281083604
2022-05-11,2.2049999999999983,2.2450000000000045,4.000000000000625,1.0282721136144166,0.9899600718741869,5.120838652579102,5.319018144637975
2022-05-12,2.055000000000007,2.0849999999999937,2.9999999999986926,1.0367788201859753,0.9923835102755765,5.880539696867712,6.1436117648531505
2022-05-13,2.055000000000007,2.0799999999999983,2.4999999999991473,1.038120869387481,0.9921497130333693,5.808634080836701,6.077776552004241
2022-05-16,2.069999999999993,2.0999999999999943,3.0000000000001137,1.0383741414966725,0.992168357568004,5.8107361988317665,6.081345132508943
2022-05-17,2.1899999999999977,2.219999999999999,3.0000000000001137,1.033113865220766,0.9924506522328397,5.967729308828321,6.2122422701460644
2022-05-18,2.140000000000001,2.1700000000000017,3.0000000000000693,1.0371834465719738,0.9925766953783621,5.9069654967089535,6.172426635830808
2022-05-19,2.135000000000005,2.1599999999999966,2.4999999999991473,1.035732647814921,0.9922157734069419,5.790896541868165,6.044875287496029
2022-05-20,2.1899999999999977,2.2099999999999937,1.999999999999602,1.0326517620056928,0.9921720064916001,5.857037225207898,6.0959992533261165
2022-05-23,2.2349999999999994,2.239999999999995,0.49999999999954525,1.0271598615574091,0.9912126183555535,5.898105092159746,6.112005333391256
2022-05-24,2.1599999999999966,2.174999999999997,1.5000000000000568,1.0371371548392156,0.9927355938980044,5.841513148326297,6.102783423753678
2022-05-25,2.1899999999999977,2.2049999999999983,1.5000000000000568,1.0385651734590922,0.9929235278898187,5.841783698632586,6.110312556672633
2022-05-26,2.280000000000001,2.2950000000000017,1.5000000000000568,1.0360602756489339,0.9933323365003279,6.052476457151093,6.31282220072232
2022-05-27,2.2349999999999994,2.25,1.5000000000000568,1.0256609642301853,0.9937351047580476,5.956161689290016,6.147516085622731
2022-05-30,2.265000000000001,2.280000000000001,1.5000000000000124,1.025668242786852,0.9937825082404804,5.977832613800867,6.169632713224807
2022-05-31,2.3799999999999955,2.394999999999996,1.5000000000000568,1.0059861085724915,0.9966146122190933,6.142559277919779,6.200319791530333
2022-06-01,2.4200000000000017,2.4399999999999977,1.999999999999602,1.0092340475908883,0.9963580261145105,6.034027076391023,6.112005333391311
2022-06-02,2.4200000000000017,2.4399999999999977,1.999999999999602,1.008666414093605,0.996529117675896,6.033812770688485,6.107302017342512
2022-06-03,2.4200000000000017,2.4399999999999977,1.999999999999602,1.0076908409076712,0.99654187272455,6.0139684146122185,6.081250627576831
2022-06-06,2.5,2.515000000000001,1.5000000000001013,1.007337346924844,0.9962177678762236,5.796748989785089,5.861451116865533
2022-06-07,2.4599999999999937,2.4749999999999943,1.5000000000000568,1.0077140989322606,0.9961504170802925,5.741685642996153,5.808337249953486
2022-06-08,2.469999999999999,2.4950000000000045,2.5000000000005684,1.0081746010952177,0.9956958347758096,5.736077597705262,5.807966190016059
2022-06-09,2.5649999999999977,2.5900000000000034,2.5000000000005684,1.008284339925203,0.9958863200920476,5.865935168606822,5.938961556351228
2022-06-10,2.635000000000005,2.644999999999996,0.9999999999990905,1.0010067876977236,0.9950581303493355,5.949113717436259,5.984678714045249
2022-06-13,2.7549999999999955,2.75,-0.49999999999954525,0.9897090661051946,0.994707105754412,6.225549876466086,6.194268763723698
2022-06-14,2.7900000000000063,2.780000000000001,-1.0000000000005116,0.9887028820700531,0.9946730386609292,6.207730627228347,6.170471022837719
2022-06-15,2.7549999999999955,2.7849999999999966,3.0000000000001137,0.9696019827963502,0.9871582191331236,6.2784982463869925,6.166837524815548
2022-06-16,2.8100000000000023,2.844999999999999,3.499999999999659,0.9718302728739141,0.9871008970597704,6.303369834014776,6.20585559598053
2022-06-17,2.739999999999995,2.765000000000001,2.500000000000613,0.9789937036830831,0.987248640824234,6.423197900140381,6.369489955942491
2022-06-20,2.8700000000000045,2.894999999999996,2.4999999999991473,0.9821293572794468,0.9883810996286156,6.725508996675906,6.682968574332708
2022-06-21,2.9150000000000063,2.9350000000000023,1.999999999999602,0.9757045035554401,0.9881977594848195,6.606336213130574,6.522815836491394
2022-06-22,2.730000000000004,2.75,1.999999999999602,0.9789975422655868,0.9913705952389279,7.607562027351541,7.512613913685014
2022-06-23,2.5600000000000023,2.575000000000003,1.5000000000000568,0.9755751301754372,0.991949872561058,7.7665100373927185,7.638303356172728
2022-06-24,2.5600000000000023,2.5900000000000034,3.0000000000001137,0.9736504866394291,0.9913610205069011,7.7665100373927185,7.627762360003735
2022-06-27,2.6650000000000063,2.6899999999999977,2.4999999999991473,0.9724497393894043,0.9917396619422929,7.931259991796622,7.776992297501784
2022-06-28,2.7549999999999955,2.780000000000001,2.5000000000005684,0.9716227713510617,0.9915014438793865,7.818725680337524,7.661967575397093
2022-06-29,2.6850000000000023,2.7099999999999937,2.4999999999991473,0.972098157582353,0.9916489919610733,7.887663144750722,7.732154091619743
2022-06-30,2.5900000000000034,2.6099999999999994,1.999999999999602,0.9760988094877064,0.9921456888364101,8.145744957923835,8.013996377029013
2022-07-01,2.364999999999995,2.4150000000000063,5.000000000001137,0.953945473338165,0.9926012594319982,9.208395095231742,8.849784074253922
2022-07-04,2.480000000000004,2.530000000000001,4.999999999999716,0.9576670169741582,0.99336477809429,9.397801772804273,9.060080434039357
2022-07-05,2.390000000000001,2.4399999999999977,4.999999999999671,0.9613913536206588,0.9934842526053049,9.447434730576834,9.142250659790264
2022-07-06,2.405000000000001,2.444999999999993,3.999999999999204,0.9610883019792592,0.9932335412602924,9.439173083790271,9.133681510269186
2022-07-07,2.4549999999999983,2.4950000000000045,4.000000000000625,0.9604395242873084,0.993100919459294,9.345922339064211,9.038550895959453
2022-07-08,2.555000000000007,2.594999999999999,3.999999999999204,0.9608258439986298,0.99325532567355,9.44834717650764,9.139861539734378
2022-07-11,2.480000000000004,2.510000000000005,3.0000000000001137,0.9652239147971453,0.9931049913368957,9.56798120649388,9.299363468514297
2022-07-12,2.375,2.405000000000001,3.0000000000001137,0.9655526150999226,0.9930791069189112,9.556080690373237,9.291202117143289
2022-07-13,2.375,2.405000000000001,3.0000000000001137,0.9646219469328872,0.9930943296054603,9.525962708159524,9.252849825056936
2022-07-14,2.375,2.4000000000000057,2.5000000000005684,0.9645934468901372,0.9930399910858965,9.525962708159524,9.253082741977602
2022-07-15,2.394999999999996,2.424999999999997,3.0000000000001137,0.9650359598513851,0.9929978376516523,9.534043659735968,9.265574028033235
2022-07-18,2.4549999999999983,2.4849999999999994,3.0000000000001137,0.9662425817090237,0.9929478569391922,9.482424759013355,9.227395493106673
2022-07-19,2.5049999999999955,2.5400000000000063,3.50000000000108,0.9671134976065703,0.9929177166195806,9.498774875631879,9.251918098737452
2022-07-20,2.430000000000007,2.4549999999999983,2.4999999999991473,0.9703401988547476,0.9929893532038351,9.598790632636966,9.379851235248944
2022-07-21,2.3499999999999943,2.3700000000000045,2.000000000001023,0.9712607815622667,0.992811603454657,9.52463532955063,9.317885409562928
2022-07-22,2.2450000000000045,2.269999999999996,2.4999999999991473,0.9743864799758885,0.9932439586985313,9.571509447493206,9.389787188657436
2022-07-25,2.2450000000000045,2.260000000000005,1.5000000000000568,0.9803779069767128,0.9929522820155744,9.24158517526774,9.124553209027113
2022-07-26,2.194999999999993,2.219999999999999,2.5000000000005684,0.9803484197715543,0.9927999432009255,9.206897089844801,9.09142579513824
2022-07-27,2.239999999999995,2.265000000000001,2.500000000000613,0.9831286039111442,0.9960786194383352,9.277041864038912,9.156431067018245
2022-07-28,2.1200000000000045,2.1500000000000057,3.0000000000001137,0.9798566534083957,0.9961845604375292,9.35746060454012,9.204087672608104
2022-07-29,2.144999999999996,2.174999999999997,3.0000000000001137,0.9779255030889616,0.9964122322015037,9.35366729972932,9.180125960120424
2022-08-01,2.0849999999999937,2.105000000000004,2.000000000001023,0.9774225687987431,0.9958333994546539,8.938181691710266,8.772933820341464
2022-08-02,2.0900000000000034,2.105000000000004,1.5000000000000568,0.9778607921770938,0.9957468139777202,8.857833081321496,8.698724969324692
2022-08-03,2.180000000000007,2.1899999999999977,0.9999999999990905,0.974145315785349,0.9954675664630366,8.590625738251806,8.406620270228352
2022-08-04,2.094999999999999,2.0999999999999943,0.49999999999954525,0.9696236249311402,0.9950877625100082,8.204655953197962,7.99470011226538
2022-08-05,2.2349999999999994,2.239999999999995,0.49999999999954525,0.9723308098624888,0.9961811388431807,8.68022259897856,8.472402799407083
2022-08-08,2.1599999999999966,2.1650000000000063,0.5000000000009663,0.9731570496778537,0.9959990321751205,8.471537878271588,8.277253834121643
2022-08-09,2.2450000000000045,2.25,0.49999999999954525,0.9730056016997891,0.9959800938118127,8.450260146985256,8.25533613565442
2022-08-10,2.194999999999993,2.200000000000003,0.5000000000009663,0.9728426725536873,0.9959464126434405,8.414819986327842,8.219614891557566
2022-08-11,2.280000000000001,2.2849999999999966,0.49999999999954525,0.9717778062203546,0.9960802631159985,8.476065016322362,8.269265210793176
2022-08-12,2.325000000000003,2.3299999999999983,0.49999999999954525,1.0059240009003259,0.9977273231903189,7.4947491197383735,7.556321095992788
2022-08-15,2.230000000000004,2.2150000000000034,-1.5000000000000568,1.0152127659574128,0.9967707961680143,7.350033231608504,7.486021456112576
2022-08-16,2.3349999999999937,2.3299999999999983,-0.49999999999954525,1.0239776366890028,0.9966778724802252,7.464263519266905,7.66871536844971
2022-08-17,2.444999999999993,2.430000000000007,-1.4999999999986358,1.0178581721070303,0.9967644642828164,7.734755120985438,7.898439391904247
2022-08-18,2.4599999999999937,2.444999999999993,-1.5000000000000568,1.0177152615932263,0.9967173610381028,7.685054161895395,7.846955629011555
2022-08-19,2.625,2.625,0.0,1.0296985894054798,0.9966850024691312,8.058764059142137,8.325697651206749
2022-08-22,2.694999999999993,2.6850000000000023,-0.9999999999990905,1.0232860959097094,0.9964405771136501,8.013655730122215,8.22955495228286
2022-08-23,2.805000000000007,2.799999999999997,-0.5000000000009663,1.0279257745502113,0.9964145452839916,7.936964299960802,8.187967763245837
2022-08-24,2.9200000000000017,2.905000000000001,-1.5000000000000568,1.0222064186566733,0.9962544548211026,8.140451708780652,8.352506678602012
2022-08-25,2.864999999999995,2.8599999999999994,-0.49999999999954525,1.017199682051093,0.9959506534907031,8.244050449632974,8.41994075388004
2022-08-26,2.8499999999999943,2.844999999999999,-0.49999999999954525,1.0168203375850435,0.9960474755768148,8.26342516165667,8.435761315110613
2022-08-29,2.8499999999999943,2.844999999999999,-0.49999999999954525,1.016626371898739,0.9960034884277162,8.223686702964029,8.393963348124329
2022-08-30,2.9200000000000017,2.9099999999999966,-1.0000000000005116,1.0142561905202656,0.9960531783155261,8.262590531961061,8.413590538356711
2022-08-31,2.969999999999999,2.9549999999999983,-1.5000000000000568,1.010058675607683,0.9959745261624845,8.112995110017943,8.22772157397473
2022-09-01,3.049999999999997,3.0349999999999966,-1.5000000000000568,1.0087735166425278,0.9958398014763191,7.971212573069368,8.074740663427416
2022-09-02,3.0349999999999966,3.0250000000000057,-0.9999999999990905,1.0128503520779115,0.9955416769432217,7.633787568676562,7.766510037392447
2022-09-05,3.0849999999999937,3.075000000000003,-0.9999999999990905,1.0115535015996784,0.995737840017617,7.628892449104431,7.750064886639641
2022-09-06,3.260000000000005,3.265000000000001,0.49999999999958966,1.0278450860404529,0.9961477018945603,7.935461657908822,8.18796776324576
2022-09-07,3.1700000000000017,3.1700000000000017,0.0,1.0283300450244945,0.9964417770312434,8.256032277403028,8.520242967772852
2022-09-08,3.265000000000001,3.265000000000001,0.0,1.037029904794955,0.9964118065865499,7.821812266121015,8.140663504828627
2022-09-09,3.2450000000000045,3.25,0.49999999999954525,1.0345671035628088,0.9962993169650066,7.890777389845447,8.193861593662055
2022-09-12,3.1700000000000017,3.1650000000000063,-0.49999999999954525,1.0347289958760248,0.9963774650708803,7.958603383514987,8.264937713152891
2022-09-13,3.2750000000000057,3.269999999999996,-0.5000000000009663,1.0336152417598024,0.9964542579869943,8.032638163273235,8.332201072504269
2022-09-14,3.25,3.239999999999995,-1.0000000000005116,1.036053181319212,0.9965741670822129,8.057694259626258,8.37689762341055
2022-09-15,3.2750000000000057,3.260000000000005,-1.5000000000000568,1.0363917664468711,0.9962449504564855,7.733417558003758,8.045059882048395
2022-09-16,3.299999999999997,3.2849999999999966,-1.5000000000000568,1.0382356999401505,0.996046159431711,7.4986780444153736,7.816299650722362
2022-09-19,3.299999999999997,3.2849999999999966,-1.5000000000000568,1.0413677351411315,0.99584819456825,7.238069851308264,7.568917078890797
2022-09-20,3.4950000000000045,3.469999999999999,-2.5000000000005684,1.027735198313807,0.9957116255871789,7.745224706045063,7.9943226981588404
2022-09-21,3.5600000000000023,3.519999999999996,-4.000000000000625,1.0280531788069083,0.9949635060101447,7.558222286882984,7.8095873881027
2022-09-22,3.680000000000007,3.625,-5.500000000000682,1.021224329370113,0.9943843728165803,7.647777830659705,7.854203062508999
2022-09-23,3.944999999999993,3.86,-8.49999999999933,0.9893819260907754,0.9934205661394112,8.623744286401529,8.588685419863658
2022-09-26,4.430000000000007,4.305000000000007,-12.5,0.944613015714856,0.995812274565013,11.265092048029633,10.6859021962176
2022-09-27,4.629999999999996,4.545000000000002,-8.499999999999464,0.9598179003677143,0.9930281491365943,11.488487490857588,11.104273279124236
2022-09-28,4.355000000000004,4.265000000000001,-9.000000000000341,0.9715140530671488,0.9946096650103681,13.133881778618077,12.828902802907118
2022-09-29,4.3700000000000045,4.284999999999997,-8.500000000000796,0.9710276263709846,0.9945676116585042,13.133881778618077,12.823021682016774
2022-09-30,4.564999999999998,4.415000000000006,-14.999999999999147,0.951892428315117,0.9915925661018333,13.224802542905994,12.69532450817296
2022-10-03,4.394999999999996,4.230000000000004,-16.499999999999204,0.9606175079568092,0.9921586817247598,13.90009509601152,13.45820477857542
2022-10-04,4.319999999999993,4.155000000000001,-16.499999999999204,0.9593492746233673,0.9924638336249028,14.064721088963946,13.595437453066072
2022-10-05,4.489999999999995,4.344999999999999,-14.499999999999602,0.965655088917569,0.9919246545278199,14.187010409801594,13.811289734776127
2022-10-06,4.650000000000006,4.510000000000005,-14.000000000000057,0.9699983253680967,0.9919356503996096,14.16914447567025,13.855784301896858
2022-10-07,4.715000000000003,4.569999999999993,-14.500000000001023,0.9702998492297412,0.9918661836080295,14.099207200341578,13.792645466534653
2022-10-10,5.004999999999996,4.864999999999995,-14.000000000000146,0.9763922639863095,0.9923522138863291,14.641982231862006,14.40649598052155
2022-10-11,5.0,4.855000000000004,-14.499999999999602,0.9766669677152027,0.9924212612079988,14.70909484857479,14.475593807922198
2022-10-12,5.079999999999998,4.974999999999994,-10.500000000000398,0.9773258780508565,0.9908556610562836,14.705695198268232,14.504894140357925
2022-10-13,4.814999999999998,4.700000000000003,-11.499999999999488,0.983662666928001,0.9921748795794441,15.925842874534755,15.789209541045228
2022-10-14,4.765000000000001,4.644999999999996,-12.000000000000455,0.9848606705426703,0.992289430971676,15.994467434264529,15.874725085862881
2022-10-17,4.5,4.405000000000001,-9.499999999999886,0.976038435026665,0.9927909128978003,17.045923434860548,16.758288393659317
2022-10-18,4.5,4.415000000000006,-8.499999999999375,0.9720784373753765,0.9927985793425876,16.892118817984915,16.53957288639483
2022-10-19,4.340000000000003,4.254999999999996,-8.500000000000707,0.9718323105499549,0.9930043802498625,17.126506981264747,16.76134887447769
2022-10-20,4.319999999999993,4.194999999999993,-12.5,0.974040518151065,0.9921734157799762,17.12554219294382,16.81255688363665
2022-10-21,4.489999999999995,4.359999999999999,-12.999999999999545,0.9749872029567711,0.992345198220508,17.2652481332719,16.9632462735743
2022-10-24,4.209999999999994,4.079999999999998,-12.999999999999545,0.9751883828807751,0.9930826612945812,18.12643969708212,17.799820804987256
2022-10-25,4.125,3.989999999999995,-13.500000000000512,0.9751651896429192,0.993153209628757,18.203984659169105,17.874273556495005
2022-10-26,4.060000000000002,3.950000000000003,-10.999999999999943,0.9724874073001516,0.9927869211707389,18.258960955443584,17.88561998642633
2022-10-27,3.985,3.885000000000005,-9.999999999999476,0.9714265241291352,0.9927910120108521,18.35377126206572,17.958805031541544
2022-10-28,3.894999999999996,3.754999999999996,-14.000000000000012,0.9758980635064819,0.9921448366060438,18.470611948366148,18.168148204905357
2022-10-31,4.010000000000005,3.879999999999996,-13.000000000000922,0.9774925738190837,0.9921061734210018,18.547206004536456,18.274007984459658
2022-11-01,3.894999999999996,3.765000000000001,-12.9999999999995,0.9778261311297793,0.992008657633603,18.422874337371333,18.15948661231895
2022-11-02,3.8349999999999937,3.700000000000003,-13.49999999999909,0.9786313775348616,0.9920907100058471,18.443335088736063,18.19312109486485
2022-11-03,3.9000000000000057,3.765000000000001,-13.500000000000467,0.9799799424197388,0.9920792442368389,18.35649529567751,18.132621267290364
2022-11-04,3.924999999999997,3.8149999999999977,-10.999999999999943,0.9872505096129868,0.9915288548054718,17.70628825243066,17.62988743680699
2022-11-07,3.9000000000000057,3.7950000000000017,-10.500000000000398,1.0121059672998631,0.9901045557819675,15.145690939108286,15.482247898803323
2022-11-08,3.855000000000004,3.745000000000005,-10.999999999999899,0.998830962597564,0.9902264077376683,14.581568037655677,14.7082743152735
2022-11-09,3.7099999999999937,3.5900000000000034,-11.999999999999034,0.9988647514113587,0.9893505879561039,13.9970132281979,14.13161654613149
2022-11-10,3.519999999999996,3.390000000000001,-12.9999999999995,1.0009262117937638,0.9898143143237629,14.309590064571864,14.470233020866045
2022-11-11,3.575000000000003,3.4549999999999983,-12.000000000000455,1.0291514457590372,0.9934143715027293,13.774414062261377,14.269934634845338
2022-11-14,3.5849999999999937,3.4650000000000034,-11.999999999999034,1.025768934483204,0.9932791729718714,13.54723537135527,13.990359981565625
2022-11-15,3.555000000000007,3.4350000000000023,-12.000000000000455,1.0257564391097689,0.9932476685774494,13.517134719846714,13.959547468211179
2022-11-16,3.4000000000000057,3.2750000000000057,-12.5,1.0209976958981624,0.9930302864360461,13.194783016426507,13.566396958543613
2022-11-17,3.4399999999999977,3.3149999999999977,-12.5,1.0205216629330929,0.99253355114678,12.753588631773667,13.11322268534325
2022-11-18,3.515000000000001,3.385000000000005,-12.99999999999959,1.0203101920236297,0.9925616967515937,12.783340451675747,13.140717190315831
2022-11-21,3.5,3.364999999999995,-13.500000000000512,1.0217939493688788,0.9902988745069735,11.180712559284231,11.536299532196235
2022-11-22,3.4200000000000017,3.2950000000000017,-12.5,1.0218123592602013,0.9901829155257783,11.160068388535272,11.516554800927127
2022-11-23,3.2950000000000017,3.1599999999999966,-13.500000000000512,1.0088941979030883,0.9914264603556963,10.945279253223159,11.138121862355886
2022-11-24,3.3299999999999983,3.194999999999993,-13.500000000000512,1.003969561339359,0.9904418786580351,10.357697454151028,10.499165265123194
2022-11-25,3.405000000000001,3.280000000000001,-12.5,1.0076613274182464,0.9908331411358077,10.604108941197483,10.784207802663893
2022-11-28,3.394999999999996,3.2950000000000017,-9.999999999999432,1.0321959381178356,0.9901701547406488,9.77195435693524,10.186705331815796
2022-11-29,3.3499999999999943,3.265000000000001,-8.49999999999933,1.0305733639772574,0.9898343656330516,9.747973558937762,10.14917470174002
2022-11-30,3.4350000000000023,3.325000000000003,-10.999999999999943,1.020242176117567,0.9883003869207815,9.71976597324834,10.033908029518194
2022-12-01,3.3499999999999943,3.260000000000005,-8.99999999999892,1.0178207923296365,0.9903803759333081,9.768645596069762,10.039304939992753
2022-12-02,3.385000000000005,3.299999999999997,-8.500000000000796,1.0270414956077722,0.9893329380555969,9.09194730226318,9.438488092447068
2022-12-05,3.269999999999996,3.1700000000000017,-9.999999999999432,1.0403128868475882,0.9863162785165245,8.00423738353371,8.44243523183201
2022-12-06,3.260000000000005,3.1599999999999966,-10.000000000000853,1.0389453236951423,0.9861178254066767,7.947764089540744,8.37353521244301
2022-12-07,3.2549999999999955,3.1299999999999955,-12.5,1.0409846930146882,0.9860952330156099,7.929085842570717,8.370446094210992
2022-12-08,3.2450000000000045,3.1200000000000045,-12.5,1.0444545185404062,0.9864200780944726,7.881595030822751,8.34529601136123
2022-12-09,3.3499999999999943,3.25,-9.999999999999432,1.04375971337645,0.9895447725196135,8.124551269660195,8.56967722939966
2022-12-12,3.3599999999999994,3.260000000000005,-9.999999999999432,1.0410644204077368,0.9884743642947388,7.748563085182986,8.160811882080841
2022-12-13,3.4099999999999966,3.3349999999999937,-7.500000000000284,1.0509282229896362,0.9873430942884021,7.648172345723345,8.140716452979731
2022-12-14,3.5,3.450000000000003,-4.999999999999716,1.05974817772497,0.987504181981735,7.83964651443334,8.413180682441212
2022-12-15,3.3349999999999937,3.265000000000001,-6.9999999999992735,1.073194368806287,0.9885973040157175,8.186072416562036,8.886577764686253
2022-12-16,3.469999999999999,3.4000000000000057,-6.999999999999318,1.0601911061825313,0.9900136078953403,8.623827589814963,9.235130950785784
2022-12-19,3.5849999999999937,3.515000000000001,-6.9999999999992735,1.0554950564438552,0.9905164904632275,8.94171741584526,9.528300254878971
2022-12-20,3.7249999999999934,3.655000000000001,-6.999999999999229,1.0493615840118267,0.9910607465771121,9.32528388523549,9.873859602418712
2022-12-21,3.6650000000000063,3.594999999999999,-7.000000000000739,1.046332210450243,0.990410727721017,9.006846055199915,9.51539889295001
2022-12-22,3.7150000000000034,3.640000000000001,-7.50000000000024,1.041492585710175,0.9885213752835353,8.31404088648056,8.759559638330643
2022-12-23,3.75,3.680000000000007,-6.999999999999318,1.0402622703563182,0.9884844926987861,8.281765734320315,8.715572666012942
2022-12-27,3.75,3.680000000000007,-6.999999999999318,1.0403433584274793,0.9884899802774842,8.282043309432254,8.71649578962641
2022-12-28,3.765000000000001,3.7049999999999983,-6.000000000000272,1.0406212059894657,0.9882879136861236,8.256241108481563,8.693437873992409
2022-12-29,3.7750000000000057,3.7249999999999934,-5.000000000001226,1.0400938210070998,0.9862931999686666,7.668509273826306,8.08681344684904
2022-12-30,3.7750000000000057,3.7150000000000034,-6.000000000000227,1.0414939591191925,0.9859439368612709,7.6538060549270766,8.08503655476922
2023-01-02,3.7750000000000057,3.7150000000000034,-6.000000000000227,1.045511221945124,0.9859686302756842,7.560027975378611,8.016577651428289
2023-01-03,3.674999999999997,3.614999999999995,-6.000000000000227,1.0432097310294293,0.9868578175066709,7.807029694043711,8.25282953915198
2023-01-04,3.5,3.430000000000007,-6.999999999999318,1.0519277785119416,0.9889231799467649,8.341559158538896,8.87300244639843
2023-01-05,3.5849999999999937,3.510000000000005,-7.499999999998863,1.0438686909274935,0.9879261271727112,8.111223953448087,8.570532246512148
2023-01-06,3.4849999999999994,3.4200000000000017,-6.499999999999773,1.0376453662630243,0.9881181276918012,8.337165785405402,8.755047805064496
2023-01-09,3.4849999999999994,3.4350000000000023,-4.999999999999716,1.035616763623396,0.9874587625778097,8.232330433590302,8.633818164170053
2023-01-10,3.5,3.4650000000000034,-3.499999999999659,1.0378993168199537,0.9883908060019176,8.231719558910683,8.644046519419234
2023-01-11,3.3299999999999983,3.2900000000000063,-3.999999999999204,1.0412538549783064,0.9902972859474272,8.78353998753605,9.235504330023534
2023-01-12,3.2900000000000063,3.260000000000005,-3.0000000000001137,1.052025802099571,0.9919973788688823,8.658744168452667,9.182708012170481
2023-01-13,3.3149999999999977,3.2900000000000063,-2.4999999999991473,1.0606467781275926,0.9929172319710312,8.539647224133063,9.122159453958625
2023-01-16,3.3299999999999983,3.305000000000007,-2.4999999999991473,1.060282999813866,0.9928585040865516,8.518219149051282,9.096686904784447
2023-01-17,3.2849999999999966,3.25,-3.499999999999659,1.0565304100242137,0.9924517893771396,8.29036624123398,8.825641847649827
2023-01-18,3.2450000000000045,3.194999999999993,-5.000000000001137,1.0593822749511452,0.9920892723041261,8.321503096983273,8.885947190438616
2023-01-19,3.265000000000001,3.219999999999999,-4.500000000000215,1.058889312281524,0.9936578329944983,8.329355372388603,8.876159467728785
2023-01-20,3.2950000000000017,3.2549999999999955,-4.000000000000625,1.0588526619892769,0.993688741215226,8.344245728740733,8.891442999912291
2023-01-23,3.319999999999993,3.2849999999999966,-3.499999999999659,1.0500600302761458,0.9938923047842616,8.127645457920424,8.586962183463365
2023-01-24,3.2750000000000057,3.2450000000000045,-3.0000000000001137,1.0491418076148753,0.9938989915565244,8.163927525626198,8.617694307203847
2023-01-25,3.2099999999999937,3.1899999999999977,-1.999999999999602,1.0400515685431966,0.9945315324924292,8.177274368146978,8.551550911297108
2023-01-26,3.265000000000001,3.2450000000000045,-1.9999999999996465,1.0285927938372,0.9952264948770118,8.05871057253911,8.328889619802315
2023-01-27,3.2849999999999966,3.2549999999999955,-3.0000000000001137,1.010514495712544,0.9948557174532047,7.503255998212476,7.621355356579579
2023-01-30,3.2849999999999966,3.2450000000000045,-3.999999999999204,1.012744456855799,0.9938058481313553,7.04625522129851,7.180533230287549
2023-01-31,3.2750000000000057,3.2450000000000045,-3.0000000000001137,1.0152436657263506,0.9928580700814591,6.6642811824051735,6.814538211389127
2023-02-01,3.269999999999996,3.230000000000004,-3.999999999999204,1.019474212068341,0.9908719256373311,6.0322171444801045,6.206341769586921
2023-02-02,2.9549999999999983,2.930000000000007,-2.4999999999991473,0.9892285704326046,0.9940809572905627,8.120783609774383,8.081143796361406
2023-02-03,2.9950000000000045,2.9549999999999983,-4.000000000000625,0.9861220835308342,0.9934370272909308,8.09150256708249,8.031922659562541
2023-02-06,3.2150000000000034,3.174999999999997,-4.000000000000625,0.9872745037294719,0.9949454907080613,9.18740079311512,9.116566327800934
2023-02-07,3.269999999999996,3.219999999999999,-4.999999999999716,0.9844594865222084,0.9948201142126635,9.278636939134676,9.182003888166097
2023-02-08,3.2549999999999955,3.2049999999999983,-4.999999999999716,0.9831912497989385,0.9949910806828222,9.26022268295583,9.150403546154124
2023-02-09,3.25,3.194999999999993,-5.500000000000682,0.9818108530256464,0.9951388732202783,9.249184493408164,9.125309001223734
2023-02-10,3.375,3.3149999999999977,-6.000000000000227,0.9811261990781132,0.99565154881153,9.60543428565781,9.465302637686113
2023-02-13,3.3700000000000045,3.305000000000007,-6.499999999999773,0.9809595917108345,0.995605145975675,9.603474586727955,9.462205521617703
2023-02-14,3.4150000000000063,3.3149999999999977,-10.000000000000853,0.973556319709677,0.9933143436202475,9.517618266733676,9.328303242246625
2023-02-15,3.375,3.265000000000001,-10.999999999999899,0.9655202931129131,0.9926389386175808,9.00965318837031,8.76351173508853
2023-02-16,3.424999999999997,3.3349999999999937,-9.000000000000341,0.9713258277379038,0.9914194605898783,8.912344532022434,8.731713239219074
2023-02-17,3.424999999999997,3.3349999999999937,-9.000000000000341,0.9747828840238804,0.9912765996906908,8.731236038420906,8.585958197016742
2023-02-20,3.3599999999999994,3.280000000000001,-7.9999999999998295,0.971988068992345,0.9917644013000304,8.80642725056759,8.630822206141321
2023-02-21,3.515000000000001,3.424999999999997,-9.000000000000385,0.9682104988614298,0.993069354991906,9.270224860569273,9.03816938030734
2023-02-22,3.5349999999999966,3.444999999999993,-9.000000000000341,0.9614345584351887,0.9922230551380846,8.696494867962889,8.426644251024983
2023-02-23,3.5400000000000063,3.444999999999993,-9.500000000001307,0.963682432432426,0.992403725712662,8.651622663561042,8.401234857235918
2023-02-24,3.620000000000005,3.515000000000001,-10.500000000000398,0.9615160656525965,0.9926263679621873,8.745918588348646,8.471809235584647
2023-02-27,3.614999999999995,3.5,-11.499999999999488,0.9619624579143499,0.9925189815508091,8.749729059844604,8.4803525463476
2023-02-28,3.5799999999999983,3.4849999999999994,-9.499999999999886,0.955389493607407,0.9915815092671587,8.730133440277806,8.41148981569492
2023-03-01,3.569999999999993,3.469999999999999,-9.999999999999432,0.9522241467917774,0.9919933698077718,8.688164098490459,8.339853770872667
2023-03-02,3.640000000000001,3.549999999999997,-9.000000000000385,0.9557342932673284,0.9917964714501842,8.754063096051752,8.435761315110563
2023-03-03,3.625,3.5349999999999966,-9.000000000000341,0.9550804060731201,0.9919304131511527,8.76159330495198,8.436101948883309
2023-03-06,3.620000000000005,3.515000000000001,-10.500000000000398,0.955535593981576,0.9916295595815241,8.762183635884696,8.443252083594631
2023-03-07,3.614999999999995,3.5049999999999955,-10.999999999999943,0.9570360484690283,0.9915860936694411,8.705857454782334,8.402517411500776
2023-03-08,3.530000000000001,3.405000000000001,-12.5,0.967276881038052,0.9915654563407531,8.773719902044961,8.55880604521089
2023-03-09,3.5999999999999943,3.489999999999995,-10.999999999999943,0.9716617051171211,0.9908229299279481,8.804077555837097,8.633818164169993
2023-03-10,3.444999999999993,3.3349999999999937,-10.999999999999943,0.9731459496743472,0.9918942633145371,9.308814263293955,9.132863483174194
2023-03-13,3.3700000000000045,3.239999999999995,-13.000000000000966,0.9789542487889897,0.9915669796313705,9.423634386873776,9.303765768293083
2023-03-14,3.4950000000000045,3.3499999999999943,-14.500000000001023,0.9756827718204728,0.9921223621882472,9.679104166774065,9.518720212442238
2023-03-15,3.394999999999996,3.2349999999999994,-15.999999999999659,0.9805484740867254,0.9922505899391171,9.874281583062558,9.757829158427342
2023-03-16,3.364999999999995,3.2099999999999937,-15.500000000000114,1.0019608207568065,0.9888428005987088,7.864075162466299,7.968400234604729
2023-03-17,3.2249999999999943,3.075000000000003,-14.999999999999147,0.996611770163678,0.9900313523627733,8.329148374454489,8.384509526501676
2023-03-20,3.2450000000000045,3.0900000000000034,-15.500000000000114,0.9902530338238857,0.9870275705187355,7.308945864840727,7.332830442526823
2023-03-21,3.2750000000000057,3.1299999999999955,-14.500000000001023,0.9950324174295881,0.9864974844522826,7.2593380211798495,7.322144023675411
2023-03-22,3.3799999999999955,3.230000000000004,-14.999999999999147,0.9945842380891406,0.987346598385234,7.4995210575045075,7.554495502602965
2023-03-23,3.219999999999999,3.0999999999999943,-12.000000000000455,0.9672781096368329,0.9860818509809061,8.076573189339507,7.922559815046346
2023-03-24,3.1700000000000017,3.069999999999993,-10.000000000000853,0.9612230390870582,0.9835785060081818,7.760958140871966,7.584561603193818
2023-03-27,3.2750000000000057,3.1650000000000063,-10.999999999999943,0.9586800458664446,0.9845253390888162,8.025265419752209,7.814589950339894
2023-03-28,3.3499999999999943,3.2450000000000045,-10.499999999998977,0.9704208781452227,0.9878055088859113,8.10564228063439,7.96298909972242
2023-03-29,3.385000000000005,3.265000000000001,-12.00000000000041,0.9655975757151176,0.9874968689363651,8.100588881672977,7.920945607081525
2023-03-30,3.430000000000007,3.305000000000007,-12.5,0.9590717725614578,0.9886938153419025,8.090525891152023,7.848127384814524
2023-03-31,3.4099999999999966,3.280000000000001,-12.999999999999545,0.9595463088306891,0.9886748285787172,8.09890371465851,7.8602923229545825
2023-04-03,3.2750000000000057,3.155000000000001,-12.000000000000455,0.9583872931314268,0.9895102895351728,8.386856849624316,8.123065640649411
2023-04-04,3.319999999999993,3.219999999999999,-9.999999999999432,0.96689830485061,0.9869643839980252,7.899312497365338,7.738710724543295
2023-04-05,3.3499999999999943,3.280000000000001,-6.999999999999318,0.9730060899215941,0.9845040901718078,7.912978572260594,7.820563080530223
2023-04-06,3.364999999999995,3.2750000000000057,-8.99999999999892,0.9710241198433492,0.9834495157118699,7.9199478983539695,7.819883292776455
2023-04-10,3.364999999999995,3.2750000000000057,-8.99999999999892,0.9749222144158056,0.9830679682230445,7.753920031962337,7.689670635518721
2023-04-11,3.444999999999993,3.344999999999999,-9.999999999999432,0.9710613583481611,0.9837484543712529,7.92065537750464,7.818505163297242
2023-04-12,3.4599999999999937,3.3700000000000045,-8.99999999999892,0.9753059199647405,0.9845363687375016,7.9094007794303245,7.835246770461221
2023-04-13,3.4599999999999937,3.375,-8.499999999999375,0.9752200518201538,0.9845522963049363,7.908892129283437,7.8339263654217834
2023-04-14,3.5049999999999955,3.4150000000000063,-8.99999999999892,0.9692963393946412,0.9844572922715729,7.841479012497946,7.720717761880754
2023-04-17,3.5250000000000057,3.444999999999993,-8.00000000000125,0.9706787245944629,0.9842240345118157,7.851348811568442,7.74329520873737
2023-04-18,3.569999999999993,3.4849999999999994,-8.499999999999375,0.9693858760703682,0.9850090902348746,7.900603788944381,7.775292432686586
2023-04-19,3.6850000000000014,3.5849999999999937,-10.000000000000764,0.9621486581617901,0.985523681679471,8.181911644653555,7.987849968948875
2023-04-20,3.614999999999995,3.519999999999996,-9.499999999999886,0.9528774648928097,0.9860952158040434,8.131127221059579,7.857220853471662
2023-04-21,3.61,3.510000000000005,-9.999999999999476,0.9466674980847806,0.9863740713933583,8.032190980923067,7.708854440291992
2023-04-24,3.640000000000001,3.5250000000000057,-11.499999999999533,0.936127713842337,0.9837137253414804,7.490396149921403,7.128056916320117
2023-04-25,3.5649999999999977,3.469999999999999,-9.499999999999886,0.9160917597529417,0.9848316551235671,7.490396149921458,6.967576798054125
2023-04-26,3.5649999999999977,3.4749999999999943,-9.000000000000341,0.9211917401475744,0.9836928062679388,7.148346002727639,6.6941602616904845
2023-04-27,3.644999999999996,3.5450000000000017,-9.999999999999432,0.8994158878504925,0.9850214187824828,7.013943419992027,6.404380684658302
2023-04-28,3.594999999999999,3.4950000000000045,-9.999999999999432,0.9023307819992858,0.985072442373112,7.060982315823101,6.467891518080392
2023-05-01,3.594999999999999,3.4950000000000045,-9.999999999999432,0.8885584897425097,0.9825885896867851,6.49101943714021,5.869852844304966
2023-05-02,3.5450000000000017,3.444999999999993,-10.000000000000853,0.8931267381804191,0.9830733543576711,6.587605917489025,5.984870772282559
2023-05-03,3.569999999999993,3.480000000000004,-8.99999999999892,0.8926522952874649,0.9830837662292286,6.583002319628049,5.9774480388769655
2023-05-04,3.5649999999999977,3.5,-6.499999999999773,0.8877119402237714,0.9793194817018452,6.336380089899687,5.743662174294034
2023-05-05,3.655000000000001,3.605000000000004,-4.999999999999716,0.9209214280001348,0.9745930949172827,5.68626597071002,5.373118489187831
2023-05-08,3.655000000000001,3.605000000000004,-4.999999999999716,0.9308141640586808,0.9750059900694475,5.5626267259230815,5.31050249803262
2023-05-09,3.694999999999993,3.61,-8.49999999999933,0.9258538957092729,0.9650414238779323,5.326252483429668,5.109968846206035
2023-05-10,3.635000000000005,3.5600000000000023,-7.500000000000284,0.9159648754757942,0.9652434033662519,5.363269075145588,5.089458341208557
2023-05-11,3.530000000000001,3.4650000000000034,-6.499999999999773,0.9210722068102677,0.9708108716231902,5.730263479128094,5.436678330043867
2023-05-12,3.5900000000000034,3.530000000000001,-6.000000000000227,0.9268296889011695,0.9713659769388558,5.772905402101143,5.508222693517378
2023-05-15,3.620000000000005,3.5600000000000023,-6.000000000000272,0.9242204496011776,0.9716467906189061,5.769419979213763,5.487813039273787
2023-05-16,3.620000000000005,3.5600000000000023,-6.000000000000272,0.9186755927843614,0.9639236595361503,5.112779795901582,4.872778008204539
2023-05-17,3.640000000000001,3.575000000000003,-6.499999999999817,0.9083671557914526,0.9657132250127783,5.076540590580998,4.775085002553325
2023-05-18,3.730000000000004,3.6650000000000063,-6.499999999999773,0.9076404122345996,0.9743640553544808,5.269844814396019,4.908970208276653
2023-05-19,3.7900000000000063,3.7249999999999934,-6.5000000000012825,0.9101717970678607,0.9778651571238596,5.340288209537021,4.970603238212077
2023-05-22,3.86,3.7950000000000017,-6.499999999999817,0.9123833484480663,0.9785815122727918,5.428453135864414,5.061234232282039
2023-05-23,3.9650000000000034,3.885000000000005,-7.9999999999998295,0.9081468753502031,0.9790473782862344,5.54718526532301,5.145470053257186
2023-05-24,3.9749999999999934,3.885000000000005,-8.999999999998831,0.9092784274927542,0.978909217649373,5.548661431206773,5.153979602901761
2023-05-25,4.150000000000006,4.015000000000001,-13.500000000000512,0.8686658398298932,0.9777560581507504,6.238921215325326,5.542832173694932
2023-05-26,4.174999999999997,4.040000000000006,-13.49999999999909,0.8688011626527312,0.9776500196118836,6.22527292482086,5.532168205818742
2023-05-30,4.114999999999995,3.9749999999999934,-14.000000000000146,0.8783488398161559,0.9790480772553024,6.4043806846583555,5.745663032075781
2023-05-31,4.015000000000001,3.885000000000005,-12.999999999999545,0.8805563802436837,0.9811170408204887,6.744708440994673,6.053402197187952
2023-06-01,3.9599999999999937,3.8149999999999977,-14.499999999999602,0.8929884410293725,0.9786873525057707,6.586406237580424,6.009666542664756
2023-06-02,3.980000000000004,3.8349999999999937,-14.500000000001023,0.8918058648201521,0.9775106741870826,6.416147911557974,5.853601897329118
2023-06-05,4.084999999999994,3.9350000000000014,-14.999999999999236,0.8956567276535967,0.9789887093632154,6.625555712975916,6.06158527878276
2023-06-06,4.069999999999993,3.9200000000000017,-14.999999999999147,0.8974632774247427,0.9798264256212224,6.643292356455043,6.084864395583974
2023-06-07,4.090000000000003,3.9399999999999977,-15.000000000000568,0.906775237498704,0.9796462618035776,6.425635618633286,5.9476644696619925
2023-06-08,4.109999999999999,3.9749999999999934,-13.5000000000006,0.9078285383332592,0.9784039127802193,6.417222695717928,5.954328088752514
2023-06-09,4.069999999999993,3.930000000000007,-13.999999999998636,0.9134348299989393,0.9781881720427259,6.392456941358873,5.9692940340017095
2023-06-12,4.180000000000007,4.045000000000002,-13.500000000000512,0.9218326644528927,0.9784940109437601,6.5051040968109515,6.128415069523944
2023-06-13,4.329999999999998,4.144999999999996,-18.500000000000227,0.8867927931177418,0.9739567591868579,6.9136920622078275,6.294953278747131
2023-06-14,4.275000000000006,4.099999999999994,-17.500000000001137,0.8816242586569611,0.9739017555600263,6.932847020964239,6.27595759053234
2023-06-15,4.275000000000006,4.069999999999993,-20.50000000000125,0.8865905721379593,0.9713553343950614,6.947028637953964,6.3408001960664455
2023-06-16,4.314999999999998,4.099999999999994,-21.50000000000034,0.891639756010034,0.9743331588356128,6.9319350933149835,6.34360932831967
2023-06-19,4.409999999999997,4.170000000000002,-23.99999999999949,0.8729266971772638,0.9763329335530059,6.948682997683764,6.212727943966857
2023-06-20,4.219999999999999,3.980000000000004,-23.99999999999949,0.8970282002520469,0.9818449520953435,7.975915614213686,7.286915529291779
2023-06-21,4.305000000000007,4.064999999999998,-24.00000000000091,0.904307659634703,0.984310006361308,8.05897800200387,7.403963679065316
2023-06-22,4.2450000000000045,4.045000000000002,-20.000000000000284,0.8915121053376556,0.9797957966910942,8.058978002003919,7.332830442526914
2023-06-23,4.194999999999993,3.969999999999999,-22.49999999999943,0.9034937388780969,0.976704078391192,7.823134715803562,7.236739756191991
2023-06-26,4.204999999999998,3.9599999999999937,-24.500000000000455,0.9013016877936424,0.9763384302653714,7.792956590010923,7.1940268965653065
2023-06-27,4.340000000000003,4.049999999999997,-29.000000000000625,0.8848863696561774,0.9751317262416358,8.068029712902515,7.321359084935951
2023-06-28,4.269999999999996,4.030000000000001,-23.99999999999949,0.8636132746359404,0.9686496667093146,8.239238889076272,7.345809658589668
2023-06-29,4.290000000000006,4.030000000000001,-26.00000000000051,0.8637402641381408,0.9680577685313411,8.23923888907627,7.351381917160433
2023-06-30,4.340000000000003,4.064999999999998,-27.50000000000057,0.8573180844447268,0.9677736302783829,8.156796756897622,7.225831694563614
2023-07-03,4.435000000000002,4.144999999999996,-29.000000000000625,0.8558333227530475,0.9687813635286676,8.240093320529605,7.27939936893239
2023-07-04,4.435000000000002,4.135000000000005,-29.999999999999716,0.8526034427456175,0.9688624119727655,8.197017259590547,7.213413431471425
2023-07-05,4.519999999999996,4.209999999999994,-31.000000000000227,0.8527429845026627,0.9683143721743321,8.13268204477349,7.16202068063779
2023-07-06,4.635000000000005,4.329999999999998,-30.500000000000682,0.8649840542156388,0.9684997719580414,8.31865373723431,7.429534878156628
2023-07-07,4.614999999999995,4.355000000000004,-25.99999999999909,0.8711097360315917,0.9594251039867324,7.829376599132001,7.108680140035311
2023-07-10,4.6200000000000045,4.359999999999999,-26.00000000000051,0.8706458099929932,0.9594560356666818,7.829523407054255,7.104798443273341
2023-07-11,4.635000000000005,4.385000000000005,-25.0,0.865726025273249,0.9575034575711608,7.701022472791385,6.962873630578162
2023-07-12,4.480000000000004,4.25,-23.000000000000398,0.863963688154707,0.9607430823844237,8.047649046300139,7.236978000153961
2023-07-13,4.375,4.174999999999997,-20.000000000000284,0.8463426275972294,0.9619005109712161,8.247970840667872,7.2571011596489985
2023-07-14,4.359999999999999,4.174999999999997,-18.500000000000227,0.8445069094948567,0.9614331026654385,8.263685966149014,7.258684849690472
2023-07-17,4.375,4.189999999999998,-18.500000000000227,0.839169338077263,0.9596617963109432,8.07820965711897,7.063932186185933
2023-07-18,4.295000000000002,4.094999999999999,-20.000000000000284,0.8514278445589011,0.9598199003237472,8.232347886486588,7.302672318302716
2023-07-19,4.084999999999994,3.9350000000000014,-14.999999999999236,0.8343489178771305,0.9649372283263735,9.133571395504879,7.897493418727828
2023-07-20,4.140000000000001,3.9650000000000034,-17.499999999999716,0.829420906265308,0.9652447188424207,9.182442016114992,7.890340376965162
2023-07-21,4.150000000000006,3.995000000000005,-15.50000000000007,0.8282384593210547,0.963921253428214,9.1507803825247,7.8627047786865925
2023-07-24,4.135000000000005,3.985,-15.000000000000524,0.8165464123838277,0.9629384259074004,8.927051102089244,7.569904112725728
2023-07-25,4.165000000000006,3.995000000000005,-17.000000000000128,0.8303880575556575,0.9614660166680732,8.48258865823582,7.326145903072346
2023-07-26,4.204999999999998,4.010000000000005,-19.499999999999318,0.8270482082184522,0.9601153085269081,8.468738998805456,7.295014830643633
2023-07-27,4.234999999999999,4.069999999999993,-16.500000000000625,0.8326687825961884,0.9597930512108362,8.48927653525066,7.364874697531825
2023-07-28,4.209999999999994,4.060000000000002,-14.999999999999147,0.8325890976493097,0.9593424275119105,8.46305357788031,7.344870756982807
2023-07-31,4.174999999999997,4.019999999999996,-15.500000000000114,0.8398251309208006,0.9581497217354701,8.271975260640437,7.2504458840295305
2023-08-01,4.299999999999997,4.135000000000005,-16.499999999999204,0.8112332021679128,0.9552286914184926,7.8693352185310586,6.683076069230907
2023-08-02,4.265000000000001,4.125,-14.000000000000057,0.801770777377003,0.9526090873522147,7.7403258121454055,6.514704852128424
2023-08-03,4.340000000000003,4.209999999999994,-13.000000000000966,0.8197019403785575,0.9557226283103051,7.779818424143796,6.672576403614236
2023-08-04,4.290000000000006,4.150000000000006,-14.000000000000057,0.8151584064872094,0.958617691773108,7.7798184241437625,6.615551166862752
2023-08-07,4.364999999999995,4.230000000000004,-13.49999999999909,0.8216772239560977,0.9613086248833953,7.889247738856979,6.743323645881391
2023-08-08,4.329999999999998,4.180000000000007,-14.999999999999147,0.8481664773648946,0.9605607627934771,7.528031905340067,6.647184176120272
2023-08-09,4.314999999999998,4.180000000000007,-13.49999999999909,0.862898046770965,0.9652635393731728,7.418697255281334,6.631949835507585
2023-08-10,4.275000000000006,4.144999999999996,-13.000000000000966,0.8665982874104331,0.9674209656199246,7.447922644881532,6.671715042565528
2023-08-11,4.424999999999997,4.280000000000001,-14.499999999999602,0.8704933082980777,0.9716393583451847,7.892252129662442,7.070681737278614
2023-08-14,4.474999999999994,4.329999999999998,-14.499999999999602,0.8749641415976578,0.9711378365053466,7.752567242570367,6.984815221475882
2023-08-15,4.484999999999999,4.344999999999999,-14.000000000000057,0.8748805199770583,0.9719415227421756,7.7541238564785395,6.9797737341056205
2023-08-16,4.5,4.364999999999995,-13.500000000000512,0.8775158766498783,0.9710858479252883,7.598472320749494,6.8663137393959035
2023-08-17,4.635000000000005,4.4950000000000045,-14.000000000000057,0.8731516381559938,0.9721435301545172,7.711388801077265,6.926149848518964
2023-08-18,4.625,4.474999999999994,-15.000000000000568,0.8785241267136661,0.9765540127208885,7.704603788659761,6.931188881450733
2023-08-21,4.670000000000002,4.510000000000005,-15.999999999999659,0.8765319800842728,0.9765042488545876,7.747450451971126,6.954284216619199
2023-08-22,4.625,4.459999999999994,-16.500000000000625,0.8793857987269026,0.9765106973619518,7.789176103274121,7.0144555174937535
2023-08-23,4.409999999999997,4.275000000000006,-13.49999999999909,0.8768688127146557,0.9789337250538028,8.262642698786932,7.401168748959497
2023-08-24,4.364999999999995,4.215000000000003,-14.999999999999147,0.8902527139433196,0.9777869562802566,8.076075068109992,7.353082081138082
2023-08-25,4.424999999999997,4.260000000000005,-16.499999999999204,0.88827909434681,0.9782181997013466,8.144898269229193,7.396041967269329
2023-08-29,4.364999999999995,4.219999999999999,-14.499999999999602,0.8844458813319913,0.9779720054978679,8.218915665259289,7.432918394686513
2023-08-30,4.329999999999998,4.194999999999993,-13.500000000000512,0.8726908806446947,0.9790109530200407,8.108832278419692,7.22821737614344
2023-08-31,4.265000000000001,4.135000000000005,-12.999999999999545,0.9055551846164198,0.97756942511132,7.1864335790575895,6.657033269709795
2023-09-01,4.299999999999997,4.170000000000002,-12.999999999999545,0.9130209856272177,0.9794575165213664,7.148587192625827,6.663699052138479
2023-09-04,4.3700000000000045,4.239999999999995,-13.000000000000966,0.9143876858400343,0.9813336958018642,7.2453710946265675,6.75109612215486
2023-09-05,4.405000000000001,4.265000000000001,-14.000000000000057,0.9132987796877104,0.981079872047434,7.2497324564189745,6.748861121461997
2023-09-06,4.474999999999994,4.329999999999998,-14.499999999999602,0.9156208506446288,0.9828412193916911,7.3260674558602945,6.825008946985811
2023-09-07,4.390000000000001,4.269999999999996,-12.000000000000455,0.9114545333952464,0.9846735010445301,7.504806888706772,6.946759767284853
2023-09-08,4.314999999999998,4.209999999999994,-10.500000000000398,0.9042232128767652,0.9879888613509118,7.633561709177127,6.9863578066328
2023-09-11,4.359999999999999,4.254999999999996,-10.500000000000309,0.9065351780983347,0.9884755108874671,7.65303635933088,7.018632836710587
2023-09-12,4.295000000000002,4.204999999999998,-9.000000000000341,0.9014556377079587,0.9888068764112675,7.726354361802013,7.043807910857421
2023-09-13,4.194999999999993,4.105000000000004,-8.99999999999892,0.9087898811210684,0.9881389927115499,7.602347641036422,6.9918671967186805
2023-09-14,4.069999999999993,4.0,-6.999999999999318,0.9076791408417633,0.9901187893633259,7.902585783714417,7.2445976701469155
2023-09-15,4.125,4.049999999999997,-7.500000000000284,0.900098652989278,0.9906274945760528,7.839646514433173,7.123217663742771
2023-09-18,4.219999999999999,4.144999999999996,-7.500000000000284,0.9003509965795752,0.9917014066333634,8.011557743114896,7.273574434724045
2023-09-19,4.170000000000002,4.090000000000003,-7.9999999999998295,0.8984786223767541,0.9914312349001907,7.92002046322681,7.177471139198176
2023-09-20,4.0,3.9399999999999977,-6.000000000000227,0.8949908310008692,0.9936005295072501,8.453116136301082,7.6141882081391925
2023-09-21,4.034999999999997,3.9749999999999934,-6.000000000000316,0.8956922782813724,0.9940633380265538,8.494149440211434,7.653580786179434
2023-09-22,4.0,3.9399999999999977,-6.000000000000227,0.8962292368741126,0.9939875747898317,8.488413333452893,7.653580786179415
2023-09-25,4.075000000000003,4.015000000000001,-6.000000000000227,0.8998337853206061,0.9933489359755096,8.105270032445082,7.342229452511887
2023-09-26,4.049999999999997,3.995000000000005,-5.499999999999217,0.8986364346448119,0.9932322241748892,8.023761407621658,7.259575523514371
2023-09-27,4.129999999999996,4.060000000000002,-6.999999999999407,0.8941524194893549,0.9933141083431808,8.19638622360114,7.378148071536438
2023-09-28,4.355000000000004,4.284999999999997,-7.000000000000739,0.9147214618603382,0.994105384269929,9.261044974677077,8.521507610395108
2023-09-29,4.185000000000002,4.125,-6.000000000000227,0.9157292283402129,0.9941966052924575,9.346767835220897,8.60907033041434
2023-10-02,4.314999999999998,4.25,-6.499999999999773,0.9180784079698693,0.9949508360056166,9.714842300291986,8.964248915591705
2023-10-03,4.334999999999994,4.269999999999996,-6.499999999999773,0.9197553407950239,0.9950829574425897,9.676387304380182,8.943886372728182
2023-10-04,4.385000000000005,4.325000000000003,-6.000000000000227,0.9197129605959621,0.9953007090809788,9.717208340415318,8.979238505459579
2023-10-05,4.305000000000007,4.25,-5.500000000000682,0.929974634643328,0.9949299165107703,9.012586983654193,8.424188626982843
2023-10-06,4.340000000000003,4.290000000000006,-4.999999999999716,0.926876384581286,0.9959168993173847,9.003910389317097,8.379727178506801
2023-10-09,4.25,4.194999999999993,-5.500000000000682,0.9359469134724397,0.9960342643134813,9.070683483099641,8.523480078212046
2023-10-10,4.194999999999993,4.140000000000001,-5.499999999999261,0.9402948506146056,0.9963825454516134,9.060841604106912,8.55079481416915
2023-10-11,4.105000000000004,4.030000000000001,-7.500000000000284,0.9503556988586779,0.9949876900407968,9.177136132051675,8.765478919583007
2023-10-12,4.194999999999993,4.1200000000000045,-7.499999999998863,0.9514427634829211,0.9950900482796783,9.278017525064458,8.87105910560695
2023-10-13,4.159999999999997,4.079999999999998,-7.9999999999998295,0.9524711013593,0.9949422190789263,9.2689073616129,8.873245334071436
2023-10-16,4.234999999999999,4.159999999999997,-7.500000000000284,0.9541748777096404,0.9948770676138954,9.283234795902922,8.903441153161857
2023-10-17,4.280000000000001,4.219999999999999,-6.000000000000227,0.9587659694648829,0.994706679482196,9.299687919618577,8.963671892316425
2023-10-18,4.459999999999994,4.385000000000005,-7.499999999998863,0.9534103849292132,0.995042942213343,9.805302928377158,9.395049442285515
2023-10-19,4.510000000000005,4.435000000000002,-7.500000000000284,0.9595058840727991,0.995742409602948,9.713481566252755,9.359993737103746
2023-10-20,4.435000000000002,4.390000000000001,-4.5000000000001705,0.9551750603026066,0.9946746637015605,9.713481566252755,9.327748739740194
2023-10-23,4.400000000000006,4.355000000000004,-4.5000000000001705,0.9556993680923189,0.9946465964387795,9.706852657053574,9.326762876106958
2023-10-24,4.299999999999997,4.269999999999996,-3.0000000000001137,0.9549940428022383,0.9948059330167701,9.809815047408867,9.41722864765956
2023-10-25,4.334999999999994,4.305000000000007,-2.9999999999986926,0.9524192152693681,0.9946878282598872,9.642697195048864,9.232937042825716
2023-10-26,4.284999999999997,4.269999999999996,-1.5000000000000568,0.9562102092508544,0.9945178597253972,9.388807839320123,9.02716207744247
2023-10-27,4.219999999999999,4.204999999999998,-1.5000000000000568,0.9584809276403162,0.9945923838967337,9.433508994749698,9.090999085239076
2023-10-30,4.25,4.2450000000000045,-0.49999999999954525,0.9588562065382532,0.9942617904763505,9.288851307922322,8.958076045490097
2023-10-31,4.209999999999994,4.200000000000003,-0.9999999999990905,0.958409659174485,0.9942518099115165,9.271697137854149,8.93745830309392
2023-11-01,4.155000000000001,4.140000000000001,-1.5000000000000568,0.969316153273288,0.993848767175932,8.762659151324968,8.546357696999301
2023-11-02,4.025000000000006,4.015000000000001,-1.0000000000005116,0.9697535682426504,0.9942738866737101,9.080989363284816,8.857038242933324
2023-11-03,3.9150000000000063,3.9000000000000057,-1.5000000000000568,0.9736872833546371,0.9943796189491098,9.280758119052983,9.087632115753031
2023-11-06,3.989999999999995,3.9749999999999934,-1.5000000000001457,0.9736872833546366,0.9943796189491099,9.280758119052942,9.087632115752987
2023-11-07,3.9150000000000063,3.890000000000001,-2.500000000000524,0.9776351862588154,0.9942054523743039,9.366438619549681,9.210329658258354
2023-11-08,3.905000000000001,3.875,-3.0000000000001137,0.9826949349795167,0.9944449584567041,9.229590718313837,9.120537012824373
2023-11-09,3.905000000000001,3.879999999999996,-2.500000000000524,0.9796185001306786,0.992786910132183,8.122977201783046,8.015233341409516
2023-11-10,3.985,3.9549999999999983,-3.000000000000158,0.9823546289212307,0.9921673094437166,7.75190002663771,7.67523259597393
2023-11-13,4.015000000000001,3.9749999999999934,-4.000000000000714,0.9829182630907128,0.9910066274188155,7.348469228349376,7.288492741080516
2023-11-14,3.819999999999993,3.780000000000001,-3.999999999999204,0.9867513635700255,0.9925307791424864,8.059780237156783,8.012848877049764
2023-11-15,3.864999999999995,3.8349999999999937,-3.0000000000001137,0.9882548250208768,0.992333250635784,8.045917076952362,8.01284887704972
2023-11-16,3.769999999999996,3.735,-3.4999999999996145,0.9921334849276446,0.9923949040515615,8.090738994137842,8.08860771163019
2023-11-17,3.765000000000001,3.730000000000004,-3.4999999999997033,0.9907162098982648,0.9923280609874376,8.0334251437496,8.020376349125314
2023-11-20,3.765000000000001,3.719999999999999,-4.500000000000215,0.9873057101440034,0.9918883600785188,7.927128598432739,7.890504259631518
2023-11-21,3.754999999999996,3.7049999999999983,-4.99999999999976,0.986985555904008,0.9917421734948573,7.893617383829602,7.855757826873338
2023-11-22,3.8499999999999934,3.7900000000000063,-5.9999999999987175,0.972849400911753,0.9928857838592936,8.00662441249476,7.84505115255512
2023-11-23,3.9350000000000014,3.86,-7.500000000000151,0.9651250811044567,0.9923251993545097,7.985907127163317,7.767009513423306
2023-11-24,3.985,3.9150000000000063,-6.999999999999362,0.9663028740358708,0.9924204908359407,8.039861181394345,7.82827545195768
2023-11-27,3.890000000000001,3.825000000000003,-6.499999999999817,0.9621622340779368,0.9925319220684176,8.049576986101313,7.803274437953749
2023-11-28,3.8100000000000014,3.745000000000005,-6.499999999999639,0.9577612677796196,0.9933230493531374,8.07052249444438,7.781591156025833
2023-11-29,3.694999999999993,3.644999999999996,-4.999999999999716,0.960096466593663,0.991828013115783,7.371134287859374,7.135309641365246
2023-11-30,3.7900000000000063,3.75,-4.000000000000625,0.9691257816257643,0.9918563734606203,7.573092112072352,7.399537885539856
2023-12-01,3.730000000000004,3.7150000000000034,-1.5000000000000568,0.9726073057285094,0.9925682503572453,7.5431517239835415,7.391455924894265
2023-12-04,3.799999999999997,3.7849999999999966,-1.5000000000000568,0.9733044733044558,0.9929270707276465,7.729254770697227,7.576506337083144
2023-12-05,3.6700000000000017,3.644999999999996,-2.5000000000005684,0.9870333109769593,0.993343174046758,7.854715254173008,7.804820938692708
2023-12-06,3.620000000000005,3.5900000000000034,-3.000000000000158,0.9876689612162654,0.9931741951559038,7.798854174606799,7.75562458114601
2023-12-07,3.605000000000004,3.5649999999999977,-4.000000000000625,0.9895203050017802,0.9935686175664912,7.784526355194191,7.7528081675452665
2023-12-08,3.644999999999996,3.5999999999999943,-4.5000000000001705,0.9884509753291979,0.9935859902074298,7.823575482689062,7.783141965207408
2023-12-11,3.7249999999999934,3.6850000000000014,-3.999999999999204,0.9892473118279418,0.99407467392503,7.983549897477755,7.94478069111308
2023-12-12,3.5900000000000034,3.5649999999999977,-2.5000000000005684,0.9802362217991216,0.9939008175523047,8.259512106043795,8.145956616346583
2023-12-13,3.4350000000000023,3.4200000000000017,-1.5000000000000568,0.9746932873069829,0.9942492857191253,8.597714211066315,8.428604825850053
2023-12-14,3.325000000000003,3.319999999999993,-0.5000000000009663,0.9726466629720446,0.9939874635217238,8.52009119804407,8.33716578540524
2023-12-15,3.2549999999999955,3.2450000000000045,-0.9999999999990905,0.970920879442294,0.9938497632448574,8.410379465792284,8.216345497441772
2023-12-18,3.230000000000004,3.2150000000000034,-1.5000000000000568,0.9695491222982204,0.9934799248496796,8.208420123235701,8.01069687154715
2023-12-19,3.114999999999995,3.0900000000000034,-2.4999999999991473,0.9723766072169086,0.9936218680227268,8.323557484357504,8.145586210497266
2023-12-20,3.0349999999999966,3.030000000000001,-0.49999999999954525,0.9681536494196215,0.9928674291368289,8.373192033363843,8.164772240982968
2023-12-21,2.9749999999999943,2.9849999999999994,1.0000000000005116,0.9654977375565491,0.9924565532186655,8.373192033363845,8.145744957923734
2023-12-22,2.950000000000003,2.9650000000000034,1.5000000000000568,0.9671024165104024,0.9919636532001573,8.108477896196371,7.905257962158821
2023-12-27,2.905000000000001,2.924999999999997,1.999999999999602,0.9703373920506223,0.9920740966779998,8.017867976996964,7.842193570679047
2023-12-28,2.9200000000000017,2.9350000000000023,1.5000000000000568,0.9620467117393984,0.9908634935195979,7.490223513077758,7.272389131376408
2023-12-29,2.969999999999999,2.980000000000004,1.0000000000005116,0.9551509157920025,0.9911741073869259,7.50802252919177,7.235151262627806
2024-01-02,3.0250000000000057,3.0400000000000063,1.5000000000000568,0.9548310187164637,0.991410429050246,7.558374361495121,7.2794980564613585
2024-01-03,3.0600000000000023,3.0799999999999983,1.999999999999602,0.9570072419768131,0.9915000772505868,7.629513926759785,7.364094313455835
2024-01-04,3.140000000000001,3.155000000000001,1.5000000000000124,0.9569240810237603,0.9923055612839993,7.851074309678433,7.571137724066518
2024-01-05,3.2150000000000034,3.2349999999999994,1.999999999999602,0.9607367523190157,0.9927234227419397,8.04255920840441,7.783418862903609
2024-01-08,3.2249999999999943,3.2450000000000045,2.000000000001023,0.9657360104550325,0.9925006871155188,7.77605002703747,7.56635398614677
2024-01-09,3.230000000000004,3.25,1.999999999999602,0.9746821985632574,0.9928242308594479,7.534003377790074,7.396333356903139
2024-01-10,3.2450000000000045,3.260000000000005,1.5000000000000568,0.9711893596713346,0.9924930846607202,7.442808764092437,7.283049916892995
2024-01-11,3.2849999999999966,3.2950000000000017,1.0000000000005116,0.9689999947679376,0.9922854422656427,7.410946392788302,7.237037559919038
2024-01-12,3.2049999999999983,3.230000000000004,2.5000000000005684,0.9633650571080332,0.9919258407223095,7.410946392788298,7.1975610492355
2024-01-15,3.1899999999999977,3.2150000000000034,2.5000000000005684,0.9689113125038271,0.9917833329380052,7.191330188849431,7.025487261704206
2024-01-16,3.1850000000000023,3.219999999999999,3.499999999999659,0.9605716054853858,0.9911421223221871,6.8801104308164005,6.667902184362766
2024-01-17,3.394999999999996,3.394999999999996,0.0,0.9323029698274273,0.9926258676576453,8.013655730122007,7.52665760564696
2024-01-18,3.3499999999999943,3.3599999999999994,1.0000000000005116,0.9287496534516365,0.9922531086404512,7.886041793727189,7.381341030077037
2024-01-19,3.3799999999999955,3.3799999999999955,0.0,0.9133474618233782,0.9926370474294662,7.617961232070686,7.0094558465238626
2024-01-22,3.364999999999995,3.3599999999999994,-0.49999999999954525,0.9112701198566039,0.9927029333958678,7.580771955960326,6.958910603076399
2024-01-23,3.4650000000000034,3.4650000000000034,0.0,0.9187209650831804,0.9931758147718962,7.833321105395158,7.2460849516436765
2024-01-24,3.515000000000001,3.510000000000005,-0.49999999999958966,0.9188167135485646,0.9932267706697432,7.855081084914032,7.2665981226336145
2024-01-25,3.480000000000004,3.489999999999995,0.9999999999990905,0.9116974307144071,0.992841241515121,7.708574864187362,7.078561611143793
2024-01-26,3.4599999999999937,3.4749999999999943,1.5000000000000568,0.9132553814582811,0.9921232921915097,7.332889223751896,6.74996807144426
2024-01-29,3.3799999999999955,3.394999999999996,1.5000000000000568,0.9128440091515606,0.9909750996952944,6.917597915428492,6.372196250702835
2024-01-30,3.424999999999997,3.4350000000000023,1.0000000000005116,0.9118448365334666,0.9902255166290073,6.655738169032279,6.128907386078371
2024-01-31,3.2900000000000063,3.299999999999997,0.9999999999990905,0.9180180761403319,0.9912158668204529,6.999610005556334,6.482713530046222
2024-02-01,3.200000000000003,3.219999999999999,1.999999999999602,0.9156582202313409,0.9918467044300426,7.1816336629603414,6.629978068998633
2024-02-02,3.4200000000000017,3.424999999999997,0.49999999999954525,0.9041966157360606,0.9946486482071696,7.914939315485293,7.195165203027024
2024-02-05,3.555000000000007,3.549999999999997,-0.5000000000009663,0.9101748525126245,0.995251400373692,8.042702124986576,7.355192082788381
2024-02-06,3.469999999999999,3.4599999999999937,-1.0000000000005116,0.9208830688726101,0.995170934306296,8.137980347600424,7.530493565054933
2024-02-07,3.4849999999999994,3.480000000000004,-0.49999999999954525,0.9213369478105173,0.9950556034220318,8.100322825977825,7.500210725009049
2024-02-08,3.5799999999999983,3.5600000000000023,-1.999999999999602,0.9184658534994492,0.9948663521354827,8.129077226335344,7.5048068887068515
2024-02-09,3.6650000000000063,3.629999999999996,-3.5000000000010356,0.91561037420698,0.9947720935991703,8.206897155413875,7.553810791333366
2024-02-12,3.620000000000005,3.5900000000000034,-3.000000000000158,0.9155235864837694,0.9948767097055577,8.289308998834654,7.62813907497275
2024-02-13,3.7150000000000034,3.6650000000000063,-4.999999999999716,0.9096717122075856,0.9947736204753226,8.376485972135292,7.6598858068976705
2024-02-14,3.5900000000000034,3.5649999999999977,-2.5000000000005684,0.9002614534434643,0.994883474017974,8.796289708944233,7.959686501075456
2024-02-15,3.569999999999993,3.5450000000000017,-2.4999999999991473,0.8998059450027086,0.9948227862927874,8.741235347609582,7.9063483876936855
2024-02-16,3.640000000000001,3.605000000000004,-3.4999999999997033,0.8956090571444737,0.9951954176676413,8.729738445871897,7.856178474925677
2024-02-19,3.674999999999997,3.635000000000005,-3.999999999999204,0.8955510388437232,0.9952065564818008,8.737552722942926,7.862613411275726
2024-02-20,3.61,3.569999999999993,-4.00000000000067,0.8977527431476302,0.9952592360052211,8.857816860842759,7.990008127971997
2024-02-21,3.694999999999993,3.6500000000000057,-4.4999999999987494,0.8990756663800622,0.9953501302655375,8.955830310569992,8.089584619147422
2024-02-22,3.7150000000000034,3.6599999999999966,-5.500000000000682,0.8989453416863133,0.9951937843823384,8.944014886998502,8.079009982593929
2024-02-23,3.6850000000000014,3.629999999999996,-5.500000000000549,0.9026759123438781,0.9952451190927664,8.807716052925748,7.9884974778756055
2024-02-26,3.730000000000004,3.6700000000000017,-6.000000000000227,0.9026832198638475,0.9952399037378639,8.80301672429834,7.98434171636461
2024-02-27,3.760000000000005,3.7049999999999983,-5.500000000000682,0.9042594690988892,0.9953331026374385,8.794672499179068,7.989954181101033
2024-02-28,3.7750000000000057,3.7150000000000034,-6.000000000000227,0.9187458698719512,0.9952799429332067,8.022310843165402,7.405418954053831
2024-02-29,3.7099999999999937,3.6500000000000057,-5.999999999998806,0.9227011038926779,0.9955158387109581,8.079988050520475,7.488995758529084
2024-03-01,3.674999999999997,3.61,-6.499999999999728,0.924841575478987,0.9955786226143604,8.117120405547938,7.540389331086976
2024-03-04,3.719999999999999,3.655000000000001,-6.499999999999773,0.9250159859758474,0.9955976810422986,8.12773384599091,7.551527972049516
2024-03-05,3.61,3.5400000000000063,-6.999999999999362,0.925514245020271,0.9959022871557117,8.245671103920177,7.662886374350647
2024-03-06,3.5799999999999983,3.510000000000005,-6.999999999999318,0.9253869587569781,0.9958808965180243,8.22389635540047,7.64176365272702
2024-03-07,3.5900000000000034,3.519999999999996,-7.000000000000739,0.9283342462001932,0.9964840223897588,8.194755822384653,7.634314548189073
2024-03-08,3.5450000000000017,3.4849999999999994,-6.000000000000227,0.926793899279601,0.9963642479892347,8.232278074679686,7.657465743259776
2024-03-11,3.5049999999999955,3.450000000000003,-5.499999999999261,0.9242203312368056,0.9962386057333664,8.125187884653569,7.537816538024863
2024-03-12,3.4749999999999943,3.430000000000007,-4.4999999999987494,0.9225056788397671,0.9959332335319542,8.110586242399735,7.512613913684992
2024-03-13,3.555000000000007,3.5,-5.500000000000682,0.9145320510703924,0.9958188080355118,7.805483630925554,7.168337148269808
2024-03-14,3.635000000000005,3.575000000000003,-6.000000000000227,0.9180493224377455,0.9957324761735199,7.6792936995625265,7.080185236878094
2024-03-15,3.6700000000000017,3.605000000000004,-6.499999999999773,0.9104633003643736,0.9943494113318689,6.6453682772464,6.084746332513421
2024-03-18,3.680000000000007,3.61,-7.0000000000006946,0.9060199544112529,0.9935121464501294,6.200783228244687,5.654720335168361
2024-03-19,3.629999999999996,3.569999999999993,-6.000000000000272,0.892825828270791,0.9936152754718014,6.058526811563943,5.443967451151453
2024-03-20,3.5900000000000034,3.530000000000001,-6.000000000000227,0.8932899383699002,0.9940321248011496,6.111253046070468,5.491895805660425
2024-03-21,3.5349999999999966,3.480000000000004,-5.499999999999261,0.8961820529688135,0.9938190627676552,5.948268365812575,5.3638851933851805
2024-03-22,3.480000000000004,3.424999999999997,-5.500000000000682,0.9029289132798459,0.9936375058176913,5.793401914862125,5.264525608738049
2024-03-25,3.5349999999999966,3.480000000000004,-5.499999999999261,0.9075839134706674,0.9935986133034876,5.84967333796691,5.343273782302886
2024-03-26,3.530000000000001,3.4650000000000034,-6.499999999999773,0.9189279950746723,0.993239993323595,5.550214865883368,5.1349601840672126
2024-03-27,3.4849999999999994,3.430000000000007,-5.499999999999261,0.9401365879161989,0.9941670378788312,5.1363310399277875,4.857184511557213
2024-03-28,3.4549999999999983,3.4000000000000057,-5.499999999999261,0.9403386011849806,0.994199202841512,5.150633260921144,4.871598430122171
2024-04-02,3.5799999999999983,3.5400000000000063,-3.999999999999204,0.9782905205728479,0.993050083069167,5.507987929769255,5.426123486611318
2024-04-03,3.575000000000003,3.5349999999999966,-4.000000000000625,0.9800731613399961,0.9930637508856279,5.463567947106068,5.392097239820429
2024-04-04,3.5250000000000057,3.4849999999999994,-4.000000000000625,0.9796901521766633,0.9929303388832318,5.411805953483742,5.339642460801634
2024-04-05,3.5849999999999937,3.5450000000000017,-3.999999999999204,0.984205553729838,0.9927396945016387,5.289764568995802,5.244290820205937
2024-04-08,3.625,3.575000000000003,-4.999999999999716,0.9819956353054986,0.992863910136863,5.3330459692698975,5.274668372208951
2024-04-09,3.5600000000000023,3.5,-6.000000000000227,0.9898212633321715,0.992536774337143,5.43152251045783,5.416662245798368
2024-04-10,3.6899999999999977,3.614999999999995,-7.500000000000284,0.9742806171330173,0.9927663754708451,5.898470481657847,5.788638296985975
2024-04-11,3.7950000000000017,3.7049999999999983,-9.000000000000341,0.9616409363484008,0.9929139770902188,6.187701001031129,5.9928117860857215
2024-04-12,3.7099999999999937,3.620000000000005,-8.999999999998876,0.9636237731502449,0.9933822160974854,6.377064687063292,6.1860289380981515
2024-04-15,3.8149999999999977,3.730000000000004,-8.499999999999375,0.9709856835933328,0.99346529810839,6.552375194511994,6.4041114667188745
2024-04-16,3.9000000000000057,3.799999999999997,-10.000000000000853,0.9621673923560352,0.9931754544860448,6.674384899981788,6.466003046882797
2024-04-17,3.905000000000001,3.7900000000000063,-11.499999999999488,0.9615086018488557,0.9923512713661935,6.636735972435358,6.430463596737343
2024-04-18,3.890000000000001,3.7750000000000057,-11.499999999999533,0.9531851031588406,0.9916535819563145,6.280420221682704,6.036788557830487
2024-04-19,3.864999999999995,3.760000000000005,-10.499999999998977,0.9500734536364651,0.991131724563364,6.270277450826751,6.010527163369969
2024-04-22,3.8149999999999977,3.719999999999999,-9.499999999999886,0.9460351250664932,0.9910257761708042,6.363622368995026,6.074726236677171
2024-04-23,3.855000000000004,3.754999999999996,-10.000000000000808,0.9492481745504597,0.9912324468832592,6.3108190262129,6.0435203260214
2024-04-24,3.930000000000007,3.8349999999999937,-9.500000000001307,0.956014138312655,0.991115446391054,6.343722573690896,6.119053529096912
2024-04-25,3.9749999999999934,3.870000000000005,-10.499999999998844,0.9580147164911055,0.9912666401949877,6.311365409587251,6.099651393845093
2024-04-26,3.944999999999993,3.8400000000000034,-10.499999999998977,0.9611581920903861,0.9912962989251428,6.249965517146297,6.05994954646877
2024-04-29,3.9099999999999966,3.805000000000007,-10.499999999998977,0.9617050118612676,0.9911050603156494,6.177103625114506,5.993866596914624
2024-04-30,3.995000000000005,3.885000000000005,-10.999999999999988,0.9618474619014835,0.991514863720945,6.315120515590952,6.12616397572501
2024-05-01,4.010000000000005,3.894999999999996,-11.50000000000091,0.9617013918907042,0.9915194555986966,6.315552778383908,6.125624528329218
2024-05-02,3.9000000000000057,3.7950000000000017,-10.500000000000398,0.9595160907724956,0.9923580616865599,6.603812900710216,6.385260505581339
2024-05-03,3.819999999999993,3.719999999999999,-9.999999999999432,0.9574164371794299,0.9926103047608738,6.745027968722744,6.505877095489013
2024-05-07,3.7099999999999937,3.61,-9.999999999999387,0.9619940624907951,0.9931989640985444,6.991476748615984,6.771814473563729
2024-05-08,3.7150000000000034,3.605000000000004,-10.999999999999943,0.961799409138391,0.9927407739835997,6.8966300282912,6.681678500661788
2024-05-09,3.6850000000000014,3.5900000000000034,-9.499999999999797,0.956537618699749,0.9917677635371374,6.870727512551046,6.626661578665367
2024-05-10,3.7049999999999983,3.605000000000004,-9.999999999999432,0.9555062193971887,0.9920494613891031,6.873340970150963,6.620153833681513
2024-05-13,3.719999999999999,3.625,-9.499999999999886,0.9593578112500544,0.9921114451702571,6.807302535960456,6.582565792591215
2024-05-14,3.719999999999999,3.625,-9.499999999999886,0.9592307354885297,0.9920235645157899,6.771750822010802,6.547900426854311
2024-05-15,3.620000000000005,3.5250000000000057,-9.49999999999993,0.9415591093741645,0.9936172728533664,6.686235646942008,6.33592657132639
2024-05-16,3.620000000000005,3.5250000000000057,-9.49999999999993,0.9416121752213086,0.993612074641211,6.685225604219472,6.3353596274555555
2024-05-17,3.6850000000000014,3.5900000000000034,-9.499999999999797,0.9436472270452134,0.9935695499055791,6.7094032487266855,6.372286440733577
2024-05-20,3.739999999999995,3.640000000000001,-9.999999999999387,0.9414339641989267,0.9936227140203399,6.695962928528751,6.344266123333444
2024-05-21,3.7099999999999937,3.61,-9.999999999999387,0.9431544773868678,0.9937963425112883,6.692357109282367,6.351328035622957
2024-05-22,3.805000000000007,3.6850000000000014,-12.000000000000544,0.9278912161695761,0.9937725251702709,6.770223005206854,6.321396797485703
2024-05-23,3.844999999999999,3.7099999999999937,-13.500000000000512,0.929181072873736,0.9926061782777837,6.401081984689392,5.99206851241453
2024-05-24,3.8400000000000034,3.694999999999993,-14.500000000001023,0.9353568385417343,0.991833106101905,6.118302108400443,5.769918025673045
2024-05-28,3.8499999999999934,3.7150000000000034,-13.499999999999002,0.9326700601572905,0.9904472686436883,5.897008787824532,5.553009953190129
2024-05-29,3.969999999999999,3.844999999999999,-12.5,0.9412117960748657,0.9899210544143149,5.990629656235034,5.695859556902053
2024-05-30,3.9549999999999983,3.8299999999999983,-12.5,0.9488191325247417,0.9899402205271608,5.806481713142544,5.5652864969471425
2024-05-31,3.894999999999996,3.7750000000000057,-11.999999999999034,0.9479858053492362,0.9913403851833328,5.914525272192495,5.6558636036813
2024-06-03,3.825000000000003,3.7049999999999983,-12.000000000000455,0.9501261980955936,0.9916881555410398,6.045350640601185,5.791988124709898
2024-06-04,3.7750000000000057,3.655000000000001,-12.000000000000455,0.9529379003062896,0.9922762628028682,6.094938544568752,5.853307346838238
2024-06-05,3.780000000000001,3.655000000000001,-12.5,0.9565337609909497,0.9924668043242386,6.031073749732596,5.812713968376522
2024-06-06,3.754999999999996,3.635000000000005,-11.999999999999078,0.9564209179593444,0.9922820061928417,5.994729485906453,5.778079862424054
2024-06-07,3.855000000000004,3.730000000000004,-12.5,0.9501092079548985,0.9929473195225645,6.123372408662868,5.859195543228763
2024-06-10,3.930000000000007,3.8100000000000014,-12.000000000000544,0.9595625013893615,0.9931485114295436,6.2272344002666165,6.016643582596384
2024-06-11,3.875,3.754999999999996,-12.00000000000041,0.9601700343562048,0.9932666399881153,6.2831648808178135,6.073803746748935
2024-06-12,3.719999999999999,3.61,-10.999999999999899,0.9551793316043937,0.994216375113942,6.854313181888073,6.585184520756566
2024-06-13,3.7049999999999983,3.605000000000004,-9.999999999999432,0.9553193711808182,0.9934473483547002,6.63446244650045,6.37983533099193
2024-06-14,3.594999999999999,3.4950000000000045,-9.999999999999432,0.9596036631868831,0.9939154600798911,6.862797425667526,6.625880986749839
2024-06-17,3.635000000000005,3.5450000000000017,-9.000000000000341,0.9683938190640641,0.9933221572798584,6.682044046822808,6.514351971546665
2024-06-18,3.575000000000003,3.480000000000004,-9.499999999999886,0.9725708362581525,0.9930870020173307,6.61826539069042,6.481538770044079
2024-06-19,3.5799999999999983,3.489999999999995,-9.000000000000341,0.9703001489288144,0.9923586715842847,6.3350874763758975,6.194268763723419
2024-06-20,3.5600000000000023,3.469999999999999,-9.000000000000341,0.9712792053150217,0.9928430069219365,6.338828529502757,6.201153952678954
2024-06-21,3.5799999999999983,3.489999999999995,-9.000000000000341,0.9743897988536174,0.993738430423164,6.33701496137502,6.2136298089198245
2024-06-24,3.605000000000004,3.515000000000001,-9.000000000000297,0.9754390975295879,0.9938606402724334,6.344062297675125,6.226472959648958
2024-06-25,3.605000000000004,3.510000000000005,-9.499999999999886,0.974438103693903,0.9938409625566852,6.335019436779115,6.211340203726979
2024-06-26,3.6850000000000014,3.5849999999999937,-10.000000000000764,0.9725546437921089,0.9941243091729782,6.517461073959392,6.376050736035864
2024-06-27,3.6899999999999977,3.5900000000000034,-9.999999999999432,0.9702587985615266,0.9936080421952957,6.2446298768503645,6.097884502210337
2024-06-28,3.7099999999999937,3.61,-9.999999999999387,0.9703651437642837,0.9936237083368202,6.252723544515583,6.106360919415018
2024-07-01,3.7849999999999966,3.694999999999993,-9.000000000000341,0.9769722504721231,0.9931602449888777,6.289473051406588,6.186957917737917
2024-07-02,3.760000000000005,3.6700000000000017,-9.000000000000341,0.9790772690952635,0.993137323470721,6.232193023732451,6.1439625537650135
2024-07-03,3.694999999999993,3.605000000000004,-8.99999999999892,0.9797788173410015,0.9933336002219029,6.32366927530613,6.237378059527007
2024-07-04,3.735,3.644999999999996,-9.000000000000385,0.9964940337064208,0.9948432463711727,6.113486128526011,6.123630506056841
2024-07-05,3.6599999999999966,3.569999999999993,-9.000000000000341,1.003836345824453,0.9962107386633522,6.198836561214197,6.246286252968286
2024-07-08,3.6500000000000057,3.5600000000000023,-9.000000000000341,1.0040228509899485,0.9968004928779777,6.199184225160066,6.244100664102545
2024-07-09,3.700000000000003,3.61,-9.000000000000297,1.001968503936946,0.9971492538399218,6.278040546496209,6.30838249119136
2024-07-10,3.655000000000001,3.575000000000003,-7.9999999999998295,0.9881500490602463,0.9967000600472956,5.853601897329159,5.803387833397426
2024-07-11,3.5799999999999983,3.5049999999999955,-7.500000000000284,0.9864587111594179,0.996796437934794,5.970834285840411,5.908911057466972
2024-07-12,3.620000000000005,3.5450000000000017,-7.500000000000329,0.9873254737858104,0.9968407339364913,5.975645013999354,5.918604992518905
2024-07-15,3.594999999999999,3.530000000000001,-6.499999999999773,0.9844723601345552,0.9964092357623472,5.873278666882148,5.802917419256521
2024-07-16,3.575000000000003,3.510000000000005,-6.499999999999773,0.9836496103015298,0.9963538437462096,5.824048439864445,5.74978760227389
2024-07-17,3.605000000000004,3.5400000000000063,-6.499999999999773,0.9839283472146022,0.9966228801319628,5.859097455112709,5.784466913317298
2024-07-18,3.555000000000007,3.489999999999995,-6.500000000001194,0.9855777155100822,0.9966916719925732,5.904897636026924,5.839053025096076
2024-07-19,3.61,3.555000000000007,-5.4999999999993054,0.9978247109272249,0.9963335780864605,5.677364816917198,5.685861675111784
2024-07-22,3.655000000000001,3.575000000000003,-7.9999999999998295,0.9786430403357064,0.9921708622444955,5.55083611802733,5.475152860932199
2024-07-23,3.6599999999999966,3.594999999999999,-6.499999999999773,0.9793227163862563,0.9909503355097324,5.487734494767265,5.423342482100866
2024-07-24,3.640000000000001,3.5799999999999983,-6.000000000000272,0.9905181692378279,0.9883675889312147,4.735655897719988,4.745960169558309
2024-07-25,3.620000000000005,3.5649999999999977,-5.5000000000007265,0.9912171923140488,0.9888496998034932,4.741022975115768,4.7523738774704825
2024-07-26,3.5849999999999937,3.519999999999996,-6.499999999999773,0.9937973600586196,0.9856321363062149,4.3369569288038825,4.372885367441179
2024-07-29,3.555000000000007,3.489999999999995,-6.500000000001194,0.9872599589832497,0.9859969442252317,4.3006281284076735,4.306137026611404
2024-07-30,3.5400000000000063,3.489999999999995,-5.000000000001137,0.9757604798334161,0.9834688337511815,4.170262815941414,4.13757661317405
2024-07-31,3.4849999999999994,3.424999999999997,-6.000000000000227,0.9876819884341979,0.9834373799579076,4.282046186139376,4.30052790130291
2024-08-01,3.355000000000004,3.3149999999999977,-4.000000000000625,0.956130223966733,0.9845366674112485,4.86274247393553,4.722439706508592
2024-08-02,3.3149999999999977,3.2750000000000057,-3.999999999999204,0.9577486955363494,0.9845758251987458,4.871952333534334,4.7392043078204615
2024-08-05,3.3400000000000034,3.2849999999999966,-5.500000000000682,0.9503759034393927,0.9826513946228473,4.871952333534334,4.711931541371768
2024-08-06,3.405000000000001,3.3499999999999943,-5.500000000000682,0.953307830783047,0.9841528922005675,5.053734251527095,4.895341440195081
2024-08-07,3.444999999999993,3.405000000000001,-3.999999999999204,0.9673121723936956,0.9817853978677075,4.866493462513866,4.79475287918095
2024-08-08,3.4549999999999983,3.4099999999999966,-4.5000000000001705,0.9659447222188395,0.981497224583375,4.871952333534321,4.794752879180939
2024-08-09,3.4200000000000017,3.3799999999999955,-4.000000000000625,0.9655005094861284,0.9814158317868786,4.867083905905783,4.788155885266204
2024-08-12,3.4350000000000023,3.390000000000001,-4.500000000000126,0.9475947325987584,0.9796532685322308,4.6243980658313655,4.473067552958935
2024-08-13,3.375,3.3349999999999937,-4.000000000000625,0.9464663920687091,0.9802951078898569,4.702683264377703,4.540399749477845
2024-08-14,3.319999999999993,3.280000000000001,-3.999999999999204,0.9454005934718103,0.9800030044841286,4.667846730929445,4.5030321840483865
2024-08-15,3.444999999999993,3.390000000000001,-5.499999999999217,0.9290530574402718,0.9829704767475252,5.222519760008416,4.93605664193746
2024-08-16,3.450000000000003,3.394999999999996,-5.500000000000682,0.9237605238540759,0.9820975102240671,5.079709467662714,4.777972686036065
2024-08-19,3.4849999999999994,3.430000000000007,-5.499999999999261,0.924755774822767,0.9825061983400424,5.13666670396146,4.834740183678894
2024-08-20,3.4650000000000034,3.4099999999999966,-5.500000000000682,0.9227611390208947,0.9817662025837157,5.033822386228192,4.731284970414046
2024-08-21,3.4549999999999983,3.4000000000000057,-5.499999999999261,0.9259944495837382,0.9818213495669934,4.985035076370455,4.701583250084249
2024-08-22,3.515000000000001,3.469999999999999,-4.500000000000215,0.9373895953486805,0.9806784421289229,4.9561583658239305,4.7373849423447565
2024-08-23,3.4749999999999943,3.4399999999999977,-3.499999999999659,0.9330495584195109,0.9800541391648406,4.93663876527852,4.699871604996132
2024-08-27,3.5400000000000063,3.5049999999999955,-3.50000000000108,0.938296475197269,0.9816683916211518,5.081208336697096,4.856711199789571
2024-08-28,3.5450000000000017,3.510000000000005,-3.499999999999659,0.93770953466541,0.9816040435592077,5.0708769560549225,4.844121926766495
2024-08-29,3.5450000000000017,3.515000000000001,-3.0000000000000693,0.9374150584397882,0.9812402067423004,5.03710371077507,4.8121314607357615
2024-08-30,3.530000000000001,3.489999999999995,-4.000000000000625,0.9369201143723971,0.9797330296385207,4.9620687658256255,4.7452335431789505
2024-09-02,3.5600000000000023,3.519999999999996,-4.000000000000625,0.9270406934745695,0.9800291409274984,4.8854698946933395,4.621321152592849
2024-09-03,3.4950000000000045,3.4549999999999983,-4.000000000000625,0.9471076719826124,0.9849679614401945,4.93567822494849,4.74596016955834
2024-09-04,3.4350000000000023,3.4099999999999966,-2.5000000000005684,0.936978368250701,0.9859064569848355,5.030510360068802,4.780858625331035
2024-09-05,3.424999999999997,3.4000000000000057,-2.4999999999991473,0.9375405377726457,0.9859442052624143,5.0252523239675435,4.778543999862356
2024-09-06,3.3799999999999955,3.355000000000004,-2.4999999999991473,0.9397824919441214,0.9862283673080341,5.067815961604239,4.829149993029031
2024-09-09,3.325000000000003,3.325000000000003,0.0,0.922489466292119,0.9843021685623223,5.117470639595995,4.796101146441388
2024-09-10,3.280000000000001,3.2750000000000057,-0.49999999999954525,0.9261107795800807,0.9839925156323782,5.1462797633144355,4.843558348080894
2024-09-11,3.174999999999997,3.174999999999997,0.0,0.930947958101932,0.9867472778885769,5.435647557358475,5.128268511986748
2024-09-12,3.2099999999999937,3.200000000000003,-0.9999999999990905,0.918807361724854,0.9874628903668745,5.43945251639921,5.061262620171506
2024-09-13,3.200000000000003,3.200000000000003,0.0,0.9332854163475355,0.985454959543054,4.938384723587469,4.676948853121357
2024-09-16,3.1850000000000023,3.1899999999999977,0.49999999999954525,0.9309494155968528,0.9851987709090886,4.898510212182026,4.628776805230993
2024-09-17,3.219999999999999,3.2099999999999937,-1.0000000000005116,0.9292728048954061,0.9854432739858592,4.922502867724856,4.641919192866699
2024-09-18,3.299999999999997,3.2849999999999966,-1.5000000000000568,0.9254384453709208,0.9858757590455924,5.001982365643418,4.695344967924841
2024-09-19,3.3349999999999937,3.3349999999999937,0.0,0.9240667159489937,0.9858537798470128,4.98780121090859,4.675197457259798
2024-09-20,3.3599999999999994,3.3599999999999994,0.0,0.9253512578868451,0.9862321953556593,5.0094451019934425,4.700207870189285
2024-09-23,3.364999999999995,3.3700000000000045,0.5000000000009663,0.9262617701354962,0.98595237063778,4.974908305052391,4.673722088541459
2024-09-24,3.375,3.390000000000001,1.5000000000001013,0.9290799944157475,0.9856015555038493,4.969909455915784,4.684898703501461
2024-09-25,3.4150000000000063,3.4399999999999977,2.4999999999991473,0.9341910182218088,0.9844844799259004,4.902380374199307,4.651936934372565
2024-09-26,3.424999999999997,3.444999999999993,1.999999999999602,0.9283752774329488,0.9834913222675411,4.787105525298738,4.518830333859362
2024-09-27,3.405000000000001,3.424999999999997,1.999999999999602,0.9500452664252476,0.9806024158277038,4.216006717698515,4.084629163375715
2024-09-30,3.430000000000007,3.4350000000000023,0.49999999999954525,0.9423224322943304,0.9780191491718668,4.242098808237672,4.087266461394139
2024-10-01,3.375,3.375,0.0,0.9519870638721206,0.9780893613124857,4.299024214330914,4.184296037965497
2024-10-02,3.469999999999999,3.4749999999999943,0.49999999999954525,0.9631132816138394,0.9812206795376298,4.646992600584412,4.561237228808776
2024-10-03,3.4350000000000023,3.444999999999993,0.9999999999990905,0.9618482296950835,0.9815194334182382,4.68808712798102,4.594130438152427
2024-10-04,3.640000000000001,3.614999999999995,-2.500000000000613,0.8983481575603589,0.9848915469848546,5.9205709960730175,5.4003245964596385
2024-10-07,3.7249999999999934,3.694999999999993,-3.000000000000025,0.9024121078354181,0.9856923874569116,6.0377167032335946,5.527595349229898
2024-10-08,3.7049999999999983,3.674999999999997,-3.0000000000001137,0.9000412351129276,0.9853890255795595,5.961586805656605,5.445234128358863
2024-10-09,3.694999999999993,3.6650000000000063,-2.9999999999986926,0.9002904162633248,0.9854129944502222,5.968307101278559,5.452748963996798
2024-10-10,3.7249999999999934,3.7049999999999983,-1.9999999999995133,0.9033888514489384,0.9848551451055974,5.984750736606331,5.489697770296243
2024-10-11,3.694999999999993,3.6850000000000014,-0.9999999999991793,0.8988707713610521,0.985551030983737,6.009116637128985,5.480608448476976
2024-10-14,3.7150000000000034,3.7099999999999937,-0.5000000000009663,0.8992962640487661,0.9853571963093992,5.99782048536903,5.473971850136955
2024-10-15,3.655000000000001,3.644999999999996,-1.0000000000005116,0.9017334533993753,0.9848141793556074,5.978313297666611,5.473971850136955
2024-10-16,3.530000000000001,3.5349999999999966,0.49999999999954525,0.9045379259907267,0.9868010711811355,6.330663381556042,5.80291741925666
2024-10-17,3.5649999999999977,3.575000000000003,1.0000000000005116,0.9060799452975953,0.9867236693332545,6.351667352823138,5.832553314022901
2024-10-18,3.5049999999999955,3.510000000000005,0.5000000000009663,0.9102811611499237,0.9864803796752646,6.3978489560451175,5.903656571950983
2024-10-21,3.549999999999997,3.5600000000000023,1.0000000000005116,0.9227716400300324,0.9881143854239997,6.339191180867348,5.9199885445679525
2024-10-22,3.594999999999999,3.605000000000004,1.0000000000005116,0.9190071137990308,0.9882897997405793,6.2949761030468725,5.853675532635812
2024-10-23,3.6700000000000017,3.680000000000007,1.0000000000005116,0.9160117526216421,0.9871100939997747,6.007394868280945,5.574701682652982
2024-10-24,3.680000000000007,3.680000000000007,0.0,0.9182294495383466,0.9869104142613392,5.998179800534509,5.580755108962061
2024-10-25,3.719999999999999,3.719999999999999,0.0,0.920575249552076,0.9872638306551136,5.993866596914649,5.588987529883612
2024-10-28,3.765000000000001,3.765000000000001,0.0,0.9219231757451072,0.9872592866259089,5.982349517298908,5.586441920698039
2024-10-29,3.8149999999999977,3.8100000000000014,-0.49999999999963407,0.9231947291595106,0.9883697333830349,6.0021308476776545,5.606338777023529
2024-10-30,3.870000000000005,3.825000000000003,-4.500000000000215,0.9103066522974256,0.9802151778167971,5.93266817917016,5.509552832471258
2024-10-31,4.010000000000005,3.9350000000000014,-7.500000000000373,0.8900613761171364,0.9820923677788944,6.326940209437212,5.734048338201075
2024-11-01,3.9650000000000034,3.905000000000001,-6.000000000000227,0.8844980597499992,0.9820709443966062,6.445371679892043,5.804996856652554
2024-11-04,3.9650000000000034,3.890000000000001,-7.50000000000024,0.8876916701201671,0.9812656064340577,6.450073509337887,5.8349915541310375
2024-11-05,4.079999999999998,3.995000000000005,-8.49999999999933,0.8912601822649523,0.9831933574905662,6.674901523230705,6.05076702651776
2024-11-06,4.094999999999999,4.025000000000006,-6.999999999999318,0.8881925780442336,0.982711892211941,6.6691949228928795,6.027737609555879
2024-11-07,3.985,3.9150000000000063,-6.999999999999362,0.8982847615567261,0.98457048952858,7.094112825548305,6.472399402307285
2024-11-08,3.950000000000003,3.875,-7.500000000000284,0.9007347742223744,0.9845831248600597,7.127512664429924,6.520524624545932
2024-11-11,3.944999999999993,3.870000000000005,-7.499999999998819,0.9011960009247668,0.9851569344847609,7.138631344400986,6.530234721450743
2024-11-12,4.019999999999996,3.950000000000003,-6.999999999999318,0.9011402920385885,0.9846212730766765,7.079779365352329,6.479521232490724
2024-11-13,4.069999999999993,3.995000000000005,-7.499999999998819,0.8933901918976521,0.9848247472683824,6.96543188749341,6.318736960944713
2024-11-14,3.995000000000005,3.9350000000000014,-6.000000000000361,0.889234895667597,0.9850872533947426,7.111105124518484,6.419170283333865
2024-11-15,3.9549999999999983,3.890000000000001,-6.499999999999728,0.9139524114053866,0.9824809568192846,6.252378857627693,5.81627225880163
2024-11-18,3.9549999999999983,3.885000000000005,-6.999999999999318,0.9123073113353536,0.9814579848317879,6.093712606722864,5.664367349604375
2024-11-19,3.9399999999999977,3.86,-7.999999999999785,0.914288595341332,0.980921345392361,6.086564249871682,5.673111615533292
2024-11-20,3.9399999999999977,3.870000000000005,-6.9999999999992735,0.9134741736581432,0.98022720720765,6.079194781827784,5.665204341405973
2024-11-21,3.894999999999996,3.8299999999999983,-6.499999999999773,0.9097283619401899,0.981378698066802,6.140219772172217,5.691923093801211
2024-11-22,3.8499999999999934,3.7900000000000063,-5.9999999999987175,0.9114870921814869,0.9820011357399447,6.176266215750103,5.732770287776585
2024-11-25,3.8100000000000014,3.735,-7.500000000000151,0.9169516800332446,0.9814089780260976,6.2235416978090115,5.814789902412298
2024-11-26,3.844999999999999,3.765000000000001,-7.999999999999785,0.9121324203704942,0.9810188134261515,6.132071334432943,5.701481961010214
2024-11-27,3.8299999999999983,3.739999999999995,-9.000000000000341,0.9232444202504229,0.9778738344234583,5.627824961128675,5.31342368575749
2024-11-28,3.7750000000000057,3.6850000000000014,-9.00000000000043,0.921464593401987,0.9791434021334097,5.728934425804827,5.391457696389215
2024-11-29,3.719999999999999,3.640000000000001,-7.999999999999785,0.9109757495085653,0.9785027940741817,5.709464817804431,5.315451343818918
2024-12-02,3.7099999999999937,3.625,-8.499999999999375,0.9068205366394054,0.9787709709747837,5.671971823609102,5.2550194942605275
2024-12-03,3.700000000000003,3.629999999999996,-7.0000000000006946,0.901260103965396,0.9767704466205084,5.6280547261020235,5.192971598515549
2024-12-04,3.7150000000000034,3.640000000000001,-7.50000000000024,0.8928334726104526,0.9756996119679439,5.469586758644936,5.005054916046795
2024-12-05,3.760000000000005,3.6700000000000017,-9.000000000000341,0.8897631866270248,0.9759036544769664,5.5253855121132025,5.03767415773795
2024-12-06,3.739999999999995,3.655000000000001,-8.499999999999375,0.8852671261566717,0.9755496977077297,5.494092961651081,4.9856402994402895
2024-12-09,3.680000000000007,3.605000000000004,-7.500000000000284,0.8772278527296951,0.9757112289017542,5.53621826192548,4.977420279992313
2024-12-10,3.739999999999995,3.6650000000000063,-7.499999999998863,0.8819936137720641,0.9756958966836907,5.572020620304817,5.036904039075121
2024-12-11,3.700000000000003,3.625,-7.500000000000284,0.9041402603317141,0.9829481745292372,5.503499409205434,5.062256096011937
2024-12-12,3.735,3.6599999999999966,-7.500000000000329,0.94035712094256,0.9821025022066822,4.838928588546795,4.633244438078929
2024-12-13,3.805000000000007,3.745000000000005,-6.000000000000183,0.9679074261526301,0.9829471446734663,4.99816058119391,4.921685535032534
2024-12-16,3.864999999999995,3.7950000000000017,-6.999999999999318,0.9620156726165187,0.9847366048665933,5.138316733189239,5.019759805583168
2024-12-17,3.980000000000004,3.890000000000001,-9.000000000000297,0.9465607313887991,0.9829156332187658,5.1383167331893524,4.948266850886994
2024-12-18,4.010000000000005,3.930000000000007,-7.9999999999998295,0.947910044072834,0.9839403045886533,5.164005618024395,4.974908305052386
2024-12-19,3.989999999999995,3.930000000000007,-5.999999999998806,0.9331806853976966,0.9780596369371908,4.766049714916608,4.547356185286474
2024-12-20,3.879999999999996,3.8149999999999977,-6.499999999999817,0.9477498259053307,0.981020370272974,5.138987779932742,4.964702998374686
2024-12-23,3.930000000000007,3.870000000000005,-6.000000000000183,0.9524410641588399,0.9814750504599412,5.22650737207405,5.071896877011244
2024-12-24,4.0,3.9350000000000014,-6.4999999999998614,0.9427078909369333,0.9814164222248045,5.202342531599687,4.9971543626487875
2024-12-27,4.004999999999996,3.944999999999993,-6.000000000000316,0.9447513205434133,0.9807433245830133,5.115364505388416,4.927637283263049
2024-12-30,3.985,3.9200000000000017,-6.499999999999817,0.9576015819954113,0.9805801181495228,4.94091526725167,4.825131765219018
2024-12-31,3.9350000000000014,3.870000000000005,-6.499999999999639,0.9553612945224855,0.981013449239431,4.971874920981475,4.841867218431426
2025-01-02,3.9599999999999937,3.9000000000000057,-5.999999999998806,0.9574600467801504,0.9811947616364934,4.993933100882641,4.87313182595185
2025-01-03,3.989999999999995,3.930000000000007,-5.999999999998806,0.9553142857143126,0.98214835866108,5.014347231785901,4.877346178725447
2025-01-06,4.015000000000001,3.950000000000003,-6.499999999999773,0.9542127659574706,0.9827342425672007,5.032223749205557,4.886175666477759
2025-01-07,4.064999999999998,4.004999999999996,-6.0000000000001386,0.960302629779882,0.9826062936886788,5.021906035549089,4.9079164294190765
2025-01-08,4.150000000000006,4.105000000000004,-4.5000000000001705,0.9800131061599223,0.9821554603264123,5.129361054516034,5.1181724917370595
2025-01-09,4.125,4.090000000000003,-3.499999999999659,0.9647415603026129,0.9828805364784723,5.086069548116296,4.99220656992305
2025-01-10,4.189999999999998,4.144999999999996,-4.5000000000001705,0.9598939986426773,0.9828461566372879,5.164784603446692,5.0441726934077655
2025-01-13,4.254999999999996,4.204999999999998,-4.999999999999805,0.9528187884201244,0.9839357133550518,5.229365579859189,5.06398711661496
2025-01-14,4.280000000000001,4.219999999999999,-6.000000000000227,0.9471945716557234,0.9820553278284618,5.065916081729619,4.886087450579849
2025-01-15,4.125,4.069999999999993,-5.500000000000682,0.9595002920041853,0.9867923495587441,5.826736828531528,5.665584751348665
2025-01-16,4.049999999999997,4.004999999999996,-4.500000000000082,0.9535654534549856,0.9876365730395212,6.034288995247174,5.826120335259238
2025-01-17,4.015000000000001,3.969999999999999,-4.5000000000001705,0.9574661477148364,0.9887026820448683,6.081841259310253,5.889694877251963
2025-01-20,4.049999999999997,3.995000000000005,-5.499999999999217,0.9555026622669205,0.9884062591272565,6.097884502210504,5.894888687980443
2025-01-21,3.985,3.930000000000007,-5.4999999999993054,0.9628638340582278,0.9899082755567932,6.216981749125979,6.047132881949558
2025-01-22,3.995000000000005,3.9399999999999977,-5.5000000000007265,0.9635693911012455,0.9898876001900949,6.195312466028161,6.03059727127234
2025-01-23,3.989999999999995,3.950000000000003,-3.999999999999204,0.9659158361710849,0.9888372673394099,6.065637148971985,5.925034555406429
2025-01-24,3.989999999999995,3.950000000000003,-3.999999999999204,0.9657764273148904,0.9885635398203875,5.994729485906457,5.856546587455448
2025-01-27,3.9200000000000017,3.885000000000005,-3.499999999999659,0.9637146561303852,0.9889464084345678,6.10219481901358,5.9465048171367965
2025-01-28,3.944999999999993,3.9099999999999966,-3.499999999999659,0.9636845531479581,0.9888977885339553,6.089278310672646,5.934024239768669
2025-01-29,3.9399999999999977,3.9099999999999966,-3.0000000000001137,0.953292921486703,0.9895665606881727,5.974586986158355,5.755581998193734
2025-01-30,3.890000000000001,3.86,-3.0000000000001137,0.9598721734557579,0.9899801540064371,5.959754874231008,5.778502570218664
2025-01-31,3.8299999999999983,3.799999999999997,-3.0000000000001137,0.9838100377765834,0.9911654281904853,5.652280589467321,5.610335290244817
2025-02-03,3.760000000000005,3.735,-2.500000000000524,0.9791047385906683,0.9917179831337646,5.73304596980992,5.660129765784333
2025-02-04,3.7950000000000017,3.780000000000001,-1.5000000000000568,0.985483330325153,0.9932350127728413,5.782181308957263,5.73705439258239
2025-02-05,3.7249999999999934,3.694999999999993,-3.000000000000025,0.9887040611809483,0.9914780988638067,5.577793614790297,5.562187612305354
2025-02-06,3.765000000000001,3.75,-1.5000000000001013,0.9932468405862113,0.9904614675087307,5.546589508194528,5.562187612305353
2025-02-07,3.8100000000000014,3.7849999999999966,-2.5000000000004796,0.9919036181916769,0.9895870449444002,5.447133591882642,5.459885056261409
2025-02-10,3.760000000000005,3.745000000000005,-1.5000000000000124,0.9873752006763592,0.9893932831083199,5.499973876635987,5.488755485682481
2025-02-11,3.825000000000003,3.8100000000000014,-1.5000000000001457,0.9858858642885363,0.9901678455560886,5.653703902406987,5.629254457486062
2025-02-12,3.864999999999995,3.86,-0.49999999999950084,0.9888091977221939,0.9898264455031364,5.6472961692289845,5.641492425024562
2025-02-13,3.825000000000003,3.819999999999993,-0.5000000000009663,0.9886849248797299,0.9899139790089655,5.66347949585763,5.656447851686696
2025-02-14,3.86,3.855000000000004,-0.49999999999958966,0.9886314962878444,0.9899530342443741,5.674706939620266,5.667131488711512
2025-02-17,3.864999999999995,3.86,-0.49999999999950084,0.9905507559395376,0.9901231492906528,5.650755213487677,5.6531956174942275
2025-02-18,3.894999999999996,3.890000000000001,-0.49999999999950084,0.9877368189161558,0.9899336773793582,5.595153896581975,5.582737144357557
2025-02-19,3.944999999999993,3.9350000000000014,-0.9999999999991793,0.9683403244800606,0.9901924257945014,5.433744078684856,5.313829279267064
2025-02-20,3.9549999999999983,3.9549999999999983,0.0,0.9719223724718622,0.9901432285955849,5.430966976409414,5.331025003337291
2025-02-21,3.9200000000000017,3.9099999999999966,-1.0000000000005116,0.9841495004317503,0.9895707568910327,5.287265116654563,5.258299406051255
2025-02-24,3.9000000000000057,3.890000000000001,-1.0000000000004672,0.989378264085968,0.9890943616115895,5.101526704099747,5.102991009337562
2025-02-25,3.8299999999999983,3.819999999999993,-1.0000000000005116,0.9964378238342224,0.9902573135814946,5.159524169453199,5.191726397693423
2025-02-26,3.8299999999999983,3.825000000000003,-0.49999999999954525,1.0042379692820547,0.9870773334383042,4.434355167002937,4.511447763139984
2025-02-27,3.8400000000000034,3.8400000000000034,0.0,1.016342338938254,0.9870560328281553,4.272203662974201,4.3989614761857325
2025-02-28,3.7900000000000063,3.7849999999999966,-0.5000000000009663,1.020375086825694,0.98713862063107,4.314670243523132,4.459943043809407
2025-03-03,3.864999999999995,3.855000000000004,-0.9999999999990905,1.0178589103661435,0.9888183692799312,4.508006925103398,4.640402281412089
2025-03-04,3.754999999999996,3.754999999999996,0.0,1.0014605157131977,0.9890786452090753,4.777341154423216,4.837146731881194
2025-03-05,3.9599999999999937,3.980000000000004,2.000000000001023,1.035166652756868,0.993056265401966,6.1541734274158175,6.415140137869857
2025-03-06,3.9549999999999983,3.9749999999999934,1.9999999999995133,1.0356901692704017,0.9937354384249981,6.154173427415815,6.413997802938126
2025-03-07,3.9000000000000057,3.9099999999999966,0.9999999999990905,1.0403977625855192,0.9935708326190283,6.2320085874845175,6.525722754704445
2025-03-10,3.8499999999999934,3.875,2.5000000000006573,1.037521525029507,0.9926118199696252,6.168235277352862,6.447310764338652
2025-03-11,3.844999999999999,3.885000000000005,4.000000000000625,1.038104654700387,0.9919326837452029,6.146674645318489,6.432786886446651
2025-03-12,3.930000000000007,3.9650000000000034,3.499999999999659,1.03028836573775,0.9919455670146204,6.354381238133229,6.600004353882464
2025-03-13,3.9000000000000057,3.9350000000000014,3.49999999999957,1.0303327657364258,0.991831441751412,6.310819026212737,6.555795014783893
2025-03-14,3.864999999999995,3.894999999999996,3.0000000000001137,1.0320999845248418,0.991543550121766,6.244560851643989,6.49997789563022
2025-03-17,3.855000000000004,3.879999999999996,2.4999999999991918,1.0364887486596766,0.9911871784930641,6.103254266674302,6.3821995631891095
2025-03-18,3.879999999999996,3.905000000000001,2.500000000000524,1.0338344407316225,0.9913071704863373,6.0879804325512,6.349155976127762
2025-03-19,3.885000000000005,3.905000000000001,1.999999999999602,1.0236118827413085,0.9914107284009441,5.930536600326781,6.123161229975806
2025-03-20,3.930000000000007,3.944999999999993,1.4999999999986358,1.0164603023420897,0.9918639120564622,5.941307762692806,6.088641205075275
2025-03-21,3.9099999999999966,3.9399999999999977,3.0000000000001137,1.017930580687648,0.9915748726456913,5.910734439068877,6.06783966176778
2025-03-24,3.9350000000000014,3.969999999999999,3.4999999999997478,1.023627695034002,0.9918309931249863,5.835508625607533,6.0225867967295255
2025-03-25,3.989999999999995,4.019999999999996,3.0000000000001137,1.0215271200758083,0.9914651248763333,5.803313560015659,5.979274549469523
2025-03-26,3.9350000000000014,3.9749999999999934,3.999999999999204,1.0129711862709532,0.9913729823708498,5.8674046035371274,5.995232780464582
2025-03-27,3.9399999999999977,4.004999999999996,6.4999999999998614,1.012825201350596,0.9886526486694045,5.812713968376617,5.954834797982835
2025-03-28,3.864999999999995,3.9200000000000017,5.500000000000682,1.0220278955174547,0.9888755049953173,5.954545255130925,6.154173427416146
2025-03-31,3.844999999999999,3.890000000000001,4.500000000000215,1.024308696214007,0.9884019158656604,5.965032204054072,6.181730591302944
2025-04-01,3.825000000000003,3.864999999999995,3.999999999999204,1.0261369916452927,0.9882285210072876,5.946214868667935,6.174311818881847
2025-04-02,3.799999999999997,3.844999999999999,4.5000000000001705,1.0296215532380866,0.9882623891971396,5.87584672303862,6.121753185891106
2025-04-03,3.5900000000000034,3.644999999999996,5.499999999999261,1.00832833712257,0.9909654165270905,6.957609742816309,7.079515536382972
2025-04-04,3.519999999999996,3.5799999999999983,6.000000000000227,1.0051222351571856,0.991525708331445,7.026223458726135,7.12257218164627
2025-04-07,3.605000000000004,3.6899999999999977,8.499999999999375,1.0187579616093447,0.9908951354060981,7.249831547785394,7.453688433545535
2025-04-08,3.605000000000004,3.700000000000003,9.499999999999886,1.0182368266241064,0.9905450050159218,7.161619446985994,7.361830731831607
2025-04-09,3.594999999999999,3.7249999999999934,12.999999999999456,1.017705314957339,0.9875075393719038,7.160335348211722,7.379296916950007
2025-04-10,3.510000000000005,3.614999999999995,10.499999999998977,1.031197247110785,0.9860771860409165,7.287684462679865,7.621147981224754
2025-04-11,3.644999999999996,3.730000000000004,8.500000000000796,1.0065730735634384,0.9852636943585218,7.716399166188368,7.883290199391279
2025-04-14,3.629999999999996,3.7099999999999937,7.999999999999785,1.0111656743295065,0.9848696542325694,7.568860130703966,7.770948698721615
2025-04-15,3.5400000000000063,3.640000000000001,9.999999999999476,1.0071823969711016,0.9836932356335212,7.484101924024954,7.662811374483971
2025-04-16,3.569999999999993,3.6599999999999966,9.000000000000341,0.9741891662421602,0.977069258752938,6.372895190056625,6.354109901762651
2025-04-17,3.4950000000000045,3.5900000000000034,9.499999999999886,0.9738460693594176,0.9777297742668373,6.470001510063809,6.444301590436742
2025-04-22,3.394999999999996,3.5250000000000057,13.000000000000966,0.949930732917956,0.9751900083657393,6.615659757196351,6.444301590436745
2025-04-23,3.5250000000000057,3.61,8.49999999999942,0.9123401589154935,0.9714775715809579,7.102796114466302,6.670422792438613
2025-04-24,3.4549999999999983,3.549999999999997,9.499999999999886,0.9105460134999565,0.9726426401818116,7.183073974569497,6.724483486552631
2025-04-25,3.444999999999993,3.5349999999999966,9.000000000000341,0.9088566981351452,0.9705405511443701,6.941483660018078,6.500309453288
2025-04-28,3.430000000000007,3.5250000000000057,9.499999999999886,0.9085545018035839,0.9704828087568558,6.9365763856546785,6.493940588565288
2025-04-29,3.390000000000001,3.5,10.999999999999899,0.9054888047464251,0.9702352802014204,6.941980405764775,6.478722912327104
2025-04-30,3.364999999999995,3.4749999999999943,10.999999999999943,0.9060301866997269,0.9704316305517938,6.943035872472205,6.482270249396154
2025-05-01,3.3499999999999943,3.4599999999999937,10.999999999999943,0.9056530873439351,0.9700244305842737,6.899192023325047,6.441357927799265
2025-05-02,3.385000000000005,3.480000000000004,9.499999999999886,0.9017942015209062,0.9697210372981827,6.95469741196219,6.467536083278193
2025-05-06,3.4000000000000057,3.4950000000000045,9.499999999999886,0.902597560088281,0.9691864510612598,6.884181434490814,6.411197101623228
2025-05-07,3.3700000000000045,3.4599999999999937,8.99999999999892,0.9035470271841839,0.9696142333546542,6.88777027131018,6.418453997976307
2025-05-08,3.444999999999993,3.519999999999996,7.500000000000284,0.896417103652207,0.9705306543719433,7.053897593838916,6.515234137164156
2025-05-09,3.4650000000000034,3.549999999999997,8.499999999999375,0.8991903194234431,0.9693514483784649,6.9601699345088255,6.456396632121105
2025-05-12,3.61,3.6700000000000017,6.000000000000183,0.8904485113079785,0.9728485961765142,7.523621804521428,6.886372516556327
2025-05-13,3.5799999999999983,3.6599999999999966,7.9999999999998295,0.8858612920903721,0.9739802772152084,7.525359425486445,6.844517060618965
2025-05-14,3.6700000000000017,3.745000000000005,7.500000000000329,0.8822143351545753,0.9756349379806206,7.650952160712834,6.918345593212866
2025-05-15,3.635000000000005,3.7099999999999937,7.499999999998863,0.8819403685878814,0.9761842613613138,7.664967327910156,6.92496732221855
2025-05-16,3.620000000000005,3.700000000000003,7.999999999999785,0.8812111839239837,0.9763122881521216,7.6625863704793975,6.9161854146383845
2025-05-19,3.635000000000005,3.7099999999999937,7.499999999998863,0.8809338635596755,0.9762724940353074,7.664686150985084,6.916185414638381
2025-05-20,3.6850000000000014,3.760000000000005,7.500000000000373,0.8576738014415711,0.9688596273103413,6.67920516298124,5.912703059622211
2025-05-21,3.7150000000000034,3.805000000000007,9.000000000000341,0.8573639049092914,0.9663044293776868,6.5497433484858005,5.811329600370258
2025-05-22,3.6599999999999966,3.765000000000001,10.500000000000442,0.8307987009866424,0.9705467969924705,6.46940189813089,5.537878966560909
2025-05-23,3.629999999999996,3.7150000000000034,8.500000000000751,0.8374255065554467,0.968285642758326,6.495467031247432,5.61762927049226
2025-05-28,3.680000000000007,3.765000000000001,8.49999999999942,0.8440387845370613,0.9748936817753747,6.55307684160301,5.673491495290026
2025-05-29,3.605000000000004,3.700000000000003,9.499999999999886,0.817753935258988,0.9815642454887009,6.509255126268348,5.422945079321306
2025-05-30,3.6500000000000057,3.730000000000004,7.9999999999998295,0.809307543098411,0.9783573312126214,6.073519875505637,5.024079946651525
2025-06-02,3.614999999999995,3.7099999999999937,9.499999999999886,0.8055664899159448,0.9783457758429862,6.101653252504148,5.024079946651525
2025-06-03,3.594999999999999,3.680000000000007,8.500000000000796,0.8106048631965925,0.9756666259127664,5.877313679901386,4.8829988901207795
2025-06-04,3.605000000000004,3.694999999999993,8.99999999999892,0.8124387157331799,0.9754021734679112,5.855565188618701,4.877257803126883
2025-06-05,3.61,3.700000000000003,9.000000000000297,0.804612873591912,0.974116938085363,5.676149941723032,4.688454883584123
2025-06-06,3.655000000000001,3.730000000000004,7.500000000000284,0.8209930660715704,0.97405226055448,5.370631076598149,4.526708733066955
2025-06-09,3.644999999999996,3.730000000000004,8.500000000000796,0.8586417953949522,0.9759068090048378,4.864367272885417,4.279864644975622
2025-06-10,3.530000000000001,3.625,9.499999999999886,0.8685871500243124,0.9786825042104995,5.160777140088094,4.5802236054437575
2025-06-11,3.515000000000001,3.614999999999995,9.999999999999387,0.8669236733287765,0.978965283344732,5.165758170033224,4.574542248314183
2025-06-12,3.469999999999999,3.5600000000000023,9.000000000000341,0.8771280844087908,0.9779891565666486,5.2291182967036045,4.689833710259568
2025-06-13,3.5349999999999966,3.620000000000005,8.50000000000084,0.884906027950694,0.9796053703905531,5.29391865376153,4.782150720883162
2025-06-16,3.4849999999999994,3.5799999999999983,9.499999999999886,0.881072328175641,0.9798562162099078,5.361741868280247,4.821199593176312
2025-06-17,3.5049999999999955,3.5999999999999943,9.499999999999886,0.8810742072114851,0.97980677638343,5.357050354975904,4.817234385665575
2025-06-18,3.4749999999999943,3.5600000000000023,8.500000000000796,0.8906868033081983,0.9798531645494724,5.36367089941595,4.87557836239125
2025-06-19,3.489999999999995,3.5799999999999983,9.000000000000341,0.8914059690759072,0.9795968909132207,5.36367089941595,4.880791578912503
2025-06-20,3.510000000000005,3.5999999999999943,8.99999999999892,0.8882450331126118,0.9797568313130225,5.335200822470712,4.836879396765216
2025-06-23,3.480000000000004,3.575000000000003,9.499999999999886,0.8945187577692685,0.9794290826342504,5.200602308177094,4.749742884753383
2025-06-24,3.4350000000000023,3.530000000000001,9.499999999999886,0.8945922317971919,0.9806260019827048,5.254554674526371,4.793554101034148
2025-06-25,3.4350000000000023,3.5349999999999966,9.999999999999432,0.9209071987368097,0.976166369629915,4.474223749536967,4.220945310039622
2025-06-26,3.390000000000001,3.489999999999995,9.999999999999387,0.9305327984631868,0.9795801928492799,4.51039667445344,4.284561968786132
2025-06-27,3.4099999999999966,3.5049999999999955,9.499999999999886,0.9263301048162287,0.9758120964311476,4.162503667459043,3.9514292481896254
2025-06-30,3.385000000000005,3.4849999999999994,9.999999999999432,0.9238875878219973,0.9754689169486969,4.144654499417411,3.9254914034577375
2025-07-01,3.3700000000000045,3.4549999999999983,8.499999999999375,0.9265640682502356,0.9730109144481146,4.144654499417411,3.946808691914855
2025-07-02,3.4200000000000017,3.530000000000001,10.999999999999943,0.9596428175614626,0.969023909196739,4.260247955656901,4.219004621945821
2025-07-03,3.394999999999996,3.4950000000000045,10.000000000000853,0.9619502996834537,0.9659839252984542,4.1313213493935415,4.114070333944642
2025-07-04,3.4000000000000057,3.4950000000000045,9.499999999999886,0.9470566841585394,0.9665452281837752,4.073357506935923,3.9912260093198046
2025-07-07,3.405000000000001,3.510000000000005,10.500000000000398,0.9627087499324137,0.9668983307327991,3.993853035474158,3.97654762758882
2025-07-08,3.4350000000000023,3.549999999999997,11.499999999999488,0.961193871600453,0.9709193465235983,4.032518679008489,3.99212587045005
2025-07-09,3.430000000000007,3.5450000000000017,11.499999999999488,0.959536474164113,0.9687450401384208,3.8892720117792496,3.852301894329791
2025-07-10,3.430000000000007,3.5400000000000063,10.999999999999943,0.9697869182656487,0.9661983779369923,3.68146179112867,3.695135043338098
2025-07-11,3.4399999999999977,3.5600000000000023,12.000000000000455,0.9940427836447194,0.9674681537988076,3.568540704352496,3.66656217196967
2025-07-14,3.394999999999996,3.530000000000001,13.500000000000512,0.9905108194395071,0.9678173927231545,3.600127711655468,3.6845436717407543
2025-07-15,3.424999999999997,3.5649999999999977,14.000000000000057,0.989975045176825,0.9701722007288828,3.6547874444853337,3.7293877960508195
2025-07-16,3.4399999999999977,3.569999999999993,12.999999999999545,0.9825271407464448,0.9684856108953859,3.6633082843526386,3.7164205371829233
2025-07-17,3.4749999999999943,3.594999999999999,12.000000000000455,0.9724129399393827,0.9677550766731123,3.7332384019128693,3.7512067024009212
2025-07-18,3.5,3.620000000000005,12.0000000000005,0.9911781751057133,0.9704946896240704,3.6589129093435258,3.7368928023281205
2025-07-21,3.469999999999999,3.569999999999993,9.999999999999432,1.0053928307074231,0.9675514926960211,3.6861421131259586,3.8303086517689686
2025-07-22,3.424999999999997,3.5250000000000057,10.000000000000853,1.0447890496404317,0.9615970974822539,3.154498703275331,3.427408122296075
2025-07-23,3.4399999999999977,3.549999999999997,10.999999999999943,1.0525182953077414,0.9616531608202846,3.1643215757067096,3.463313475543957
2025-07-24,3.469999999999999,3.5799999999999983,10.999999999999943,1.0373665480426668,0.9603659783574526,3.1128210954717574,3.3624019876327087
2025-07-25,3.5,3.605000000000004,10.500000000000398,1.0504699976415361,0.9567460558937071,2.9204491073302536,3.206539653851754
2025-07-28,3.519999999999996,3.629999999999996,10.999999999999988,1.079857148116699,0.9578638687346703,2.7937224374428533,3.149530160180138
2025-07-29,3.489999999999995,3.5999999999999943,10.999999999999943,1.0790978741771042,0.9587301164909431,2.826445312304613,3.181303137893616
2025-07-30,3.4849999999999994,3.5849999999999937,9.999999999999432,1.0704141127223048,0.9559793734591162,2.772815490999508,3.104733131219419
2025-07-31,3.469999999999999,3.555000000000007,8.500000000000796,1.0772509721805945,0.9533810556939474,2.7721936208109232,3.1323763517806684
2025-08-01,3.405000000000001,3.5049999999999955,9.999999999999432,1.0304765602251575,0.9505038340786138,2.9802510887044886,3.23100105479583
2025-08-04,3.4099999999999966,3.4849999999999994,7.500000000000284,1.0290326866861517,0.9397487004018854,2.9411859364283295,3.220623199491574
2025-08-05,3.405000000000001,3.4749999999999943,6.999999999999318,1.0333763996554672,0.9356449458212843,2.8296460117343636,3.12521263644386
2025-08-06,3.4000000000000057,3.4749999999999943,7.499999999998863,1.0321007137477134,0.9355045971731278,2.830509072445351,3.122775070018802
2025-08-07,3.4749999999999943,3.530000000000001,5.500000000000682,0.9775664090610987,0.9312932108948317,3.0305437469698866,3.1811224795479283
2025-08-08,3.489999999999995,3.555000000000007,6.500000000001194,0.9850868361440271,0.9300110788765453,3.022140521771418,3.2011133120809387
2025-08-11,3.450000000000003,3.515000000000001,6.499999999999817,0.9900426742532696,0.9335106572738687,3.081321182526169,3.267921410442424
2025-08-12,3.4749999999999943,3.549999999999997,7.500000000000284,0.9895335198051746,0.9351453501989887,3.0910047468140305,3.270777966439701
2025-08-13,3.450000000000003,3.5250000000000057,7.500000000000284,0.9411539931219559,0.9383940266698658,3.004020294710688,3.0128555973651836
2025-08-14,3.4950000000000045,3.5649999999999977,6.999999999999318,0.9284841075795109,0.9411683506266854,3.0663168216239263,3.024991688028837
2025-08-15,3.519999999999996,3.5900000000000034,7.000000000000739,0.9305555555556154,0.9424596463068423,3.0917019082787043,3.052651005424548
2025-08-18,3.575000000000003,3.6500000000000057,7.500000000000284,0.9460919413516122,0.9490785320415691,3.2289993467959155,3.2188382283410784
2025-08-19,3.5900000000000034,3.6599999999999966,6.999999999999318,0.9346491351033673,0.9495817135882488,3.2015172408839843,3.151172013310519
2025-08-20,3.5250000000000057,3.5999999999999943,7.499999999998863,0.9310561863032842,0.9556642675049136,3.4453450188405994,3.3566283712959395
2025-08-21,3.575000000000003,3.6500000000000057,7.500000000000284,0.936183805243176,0.958452647919249,3.5488787285400623,3.4664235104821963
2025-08-22,3.5450000000000017,3.625,7.9999999999998295,0.9306910973910336,0.9608019491229047,3.603518395621887,3.4905866845416873
2025-08-26,3.5999999999999943,3.674999999999997,7.500000000000284,0.9484373961771865,0.9645962920264795,3.6019231772362197,3.5415838394643133
2025-08-27,3.5849999999999937,3.655000000000001,7.000000000000739,0.9452840252467731,0.9650016816303809,3.595814936487982,3.522342480754095
2025-08-28,3.569999999999993,3.640000000000001,7.000000000000783,0.9466743119266913,0.9660427516711038,3.6096932082200657,3.537321540115021
2025-08-29,3.575000000000003,3.644999999999996,6.999999999999318,0.952240832956169,0.9661171679271855,3.5630608048206898,3.511884584284344
2025-09-01,3.5849999999999937,3.6700000000000017,8.500000000000796,0.9539405877099348,0.9621400874884984,3.5420706328099736,3.5118845842843434
2025-09-02,3.614999999999995,3.7049999999999983,9.000000000000341,0.9394094040688206,0.9660874995104825,3.5196084552347124,3.4224159645611354
2025-09-03,3.5900000000000034,3.674999999999997,8.499999999999375,0.941210752531602,0.964208209441817,3.4400030072157923,3.3579550427255787
2025-09-04,3.5799999999999983,3.6599999999999966,7.9999999999998295,0.9401974066190232,0.9657689259912101,3.4464707919172626,3.355215531730945
2025-09-05,3.5250000000000057,3.594999999999999,6.999999999999318,0.9575299108847396,0.9674398716883122,3.577909554699148,3.5412592733913084
2025-09-08,3.5,3.5600000000000023,6.000000000000227,0.9661705006766792,0.9667266265589253,3.569506872152394,3.567453452805163
2025-09-09,3.515000000000001,3.575000000000003,6.000000000000183,0.9630628384963192,0.9670153234911805,3.5610036684108017,3.546448766100437
2025-09-10,3.5450000000000017,3.605000000000004,6.000000000000227,0.9656888363744707,0.9670081140719441,3.556158653352586,3.551307028291976
2025-09-11,3.5400000000000063,3.5900000000000034,4.999999999999716,0.9656888363744706,0.967008114071944,3.556158653352586,3.551307028291976
2025-09-12,3.575000000000003,3.629999999999996,5.4999999999993054,0.9653812738088212,0.969537101289246,3.591536987284522,3.5761422096232325
2025-09-15,3.549999999999997,3.605000000000004,5.500000000000682,0.9938011899724332,0.9709730075350271,3.3974720148887974,3.477348705981124
2025-09-16,3.5649999999999977,3.625,6.000000000000227,0.9956067412942119,0.9786645913477158,3.4025429976082946,3.461446113317728
2025-09-17,3.549999999999997,3.61,6.000000000000272,0.994046594012212,0.9790829341306537,3.4177108020479654,3.469944847022697
2025-09-18,3.555000000000007,3.629999999999996,7.4999999999989075,0.9955587357201633,0.9762390912243213,3.412662357722294,3.480198501406984
2025-09-19,3.5799999999999983,3.655000000000001,7.500000000000284,1.0438243601814943,0.9819519453403296,3.173570815995282,3.373536293926098
2025-09-22,3.575000000000003,3.644999999999996,6.999999999999318,1.0415605960928225,0.9826816333055926,3.169584257882269,3.3594950359468516
2025-09-23,3.5649999999999977,3.640000000000001,7.500000000000329,1.0414325202758188,0.9812247694612425,3.07572064259153,3.2644462310477578
2025-09-24,3.549999999999997,3.629999999999996,7.999999999999874,1.030691708657818,0.9815752957030397,3.067488020941583,3.2209800750203197
2025-09-25,3.605000000000004,3.6850000000000014,7.999999999999741,1.0283470434807571,0.9825651368311509,3.1663187951694804,3.313851112437372
2025-09-26,3.629999999999996,3.7150000000000034,8.500000000000751,1.0406387368799035,0.9827068473479316,3.099916572848431,3.2826608214931148
2025-09-29,3.605000000000004,3.680000000000007,7.500000000000284,1.0508544612024608,0.9820355439518357,3.1202435065599476,3.338903392143764
2025-09-30,3.605000000000004,3.6850000000000014,7.999999999999741,1.046026750590115,0.9796031095891423,2.9606616222355937,3.1614142768522324
2025-10-01,3.575000000000003,3.6500000000000057,7.500000000000284,1.0536996266871153,0.9807605271543662,3.001005578594952,3.224190177215141
2025-10-02,3.594999999999999,3.674999999999997,7.9999999999998295,1.0819153741906482,0.9798691334740376,2.7628487713468495,3.0505793683755216
2025-10-03,3.5799999999999983,3.6500000000000057,7.000000000000739,1.0986724374713637,0.9774289421393352,2.6277147975894986,2.95366516907955
2025-10-06,3.5999999999999943,3.674999999999997,7.500000000000284,1.115019949375741,0.9786107828203893,2.5880472379279738,2.948796754415193
2025-10-07,3.61,3.6899999999999977,7.999999999999785,1.1535448885317683,0.9795257537873228,2.3922768455483827,2.8172804201066577
2025-10-08,3.5999999999999943,3.680000000000007,8.00000000000125,1.1499924092909557,0.9793908148347606,2.3829494908331346,2.798039132768668
2025-10-09,3.620000000000005,3.7049999999999983,8.49999999999933,1.1539235412473912,0.979670925664445,2.390113737494698,2.815239725608217
2025-10-10,3.575000000000003,3.655000000000001,7.9999999999998295,1.1501340482572802,0.9817392896724506,2.5359484385055273,2.970931971891659
2025-10-13,3.555000000000007,3.625,6.999999999999318,1.1498414376320463,0.9845222908927053,2.554239207872767,2.983142291449282
2025-10-14,3.480000000000004,3.555000000000007,7.500000000000284,1.0978649615258562,0.9825461211722863,2.8203386932827312,3.1513543886331155
2025-10-15,3.4599999999999937,3.519999999999996,6.000000000000227,1.1045004369355202,0.9799491179852271,2.8092621848074084,3.1663187951693144
2025-10-16,3.430000000000007,3.4849999999999994,5.499999999999261,1.1053191489360799,0.9806615519531326,2.8466556300090478,3.208510593699788
2025-10-17,3.450000000000003,3.4950000000000045,4.5000000000001705,1.0833819241981524,0.9759546685477216,2.718867664913222,3.0181443640584353
2025-10-20,3.430000000000007,3.4749999999999943,4.4999999999987494,1.073693297755376,0.9763166091588187,2.706102087088978,2.976005577179139
2025-10-21,3.4399999999999977,3.4749999999999943,3.499999999999659,1.0681683461765763,0.9739138698698783,2.6965814885031825,2.957554130828486
2025-10-22,3.344999999999999,3.4099999999999966,6.499999999999773,0.9530878859856943,0.9583809967454343,3.110974271758003,3.0937924500743135
2025-10-23,3.344999999999999,3.4200000000000017,7.500000000000284,0.9559726051765036,0.9588910471834012,3.113236479824548,3.1037611591957717
2025-10-24,3.364999999999995,3.4399999999999977,7.500000000000284,0.9470088626292017,0.957376476381687,3.055802846140893,3.022710970171399
2025-10-27,3.3700000000000045,3.4350000000000023,6.499999999999773,0.9417566058801218,0.9548769476467681,3.0439312149553146,3.0021065401081524
2025-10-28,3.3349999999999937,3.4099999999999966,7.500000000000284,0.9288254046100572,0.9537521209358477,3.0618152530285676,2.9817934123648393
2025-10-29,3.3349999999999937,3.4150000000000063,8.00000000000125,0.9298611323993317,0.9534168877960176,3.0616744723619576,2.9860306948094606
2025-10-30,3.3599999999999994,3.4399999999999977,7.9999999999998295,0.9254210104249628,0.9586402862691128,3.110466202999203,3.0026807945604737
2025-10-31,3.3499999999999943,3.430000000000007,8.00000000000125,0.9228208605596587,0.9570462696475244,3.053356924066952,2.9441643038857497
2025-11-03,3.3799999999999955,3.4549999999999983,7.500000000000284,0.9201795300536003,0.9591375866275391,3.129806648208945,3.0026807945604186
2025-11-04,3.355000000000004,3.430000000000007,7.500000000000284,0.921684650191357,0.9600440876290133,3.1475222877248252,3.0217601630105437
2025-11-05,3.405000000000001,3.4849999999999994,7.9999999999998295,0.9394161923994018,0.9640009988621916,3.3100769168408397,3.225660406408247
2025-11-06,3.375,3.450000000000003,7.500000000000284,0.9365671641790092,0.9595412308311688,3.1396610110596024,3.064488856892981
2025-11-07,3.385000000000005,3.4599999999999937,7.499999999998863,0.9287789391714678,0.9588282000490403,3.097505485045231,3.000431003521768
2025-11-10,3.390000000000001,3.4650000000000034,7.50000000000024,0.9223382800035029,0.9603844438575658,3.0897029578612227,2.9673026568702947
2025-11-11,3.305000000000007,3.385000000000005,7.9999999999998295,0.9230194319879611,0.9674204347765956,3.396245391402199,3.240370349203655
2025-11-12,3.3149999999999977,3.405000000000001,9.000000000000341,0.9252919453038443,0.9662693472778372,3.393536791317112,3.249624204621602
2025-11-13,3.3400000000000034,3.4350000000000023,9.499999999999886,0.9266483720239548,0.9665793930415769,3.409292575017437,3.268448962533772
2025-11-14,3.4399999999999977,3.5649999999999977,12.5,1.0112600933401912,0.969721316055623,3.939047087053242,4.107779275315408
2025-11-17,3.4000000000000057,3.515000000000001,11.499999999999533,1.0179421457341122,0.9693282754798624,3.9617423312035456,4.160432117256216
2025-11-18,3.3799999999999955,3.510000000000005,13.000000000000966,1.0128525264394261,0.9672228310118867,3.956080726254614,4.1427127544056725
2025-11-19,3.4000000000000057,3.530000000000001,12.999999999999545,1.0115648717021404,0.9676257687101695,3.9877686555985723,4.168850002677685
2025-11-20,3.385000000000005,3.515000000000001,12.99999999999959,1.009959465160159,0.9671370169280967,3.958150328497901,4.133407489138071
2025-11-21,3.3599999999999994,3.4849999999999994,12.5,1.0072742993552224,0.966170082553564,3.9099416463881496,4.0762840865206424
2025-11-24,3.385000000000005,3.515000000000001,12.99999999999959,1.0058710582674288,0.9679091430568567,3.9451701884825794,4.099901877154782
2025-11-25,3.3499999999999943,3.4650000000000034,11.50000000000091,1.0242686978364308,0.9635968902706695,3.7663055467213726,4.00344679081604
2025-11-26,3.319999999999993,3.424999999999997,10.500000000000398,1.0249117458279353,0.9654272092456778,3.7850279763310755,4.018241452154749
2025-11-27,3.3599999999999994,3.4650000000000034,10.500000000000398,1.0185242960766958,0.9662419156630999,3.8388516003090762,4.046568008038049
2025-11-28,3.344999999999999,3.444999999999993,9.999999999999432,1.0269727911231208,0.9675848246461789,3.8217842014900367,4.056355875475512
2025-12-01,3.355000000000004,3.4650000000000034,10.999999999999943,1.0287067179638343,0.9670342886782174,3.8163667502500473,4.05975481961673
2025-12-02,3.344999999999999,3.4599999999999937,11.499999999999488,1.032127242873186,0.9687360670838888,3.8112431977825945,4.060639494395837
2025-12-03,3.3299999999999983,3.4350000000000023,10.500000000000398,1.1225552167768884,0.9789461785735452,3.404738077930642,3.9042049244312182
2025-12-04,3.3149999999999977,3.4200000000000017,10.500000000000398,1.122117090478919,0.9798918973079845,3.4149771544649816,3.9106397748034514
2025-12-05,3.3799999999999955,3.4950000000000045,11.50000000000091,1.125572443087472,0.9821269003777112,3.603996823451532,4.130382242754717
2025-12-08,3.444999999999993,3.5849999999999937,14.000000000000057,1.1496251874062227,0.9840180452076533,3.7914377220258206,4.429524766289372
2025-12-09,3.424999999999997,3.549999999999997,12.5,1.1698136341343128,0.984332023883942,3.749942528295233,4.456559159287373
2025-12-10,3.444999999999993,3.575000000000003,13.000000000000966,1.170334578528443,0.9845719695598149,3.762183274178134,4.472007443499062
2025-12-11,3.405000000000001,3.530000000000001,12.5,1.172519624623699,0.9853307794156736,3.8217842014899603,4.547830100244314
2025-12-12,3.375,3.510000000000005,13.500000000000512,1.1626964991802098,0.9838718260544084,3.8597912515765334,4.5613317272958085
2025-12-15,3.355000000000004,3.4849999999999994,12.999999999999545,1.1726022050931517,0.9850003222497526,3.837391654840984,4.568256288480343
2025-12-16,3.390000000000001,3.515000000000001,12.5,1.1638397412448502,0.9837350465759417,3.8633631349697506,4.57067740647073
2025-12-17,3.3149999999999977,3.4549999999999983,14.000000000000057,1.128951927241208,0.9793193867410523,3.9905059743138285,4.600224882059206
2025-12-18,3.355000000000004,3.480000000000004,12.5,1.1073120712820645,0.9752250539664918,4.031627833581093,4.57768199133499
2025-12-19,3.364999999999995,3.5049999999999955,14.000000000000057,1.1107064564033449,0.9743143427859912,4.031627833581081,4.596006512404922
2025-12-22,3.364999999999995,3.519999999999996,15.500000000000114,1.111278195488699,0.973156794025131,4.0302377215189145,4.602254569929422
2025-12-23,3.364999999999995,3.510000000000005,14.500000000001023,1.137506284565067,0.9700095071346002,3.703679437979299,4.343213757936159
2025-12-24,3.375,3.519999999999996,14.499999999999602,1.1354952237304736,0.9702475277047452,3.70367943797931,4.334471556967518
2025-12-29,3.344999999999999,3.480000000000004,13.500000000000512,1.141093986599965,0.970339046378897,3.721983465780114,4.3769576900729685
2025-12-30,3.344999999999999,3.469999999999999,12.5,1.089542246645589,0.9594566289842861,3.209585141667051,3.6447490177375106
2025-12-31,3.3299999999999983,3.450000000000003,12.000000000000455,1.0824700267721303,0.9577022956356036,3.1424055504786588,3.551792489019766
2026-01-02,3.3499999999999943,3.489999999999995,14.000000000000057,1.106360792492115,0.9590537085985567,3.149712630570153,3.633496780041817
2026-01-05,3.3349999999999937,3.4749999999999943,14.000000000000057,1.1078376876041718,0.958844192211335,3.1340271914554596,3.6210194157439974
2026-01-06,3.319999999999993,3.4549999999999983,13.500000000000512,1.1100904010999715,0.9588311714628646,3.1340271914554596,3.628431788166736
2026-01-07,3.299999999999997,3.4099999999999966,10.999999999999943,1.1227015558698206,0.9531326850081185,3.1227750700188897,3.6783382679944854
2026-01-08,3.299999999999997,3.4200000000000017,12.000000000000455,1.121545958052069,0.9506413107162539,3.081321182526319,3.6352757646507436
2026-01-09,3.2750000000000057,3.385000000000005,10.999999999999943,1.1144048170448952,0.9499983447463866,3.050579368375552,3.5785118592001846
2026-01-12,3.2849999999999966,3.4000000000000057,11.50000000000091,1.1086674472326465,0.9488257714185232,3.0134278034219837,3.5210777477565784
2026-01-13,3.2900000000000063,3.4150000000000063,12.5,1.1196049249086377,0.9458915585432193,2.9146873415257257,3.449970847786102
2026-01-14,3.269999999999996,3.385000000000005,11.50000000000091,1.1235501765002087,0.9457991803960444,2.923596037947667,3.473048943726014
2026-01-15,3.305000000000007,3.4350000000000023,12.999999999999545,1.1338885329916095,0.9486366712922085,2.9952068989998293,3.5801175091481605
2026-01-16,3.325000000000003,3.469999999999999,14.499999999999602,1.1447700859019079,0.9489946759112221,3.0164301043970227,3.6387126686585516
2026-01-19,3.3149999999999977,3.4549999999999983,14.000000000000057,1.1415246978204412,0.9492466863823871,3.0096110414287214,3.6192334236287618
2026-01-20,3.319999999999993,3.480000000000004,16.00000000000108,1.145386557576084,0.9453036524579423,2.9985149581122634,3.6331804249168536
2026-01-21,3.3100000000000023,3.4749999999999943,16.499999999999204,1.1476438188493698,0.935521738746397,2.7409202246984434,3.362401987632603
2026-01-22,3.3299999999999983,3.5049999999999955,17.499999999999716,1.1023043211912147,0.9200066557525414,2.469410558361493,2.958719822576201
2026-01-23,3.375,3.5600000000000023,18.500000000000227,1.0978813559321652,0.9301905553619957,2.6041522988109764,3.0736178091593533
2026-01-26,3.390000000000001,3.569999999999993,17.99999999999922,1.0894347212118034,0.9273915845449181,2.591376060138269,3.0441672133751587
2026-01-27,3.394999999999996,3.5799999999999983,18.500000000000227,1.083070939062709,0.921391397140822,2.4911337030431024,2.928261027244313
2026-01-28,3.4000000000000057,3.5799999999999983,17.99999999999926,1.1001218026795758,0.9213306319793695,2.428577465461539,2.8998612729402544
2026-01-29,3.3700000000000045,3.5400000000000063,17.00000000000017,1.109550163189902,0.9236250823421539,2.4647515087733587,2.9609042576530555
2026-01-30,3.375,3.555000000000007,18.000000000000682,1.1341556266178077,0.9228465907849067,2.3793290853835933,2.9241365755797286
2026-02-02,3.3700000000000045,3.5450000000000017,17.499999999999716,1.3040640298389468,0.930133722030633,1.9230154720510015,2.6961019115086806
2026-02-03,3.385000000000005,3.555000000000007,17.00000000000017,1.4039278131632789,0.948509502532357,1.802297384470503,2.667654271142374
2026-02-04,3.375,3.5450000000000017,17.00000000000017,1.390613973182581,0.949880819198071,1.804846604110212,2.6422734898949813
2026-02-05,3.299999999999997,3.5,20.000000000000284,1.103621449695767,0.907497717106285,2.269297830536719,2.759726789742519
2026-02-06,3.2849999999999966,3.480000000000004,19.50000000000074,1.109920459566822,0.9114975641014409,2.280854850834488,2.777371617815636
2026-02-09,3.299999999999997,3.489999999999995,18.999999999999773,1.1025430680884758,0.9099539831239194,2.2922282488504613,2.777371617815636
2026-02-10,3.305000000000007,3.489999999999995,18.499999999998806,1.0822028052424666,0.9035368432973092,2.2358109434192177,2.677921650798597
2026-02-11,3.299999999999997,3.480000000000004,18.000000000000682,1.0849560572116688,0.906173949362503,2.23664619618237,2.6779216507985777
2026-02-12,3.2750000000000057,3.4399999999999977,16.499999999999204,1.1030309821277535,0.907038238176811,2.26473463975498,2.754098304575253
2026-02-13,3.265000000000001,3.4099999999999966,14.499999999999558,1.0875815484093616,0.8998160227731944,2.2309860713539145,2.696528206382469
2026-02-16,3.2549999999999955,3.385000000000005,13.000000000000966,1.0957916763542497,0.8962744281010286,2.223438364542634,2.718392019634737
2026-02-17,3.2349999999999994,3.364999999999995,12.999999999999545,1.0905011219146705,0.8965237271318687,2.234846802330193,2.7183920196347673
2026-02-18,3.2450000000000045,3.3799999999999955,13.49999999999909,1.0642852987374993,0.9036365990446827,2.222468856045563,2.617579824557637
2026-02-19,3.239999999999995,3.375,13.500000000000512,1.0631542219120038,0.9054268477257322,2.222921345964667,2.6101591971530893
2026-02-20,3.25,3.375,12.5,1.0386574767754664,0.8981053445545971,2.189643859143715,2.5323198214603746
2026-02-23,3.239999999999995,3.3400000000000034,10.000000000000853,1.0506945697275,0.8861851232392671,2.185966211052424,2.5917641442288764
2026-02-24,3.25,3.344999999999999,9.499999999999886,1.0419455066920658,0.8871872808246519,2.1929877797880386,2.5755258362775937
2026-02-25,3.2549999999999955,3.355000000000004,10.000000000000853,1.0324949513492798,0.8841596205269483,2.1669540039357282,2.530503561716947
2026-02-26,3.2249999999999943,3.3349999999999937,10.999999999999943,0.9672694854813682,0.8702654970074032,2.124298396685675,2.3610829387546874
2026-02-27,3.200000000000003,3.2849999999999966,8.499999999999375,0.9769304710028419,0.8637824875999602,2.1175918875692714,2.3949779832453975
2026-03-02,3.344999999999999,3.4099999999999966,6.499999999999773,0.9150203370133669,0.9329814002775809,3.445136501975109,3.3788132991251723
2026-03-03,3.5,3.569999999999993,6.999999999999318,0.9688861774446499,0.9646081430373916,4.44778131439594,4.467507212042866
2026-03-04,3.405000000000001,3.4849999999999994,7.9999999999998295,0.9559318664662061,0.9684849193681878,4.809264287654171,4.746928831711379
2026-03-05,3.5,3.594999999999999,9.499999999999886,0.9793878548265119,0.971373247785247,5.08671924168006,5.128688748194945
2026-03-06,3.614999999999995,3.739999999999995,12.5,1.0173545966228712,0.9717618072253215,5.422812605256033,5.677238279547315
2026-03-09,3.769999999999996,3.8400000000000034,7.000000000000739,0.9429620793571014,0.9620254528989133,6.051123197723106,5.9312149130533856
2026-03-10,3.614999999999995,3.700000000000003,8.500000000000796,0.9320271891243463,0.9687329403789076,6.781991027629747,6.525018166178917
2026-03-11,3.8299999999999983,3.890000000000001,6.000000000000272,0.9232732189445927,0.9753424100193,7.769007096429258,7.354254379015148
2026-03-12,3.9350000000000014,4.0,6.4999999999998614,0.9283418119093543,0.9759184046813516,7.893344351887341,7.50853920010674
2026-03-13,3.9599999999999937,4.025000000000006,6.500000000001194,0.929466672206288,0.9763814629767414,7.889703023124755,7.510605528337793
2026-03-16,3.9200000000000017,3.9599999999999937,3.999999999999204,0.9371649250340717,0.9753559257661514,7.952806198869793,7.641406412043723
2026-03-17,3.885000000000005,3.905000000000001,1.999999999999602,0.9423903312443995,0.9750147405588607,8.012203336089932,7.7441115931923195
2026-03-18,3.9650000000000034,3.950000000000003,-1.5000000000000568,0.9345302066632567,0.9732070840136862,8.077142433129266,7.756143282630176
2026-03-19,4.420000000000002,4.224999999999994,-19.50000000000074,0.7754402678604365,0.9582368584532511,11.147702201252743,9.02112781898332
2026-03-20,4.625,4.420000000000002,-20.49999999999983,0.7919197528721621,0.959468265105575,11.509316565986483,9.499485769506496
2026-03-23,4.439999999999998,4.280000000000001,-15.999999999999659,0.7866246434158407,0.9633147762805016,12.242943076418067,9.997355972294901
2026-03-24,4.435000000000002,4.260000000000005,-17.499999999999716,0.7878221861579503,0.9632308919696175,12.253594358907229,10.022159356192573
2026-03-25,4.364999999999995,4.209999999999994,-15.500000000000114,0.7854651260763785,0.9636603226190698,12.388363561186665,10.097569981942659
2026-03-26,4.480000000000004,4.329999999999998,-15.000000000000568,0.7885753482363993,0.9629048443693998,12.416259732589639,10.168352978671138
2026-03-27,4.469999999999999,4.319999999999993,-15.000000000000568,0.7863311270128516,0.963382789263229,12.416259732589639,10.134384398000527
2026-03-30,4.409999999999997,4.254999999999996,-15.500000000000025,0.7882268169392107,0.9640810659380292,12.519054442645876,10.235502784005247
2026-03-31,4.359999999999999,4.215000000000003,-14.499999999999602,0.787720301816888,0.9643755687841218,12.57923165243083,10.274955603002736
2026-04-01,4.230000000000004,4.129999999999996,-10.000000000000764,0.781870826117624,0.9653619754728603,12.939303486379924,10.479865753285978
2026-04-02,4.269999999999996,4.150000000000006,-11.999999999999034,0.7817126409871501,0.9650850759035462,12.920001423436798,10.465117207223209
2026-04-07,4.405000000000001,4.275000000000006,-12.999999999999545,0.7853257149810113,0.9654846251012823,13.039826262857853,10.6066017177982
2026-04-08,4.084999999999994,3.985,-9.999999999999387,0.8053941016300787,0.9728284385210111,14.57529992199453,12.066732552052349
2026-04-09,4.140000000000001,4.060000000000002,-7.9999999999998295,0.8066450716259542,0.9718060325464273,14.579114332244112,12.101355960881211
2026-04-10,4.165000000000006,4.064999999999998,-10.000000000000853,0.8070250461461842,0.9716046231289115,14.572016955827406,12.103670954496158
2026-04-13,4.239999999999995,4.125,-11.499999999999488,0.8075667206577767,0.9715819263230933,14.548185888408208,12.092269783036935
2026-04-14,4.129999999999996,4.025000000000006,-10.499999999999066,0.8072831618498009,0.973123999730307,14.748115016900494,12.234725405464852
2026-04-15,4.129999999999996,4.010000000000005,-11.999999999999122,0.8063065553279799,0.9723833553555318,14.598466696371215,12.105142822727098
2026-04-16,4.1200000000000045,4.015000000000001,-10.500000000000398,0.7975225836467255,0.972469340421243,14.405897579028979,11.814283679113846
2026-04-17,3.985,3.870000000000005,-11.499999999999488,0.8050965498854664,0.9720839641176849,14.5345802481017,12.037787725879468
2026-04-20,4.049999999999997,3.9549999999999983,-9.499999999999886,0.803245935738134,0.9718720042869538,14.490980151360663,11.976701520466541
2026-04-21,4.165000000000006,4.049999999999997,-11.50000000000091,0.7953089933767561,0.9751093465486849,14.490980151360697,11.818989201582658
2026-04-22,4.230000000000004,4.1200000000000045,-10.999999999999943,0.8016875024625792,0.974742377578013,14.290057632019538,11.753013797887508
2026-04-23,4.275000000000006,4.170000000000002,-10.500000000000398,0.7983580047269524,0.9731483310406192,13.929997400796951,11.427985411904992
2026-04-24,4.299999999999997,4.200000000000003,-9.999999999999432,0.7908714062281426,0.9711582793945959,13.445761627633031,10.94967589926074
2026-04-27,4.314999999999998,4.209999999999994,-10.500000000000398,0.7856806040914385,0.9716155720512678,13.339553146973168,10.786805477702565
2026-04-28,4.375,4.269999999999996,-10.500000000000398,0.7869104280031698,0.9715527437720143,13.365990896438637,10.825801979795681
2026-04-29,4.504999999999996,4.390000000000001,-11.499999999999577,0.7877131230251013,0.9729755307462309,13.48968315877509,10.921138419039325
2026-04-30,4.409999999999997,4.295000000000002,-11.499999999999488,0.7891396824658856,0.9740112996980507,13.617148164646427,11.032553710692339
2026-05-01,4.390000000000001,4.267499999999998,-12.250000000000227,0.7919681874479055,0.9743153077296378,13.581226477887798,11.039444040015995
2026-05-05,4.459999999999994,4.385000000000005,-7.499999999998863,0.9181246555931718,0.985337213215493,10.807830281897541,10.070598493783358
2026-05-06,4.305000000000007,4.230000000000004,-7.500000000000284,0.9239466056125072,0.9841222493197826,10.461533260517841,9.821846983175917
2026-05-07,4.290000000000006,4.204999999999998,-8.500000000000796,0.9417059954553468,0.9843544078099493,9.931663054820374,9.501361064024872
2026-05-08,4.319999999999993,4.224999999999994,-9.499999999999886,0.9404028652580301,0.9847490139889034,9.952198971474445,9.50402213705395
2026-05-11,4.405000000000001,4.340000000000003,-6.499999999999773,0.9531120665869676,0.983783475694166,9.999080417488567,9.68733917182049
2026-05-12,4.469999999999999,4.454999999999998,-1.5000000000000568,0.9617255246207053,0.9792728790712728,9.843546225768982,9.667162095905274
2026-05-13,4.420000000000002,4.430000000000007,1.0000000000005116,0.958409318195197,0.9787570587999569,9.884098456553874,9.678614297131865
2026-05-14,4.364999999999995,4.359999999999999,-0.49999999999954525,0.9600364269736543,0.9781718109288615,9.874339785874131,9.691268732997482
2026-05-15,4.444999999999993,4.510000000000005,6.500000000001194,0.9789866222973476,0.9718006071873394,9.939197335708812,10.01269309369406
2026-05-18,4.405000000000001,4.5,9.499999999999886,0.9929272539562795,0.972386035855798,9.656231982090864,9.860215544029208
2026-05-19,4.390000000000001,4.480000000000004,9.000000000000341,0.9972548874132948,0.973506626396693,9.641326278774809,9.876522143709032
2026-05-20,4.265000000000001,4.334999999999994,6.999999999999318,1.0183035770062239,0.9737117403651171,9.591603128503221,10.030857562954392
2026-05-21,4.284999999999997,4.319999999999993,3.499999999999659,1.0728140550421765,0.9615462047694372,7.522762393096498,8.393278646439896
2026-05-22,4.2450000000000045,4.275000000000006,3.0000000000001137,1.0706658723248559,0.9615778702694548,7.512231405491523,8.364470564004257
2026-05-26,4.200000000000003,4.209999999999994,0.9999999999990905,1.0799451781458684,0.9631260632332047,7.551756285030899,8.467720995083448
2026-05-27,4.155000000000001,4.159999999999997,0.49999999999954525,1.0930784266197975,0.9645953460430271,7.464494501365658,8.458757279449848
2026-05-28,4.125,4.125,0.0,1.106008885249743,0.9636141979072177,7.206897239179332,8.271871044371707
2026-05-29,4.079999999999998,4.084999999999994,0.49999999999954525,1.1044352195761742,0.964737970814345,7.253219657662218,8.303509851988592
2026-06-01,4.234999999999999,4.2450000000000045,1.0000000000005116,1.0920273844276256,0.9684575925271656,7.793325319799556,8.787710200883756
2026-06-02,4.215000000000003,4.215000000000003,0.0,1.0931183115339365,0.9645655534631886,7.3575358193713045,8.338113571488384
2026-06-03,4.260000000000005,4.269999999999996,0.9999999999990905,1.0897278823833343,0.9642189125323939,7.312719198011374,8.264590024669493
2026-06-04,4.230000000000004,4.260000000000005,3.0000000000001137,1.111294902863549,0.9652266296961652,7.048701682033138,8.115385558223656
2026-06-05,4.224999999999994,4.269999999999996,4.5000000000001705,1.1140934005440108,0.9642817043943032,6.948682997683584,8.028236805606856
2026-06-08,4.260000000000005,4.314999999999998,5.499999999999261,1.1160414459389651,0.9642804131501651,6.928638717869254,8.019086427171173
2026-06-09,4.224999999999994,4.269999999999996,4.5000000000001705,1.1193268283950037,0.9642880750337359,6.939082220939899,8.054751578323812
2026-06-10,4.254999999999996,4.299999999999997,4.500000000000082,1.1187847271691653,0.9646044863776247,6.957506489520715,8.069578889154014
2026-06-11,4.234999999999999,4.275000000000006,4.000000000000625,1.125518368541792,0.9643532356516993,6.864367431153701,8.011557743115153
2026-06-12,4.129999999999996,4.159999999999997,3.000000000000025,1.1628365716540627,0.96718489019684,6.6107931601961125,7.948089483441033
2026-06-15,4.060000000000002,4.069999999999993,0.9999999999990905,1.1759772758014935,0.9666756380588564,6.518320776636063,7.9296475548937355
2026-06-16,4.084999999999994,4.099999999999994,1.5000000000000568,1.1735829722254476,0.9670498655887729,6.550182062925427,7.949106253528735
2026-06-17,4.055000000000007,4.040000000000006,-1.5000000000000568,1.1574232894988152,0.9645060753492836,6.3803983228807635,7.6565838245311815
2026-06-18,4.060000000000002,4.064999999999998,0.49999999999954525,1.189987097215258,0.9605823980456244,5.799053628697182,7.183974022685771
2026-06-19,4.109999999999999,4.174999999999997,6.499999999999773,1.2147041302621493,0.9577321199501685,5.893304207552731,7.474554536375029
2026-06-22,4.060000000000002,4.125,6.499999999999773,1.2215759293435564,0.959880594205121,5.905773524233772,7.515883563968349
2026-06-23,4.030000000000001,4.064999999999998,3.499999999999659,1.2232444865377137,0.9536568403576711,5.644267766565431,7.239836316178698
2026-06-24,4.010000000000005,4.010000000000005,0.0,1.1978614795622775,0.947647362762039,5.451879355391781,6.891378088163912
2026-06-25,3.980000000000004,3.969999999999999,-1.0000000000005116,1.2122344379670955,0.9516353909284296,5.420162444017732,6.904438019695663
2026-06-26,3.9749999999999934,3.9749999999999934,0.0,1.2101579325197807,0.9504930882140358,5.368490444731387,6.835106302093777
2026-06-29,3.985,3.989999999999995,0.49999999999950084,1.1464872282969913,0.9522955478071818,5.095524292562245,6.134601318206035
2026-06-30,3.985,4.019999999999996,3.4999999999996145,1.164418325096859,0.9551551113810549,5.081066952846665,6.1942687637237155
2026-07-01,3.9599999999999937,4.004999999999996,4.500000000000259,1.1624288762446882,0.954333725228148,5.0850242147277935,6.193828036612609
2026-07-02,3.9350000000000014,3.969999999999999,3.4999999999997478,1.162987843889964,0.9457802916871927,4.643126176366017,5.709464817804566
2026-07-03,3.9350000000000014,3.980000000000004,4.500000000000259,1.1847297297297343,0.9545316658574693,4.611330373774165,5.723414301303802
2026-07-06,3.9350000000000014,3.9749999999999934,3.999999999999204,1.183411726099326,0.9536603109900941,4.584331134857448,5.688766910809281
2026-07-07,3.969999999999999,4.025000000000006,5.500000000000682,1.179340766399662,0.954674479359404,4.6083382698317275,5.692831749958423
2026-07-08,4.135000000000005,4.219999999999999,8.499999999999375,1.1748239900605952,0.9675629296728673,5.525385512113361,6.708974946114099
2026-07-09,4.064999999999998,4.140000000000001,7.500000000000284,1.174456345342396,0.9688699563672599,5.645565852339758,6.843509384055495
2026-07-10,4.055000000000007,4.129999999999996,7.499999999998952,1.1794435502414085,0.9689067176235274,5.589527358547877,6.80409359541539
2026-07-13,4.165000000000006,4.260000000000005,9.499999999999886,1.226942829251692,0.9701424005800289,5.203999346214729,6.581518009573836
2026-07-14,4.140000000000001,4.234999999999999,9.499999999999886,1.2243213208445398,0.9703918782113727,5.210648910545277,6.574156997660236
2026-07-15,4.140000000000001,4.25,10.999999999999943,1.227361947134224,0.9692663597660423,5.1333930433907105,6.500309453288053
2026-07-16,4.165000000000006,4.295000000000002,12.999999999999545,1.2391562523833595,0.9714982447810887,5.1355477385293415,6.550445277485625
2026-07-17,4.165000000000006,4.299999999999997,13.49999999999909,1.2396705020920202,0.9721256218612635,5.135407850707149,6.548756133538045
2026-07-20,4.200000000000003,4.349999999999994,14.999999999999147,1.2420894351464202,0.9722099784383846,5.1354078507071135,6.5609652009301485
2026-07-21,4.204999999999998,4.385000000000005,18.000000000000682,1.2416209762999455,0.9695429628422937,5.098568651969993,6.529354582527149
2026-07-22,4.239999999999995,4.450000000000003,21.000000000000796,1.2543335424439344,0.9698589369739304,5.1097439034281456,6.608510709161617
2026-07-23,4.290000000000006,4.519999999999996,22.999999999998977,1.2538035145653674,0.9706905177287969,5.177010409648606,6.686944734709394
2026-07-24,4.224999999999994,4.439999999999998,21.50000000000034,1.2745054142265757,0.969448749993336,4.938384723587468,6.49234739617675
2026-07-27,4.180000000000007,4.355000000000004,17.499999999999716,1.291709767991655,0.9649189149040903,4.830577890751967,6.466558536837313
2026-07-28,4.140000000000001,4.299999999999997,15.999999999999659,1.2985790001085844,0.9658722200249856,4.8786716205961795,6.5591911472182405
2026-07-29,4.200000000000003,4.420000000000002,21.999999999999886,1.3154928587328996,0.9653117667050608,4.9523302305728185,6.748861121462015
2026-07-30,4.114999999999995,4.325000000000003,21.000000000000796,1.3034452903102463,0.9681863125143957,5.21682181841202,7.023278207618514
2026-07-31,4.129999999999996,4.385000000000005,25.500000000000878,1.2850440901784597,0.9676592508309041,5.144017840193813,6.831216380805059
2026-08-03,4.069999999999993,4.280000000000001,21.000000000000796,1.3166695212810764,0.9663324332465376,5.181088511203231,7.05945603713419
2026-08-04,4.034999999999997,4.204999999999998,17.00000000000017,1.322069311046841,0.9651075909134491,5.191975461749098,7.1123173067056635
2026-08-05,4.004999999999996,4.170000000000002,16.500000000000536,1.3136671291931197,0.968661738053098,5.208552868936655,7.063667765322157
2026-08-06,4.030000000000001,4.224999999999994,19.499999999999318,1.3161310917215654,0.9679005090037369,5.196705410780888,7.066372526951539
2026-08-07,4.034999999999997,4.230000000000004,19.50000000000074,1.3163004598875079,0.9677984308295347,5.195488759325573,7.066372526951536
2026-08-10,4.064999999999998,4.310000000000002,24.500000000000455,1.328663065496211,0.9650008042796031,5.2188870086636205,7.185633815700149
2026-08-11,4.040000000000006,4.265000000000001,22.49999999999943,1.3355527913952592,0.9663688843009203,5.243194823199434,7.246263404909702
2026-08-12,4.060000000000002,4.284999999999997,22.49999999999943,1.3374684608914376,0.9663634974614853,5.228129047119583,7.2358462714715
2026-08-13,4.049999999999997,4.260000000000005,21.000000000000796,1.3380104068417373,0.9654050424129558,5.2072286184745,7.216997815661608
2026-08-14,4.055000000000007,4.305000000000007,25.0,1.3387178834901379,0.961990961225065,5.206759532337613,7.245787519766868
2026-08-17,4.075000000000003,4.329999999999998,25.499999999999545,1.3366872410585258,0.962168213798173,5.214259846529398,7.243883666563988
2026-08-18,4.084999999999994,4.359999999999999,27.50000000000057,1.3385122058146606,0.9614986570290251,5.1839994767278865,7.216699184976214
2026-08-19,4.069999999999993,4.355000000000004,28.50000000000108,1.4402986288446111,0.9565112096484464,4.203207587425362,6.329119893057017
2026-08-20,4.075000000000003,4.359999999999999,28.49999999999966,1.4592802351422383,0.9540294369235598,4.004164498785564,6.124756621953352
2026-08-21,4.069999999999993,4.340000000000003,27.000000000001023,1.4610868745623276,0.9524582448404804,4.000754239235402,6.137223903474576
2026-08-24,4.084999999999994,4.385000000000005,30.000000000001137,1.5911076594504028,0.9550424782241163,3.440963511149008,5.732670036477429
2026-08-25,4.049999999999997,4.305000000000007,25.500000000000966,1.6251433486237195,0.9529770198982758,3.468081055410589,5.914233755909527
2026-08-26,4.049999999999997,4.319999999999993,26.999999999999602,1.625143348623718,0.9529770198982765,3.468081055410589,5.9142337559095175
2026-08-27,4.055000000000007,4.334999999999994,27.999999999998693,1.6274404529479316,0.9522041475695541,3.431430116391616,5.864759355578871
2026-08-28,4.094999999999999,4.415000000000006,32.00000000000074,1.636532048906902,0.9547455699069748,3.522668789752996,6.038216414742383
2026-09-01,4.140000000000001,4.519999999999996,37.999999999999545,1.6817811566656395,0.9570179720775045,3.563705936241251,6.262550616951883
2026-09-02,4.155000000000001,4.564999999999998,40.99999999999966,1.6834532374099498,0.9581684172079976,3.5751376470568874,6.28133524131552
2026-09-03,4.105000000000004,4.454999999999998,34.99999999999943,1.72796985522563,0.9566882797642509,3.6111656347196917,6.522485422900786
2026-09-04,4.094999999999999,4.450000000000003,35.5000000000004,1.7671006257641333,0.9576920460703185,3.461985676975997,6.387937626999525
2026-09-07,4.1200000000000045,4.4950000000000045,37.5,1.8090150510800338,0.9591986353638414,3.324802301615534,6.2704607614527985
2026-09-08,4.1200000000000045,4.510000000000005,39.00000000000006,1.792767503302433,0.9567223353264155,3.2313123201488207,6.055039698228781
2026-09-09,4.159999999999997,4.625,46.50000000000034,1.8481241772706645,0.9549785082806511,3.2369987518595944,6.264408678554855
2026-09-10,4.275000000000006,4.855000000000004,57.99999999999983,1.871038594289211,0.9657901476366729,3.7063552130790436,7.180373153304031
2026-09-11,4.284999999999997,4.819999999999993,53.49999999999966,2.0163344118567608,0.9635282988209942,3.318530349139714,6.944546359405423
2026-09-14,4.344999999999999,4.939999999999998,59.499999999999886,2.0015594635445053,0.9678312654025655,3.4608234353366276,7.157284690295013
2026-09-15,4.310000000000002,4.894999999999996,58.499999999999375,1.996716697936191,0.9639420552463476,3.320780963402556,6.8786902321840975
2026-09-16,4.224999999999994,4.724999999999994,50.0,1.997760358342607,0.9701603540844632,3.652899965906595,7.5220747932603285
2026-09-17,4.230000000000004,4.730000000000004,50.0,2.018747907599539,0.9708232441657767,3.588175023601948,7.461317870712669
2026-09-18,4.25,4.879999999999996,62.99999999999963,2.054410182861175,0.9414628362262614,3.5809200641382484,7.814093515646201
